<?xml version="1.0"?>
<COLLADA xmlns="http://www.collada.org/2005/11/COLLADASchema" version="1.4.1">
	<asset>
		<contributor>
			<author>Assimp</author>
			<authoring_tool>Assimp Exporter</authoring_tool>
		</contributor>
		<created>2021-12-06T17:54:00</created>
		<modified>2021-12-06T17:54:00</modified>
		<unit name="meter" meter="1.000000" />
		<up_axis>Y_UP</up_axis>
	</asset>
	<library_effects>
		<effect id="metal-fx" name="metal">
			<profile_COMMON>
				<technique sid="standard">
					<phong>
					</phong>
				</technique>
			</profile_COMMON>
		</effect>
		<effect id="pipe-fx" name="pipe">
			<profile_COMMON>
				<technique sid="standard">
					<phong>
					</phong>
				</technique>
			</profile_COMMON>
		</effect>
		<effect id="valves-fx" name="valves">
			<profile_COMMON>
				<technique sid="standard">
					<phong>
					</phong>
				</technique>
			</profile_COMMON>
		</effect>
		<effect id="wud-fx" name="wud">
			<profile_COMMON>
				<technique sid="standard">
					<phong>
					</phong>
				</technique>
			</profile_COMMON>
		</effect>
		<effect id="fire-fx" name="fire">
			<profile_COMMON>
				<technique sid="standard">
					<phong>
					</phong>
				</technique>
			</profile_COMMON>
		</effect>
		<effect id="as-fx" name="as">
			<profile_COMMON>
				<technique sid="standard">
					<phong>
					</phong>
				</technique>
			</profile_COMMON>
		</effect>
		<effect id="pad-fx" name="pad">
			<profile_COMMON>
				<technique sid="standard">
					<phong>
					</phong>
				</technique>
			</profile_COMMON>
		</effect>
		<effect id="mine-fx" name="mine">
			<profile_COMMON>
				<technique sid="standard">
					<phong>
					</phong>
				</technique>
			</profile_COMMON>
		</effect>
		<effect id="tape-fx" name="tape">
			<profile_COMMON>
				<technique sid="standard">
					<phong>
					</phong>
				</technique>
			</profile_COMMON>
		</effect>
	</library_effects>
	<library_materials>
		<material id="metal" name="metal">
			<instance_effect url="#metal-fx"/>
		</material>
		<material id="pipe" name="pipe">
			<instance_effect url="#pipe-fx"/>
		</material>
		<material id="valves" name="valves">
			<instance_effect url="#valves-fx"/>
		</material>
		<material id="wud" name="wud">
			<instance_effect url="#wud-fx"/>
		</material>
		<material id="fire" name="fire">
			<instance_effect url="#fire-fx"/>
		</material>
		<material id="as" name="as">
			<instance_effect url="#as-fx"/>
		</material>
		<material id="pad" name="pad">
			<instance_effect url="#pad-fx"/>
		</material>
		<material id="mine" name="mine">
			<instance_effect url="#mine-fx"/>
		</material>
		<material id="tape" name="tape">
			<instance_effect url="#tape-fx"/>
		</material>
	</library_materials>
	<library_geometries>
		<geometry id="meshId0" name="meshId0_name" >
			<mesh>
				<source id="meshId0-positions" name="meshId0-positions">
					<float_array id="meshId0-positions-array" count="246"> 
						0.323334 0.560019 6.762691 0.646660 -0.000002 6.762692 0.646660 -0.000002 0.742723 0.323334 0.560020 0.742723 -0.323326 0.560019 6.762691 0.323334 0.560019 6.762691 0.323334 0.560020 0.742723 -0.323318 0.560020 0.742723 -0.646652 -0.000002 6.762692 -0.646652 -0.000002 0.742724 -0.323326 -0.560022 6.762692 -0.323318 -0.560022 0.742723 0.323334 -0.560022 6.762692 0.323334 -0.560022 0.742723 0.495926 0.858957 7.505415 0.991844 -0.000002 7.505415 0.991844 -0.000002 6.762692 0.495926 0.858957 6.762691 0.991844 -0.000002 0.000000 0.495926 0.858957 0.000000 0.495926 0.858957 0.742723 0.991844 -0.000002 0.742723 -0.495911 0.858963 7.505415 0.495926 0.858957 7.505415 0.495926 0.858957 6.762691 -0.495911 0.858957 6.762691 0.495926 0.858957 0.000000 -0.495911 0.858965 -0.000000 -0.495911 0.858965 0.742723 0.495926 0.858957 0.742723 -0.991837 -0.000002 7.505416 -0.991837 -0.000002 6.762692 -0.991837 -0.000002 -0.000000 -0.991837 -0.000002 0.742723 -0.495911 -0.858967 7.505415 -0.495911 -0.858967 6.762692 -0.495911 -0.858967 -0.000000 -0.495911 -0.858967 0.742723 0.495926 -0.858961 7.505415 0.495926 -0.858961 6.762692 0.495926 -0.858959 0.000000 0.495926 -0.858959 0.742723 0.646660 -0.000002 6.762692 0.323334 0.560019 6.762691 0.495926 0.858957 6.762691 0.991844 -0.000002 6.762692 0.323334 0.560019 6.762691 -0.323326 0.560019 6.762691 -0.495911 0.858957 6.762691 0.495926 0.858957 6.762691 -0.646652 -0.000002 6.762692 -0.991837 -0.000002 6.762692 -0.323326 -0.560022 6.762692 -0.495911 -0.858967 6.762692 0.323334 -0.560022 6.762692 0.495926 -0.858961 6.762692 0.323334 0.560020 0.742723 0.646660 -0.000002 0.742723 0.991844 -0.000002 0.742723 0.495926 0.858957 0.742723 0.323334 -0.560022 0.742723 0.495926 -0.858959 0.742723 -0.323318 -0.560022 0.742723 -0.495911 -0.858967 0.742723 
						-0.646652 -0.000002 0.742724 -0.991837 -0.000002 0.742723 -0.323318 0.560020 0.742723 -0.495911 0.858965 0.742723 0.323334 0.560020 0.742723 0.495926 0.858957 0.742723 -0.495911 0.858963 7.505415 -0.991837 -0.000002 7.505416 -0.495911 -0.858967 7.505415 0.495926 -0.858961 7.505415 0.991844 -0.000002 7.505415 0.495926 0.858957 7.505415 0.495926 -0.858959 0.000000 -0.495911 -0.858967 -0.000000 -0.991837 -0.000002 -0.000000 -0.495911 0.858965 -0.000000 0.495926 0.858957 0.000000 0.991844 -0.000002 0.000000 
					</float_array>
					<technique_common>
						<accessor count="82" offset="0" source="#meshId0-positions-array" stride="3">
							<param name="X" type="float" />
							<param name="Y" type="float" />
							<param name="Z" type="float" />
						</accessor>
					</technique_common>
				</source>
				<source id="meshId0-normals" name="meshId0-normals">
					<float_array id="meshId0-normals-array" count="246"> 
						0.500000 0.866025 -0.000000 1.000000 -0.000000 -0.000000 1.000000 0.000000 0.000000 0.500000 0.866025 0.000000 -0.500000 0.866025 -0.000000 0.500000 0.866025 -0.000000 0.500000 0.866025 0.000000 -0.500000 0.866025 0.000000 -1.000000 -0.000000 0.000000 -1.000000 -0.000000 -0.000000 -0.500000 -0.866025 0.000000 -0.500000 -0.866026 -0.000000 0.500000 -0.866025 -0.000000 0.500000 -0.866025 -0.000000 0.500003 0.866024 -0.000000 1.000000 0.000000 0.000000 1.000000 0.000000 0.000000 0.500002 0.866024 -0.000002 1.000000 0.000000 0.000000 0.500003 0.866024 -0.000000 0.500003 0.866024 -0.000000 1.000000 0.000000 0.000000 -0.499999 0.866026 -0.000009 0.500003 0.866024 -0.000000 0.500002 0.866024 -0.000002 -0.499999 0.866026 -0.000009 0.500003 0.866024 -0.000000 -0.499997 0.866027 -0.000000 -0.499997 0.866027 0.000000 0.500003 0.866024 -0.000000 -1.000000 0.000002 -0.000002 -1.000000 0.000003 0.000001 -1.000000 -0.000000 0.000000 -1.000000 -0.000000 -0.000000 -0.499997 -0.866027 0.000000 -0.499997 -0.866027 -0.000000 -0.499997 -0.866027 0.000000 -0.499997 -0.866027 0.000000 0.500003 -0.866024 0.000000 0.500003 -0.866024 -0.000000 0.500003 -0.866024 0.000000 0.500003 -0.866024 0.000000 0.000000 -0.000000 -1.000000 0.000000 -0.000000 -1.000000 0.000000 -0.000000 -1.000000 0.000000 -0.000000 -1.000000 0.000000 -0.000000 -1.000000 0.000000 -0.000000 -1.000000 0.000000 -0.000000 -1.000000 0.000000 -0.000000 -1.000000 0.000000 -0.000000 -1.000000 0.000000 -0.000000 -1.000000 0.000000 -0.000000 -1.000000 0.000000 -0.000000 -1.000000 0.000000 -0.000000 -1.000000 0.000000 -0.000000 -1.000000 0.000000 0.000000 1.000000 0.000000 0.000000 1.000000 0.000000 0.000000 1.000000 0.000000 0.000000 1.000000 0.000000 0.000000 1.000000 0.000000 0.000000 1.000000 0.000000 0.000000 1.000000 0.000000 0.000000 1.000000 
						0.000000 0.000000 1.000000 0.000000 0.000000 1.000000 0.000000 0.000000 1.000000 0.000000 0.000000 1.000000 0.000000 0.000000 1.000000 0.000000 0.000000 1.000000 0.000000 0.000000 1.000000 0.000000 0.000000 1.000000 0.000000 0.000000 1.000000 0.000000 0.000000 1.000000 0.000000 0.000000 1.000000 0.000000 0.000000 1.000000 0.000000 -0.000000 -1.000000 0.000000 -0.000000 -1.000000 0.000000 -0.000000 -1.000000 0.000000 -0.000000 -1.000000 0.000000 -0.000000 -1.000000 0.000000 -0.000000 -1.000000 
					</float_array>
					<technique_common>
						<accessor count="82" offset="0" source="#meshId0-normals-array" stride="3">
							<param name="X" type="float" />
							<param name="Y" type="float" />
							<param name="Z" type="float" />
						</accessor>
					</technique_common>
				</source>
				<source id="meshId0-tangents" name="meshId0-tangents">
					<float_array id="meshId0-tangents-array" count="246"> 
						-0.866025 0.500000 -0.000000 0.000000 1.000000 -0.000000 -0.000000 1.000000 -0.000000 -0.866025 0.500000 -0.000000 -0.866025 -0.500000 0.000000 -0.866025 0.500000 0.000000 -0.866025 0.500000 0.000000 -0.866025 -0.500000 0.000000 0.000000 -1.000000 0.000000 0.000000 -1.000000 0.000000 0.866025 -0.500000 -0.000000 0.866026 -0.500000 -0.000000 0.866025 0.500000 -0.000000 0.866025 0.500000 0.000000 -0.866024 0.500003 -0.000000 -0.000000 1.000000 -0.000000 -0.000000 1.000000 -0.000000 -0.866024 0.500002 0.000001 0.000000 1.000000 -0.000000 -0.866024 0.500003 -0.000000 -0.866024 0.500003 -0.000000 0.000000 1.000000 -0.000000 -0.866026 -0.499999 0.000000 -0.866024 0.500003 0.000000 -0.866024 0.500002 -0.000001 -0.866026 -0.499999 0.000000 -0.866024 0.500003 -0.000000 -0.866027 -0.499997 -0.000000 -0.866027 -0.499997 -0.000000 -0.866024 0.500003 -0.000000 -0.000002 -1.000000 0.000000 -0.000004 -1.000000 0.000000 0.000000 -1.000000 0.000000 0.000000 -1.000000 0.000000 0.866027 -0.499997 -0.000000 0.866027 -0.499997 -0.000000 0.866027 -0.499997 0.000000 0.866027 -0.499997 0.000000 0.866024 0.500003 -0.000000 0.866024 0.500003 -0.000000 0.866024 0.500003 -0.000000 0.866024 0.500003 -0.000000 -0.000000 -0.000000 -1.000000 -0.000000 -0.000000 -1.000000 -0.000000 -0.000000 -1.000000 -0.000000 -0.000000 -1.000000 -0.000000 -0.000000 -1.000000 -0.000000 -0.000000 -1.000000 -0.000000 -0.000000 -1.000000 -0.000000 -0.000000 -1.000000 -0.000000 -0.000000 -1.000000 -0.000000 -0.000000 -1.000000 -0.000000 -0.000000 -1.000000 -0.000000 -0.000000 -1.000000 -0.000000 -0.000000 -1.000000 -0.000000 -0.000000 -1.000000 -0.000000 -0.000000 -1.000000 -0.000000 -0.000000 -1.000000 -0.000000 -0.000000 -1.000000 -0.000000 -0.000000 -1.000000 -0.000000 -0.000000 -1.000000 -0.000000 -0.000000 -1.000000 -0.000000 -0.000000 -1.000000 -0.000000 -0.000000 -1.000000 
						-0.000000 -0.000000 -1.000000 -0.000000 -0.000000 -1.000000 -0.000000 -0.000000 -1.000000 -0.000000 -0.000000 -1.000000 -0.000000 -0.000000 -1.000000 -0.000000 -0.000000 -1.000000 -0.000000 -0.000000 -1.000000 -0.000000 -0.000000 -1.000000 -0.000000 -0.000000 -1.000000 -0.000000 -0.000000 -1.000000 -0.000000 -0.000000 -1.000000 -0.000000 -0.000000 -1.000000 -0.000000 -0.000000 -1.000000 -0.000000 -0.000000 -1.000000 -0.000000 -0.000000 -1.000000 -0.000000 -0.000000 -1.000000 -0.000000 -0.000000 -1.000000 -0.000000 -0.000000 -1.000000 
					</float_array>
					<technique_common>
						<accessor count="82" offset="0" source="#meshId0-tangents-array" stride="3">
							<param name="X" type="float" />
							<param name="Y" type="float" />
							<param name="Z" type="float" />
						</accessor>
					</technique_common>
				</source>
				<source id="meshId0-bitangents" name="meshId0-bitangents">
					<float_array id="meshId0-bitangents-array" count="246"> 
						-0.000000 0.000000 1.000000 0.000000 0.000000 1.000000 0.000000 0.000000 1.000000 -0.000000 0.000000 1.000000 0.000000 0.000000 1.000000 0.000000 -0.000000 1.000000 0.000000 -0.000000 1.000000 0.000000 0.000000 1.000000 0.000000 0.000000 1.000000 -0.000000 0.000000 1.000000 0.000000 -0.000000 1.000000 0.000000 -0.000000 1.000000 0.000000 0.000000 1.000000 -0.000000 -0.000000 1.000000 -0.000000 0.000000 1.000000 0.000000 0.000000 1.000000 0.000000 0.000000 1.000000 0.000002 0.000001 1.000000 0.000000 0.000000 1.000000 -0.000000 0.000000 1.000000 -0.000000 0.000000 1.000000 0.000000 0.000000 1.000000 -0.000004 0.000008 1.000000 0.000000 -0.000000 1.000000 0.000000 0.000003 1.000000 -0.000004 0.000008 1.000000 -0.000000 0.000000 1.000000 -0.000000 -0.000000 1.000000 -0.000000 -0.000000 1.000000 -0.000000 0.000000 1.000000 -0.000002 0.000000 1.000000 0.000001 0.000000 1.000000 -0.000000 0.000000 1.000000 -0.000000 0.000000 1.000000 0.000000 0.000000 1.000000 0.000000 -0.000000 1.000000 -0.000000 0.000000 1.000000 -0.000000 0.000000 1.000000 0.000000 0.000000 1.000000 0.000000 0.000000 1.000000 0.000000 0.000000 1.000000 0.000000 0.000000 1.000000 0.707107 -0.707107 0.000000 0.707107 -0.707107 0.000000 0.707107 -0.707107 0.000000 0.707107 -0.707107 0.000000 0.707107 -0.707107 0.000000 0.707107 -0.707107 0.000000 0.707107 -0.707107 0.000000 0.707107 -0.707107 0.000000 0.707107 -0.707107 0.000000 0.707107 -0.707107 0.000000 0.707107 -0.707107 0.000000 0.707107 -0.707107 0.000000 0.707107 -0.707107 0.000000 0.707107 -0.707107 0.000000 -0.707107 0.707107 0.000000 -0.707107 0.707107 0.000000 -0.707107 0.707107 0.000000 -0.707107 0.707107 0.000000 -0.707107 0.707107 0.000000 -0.707107 0.707107 0.000000 -0.707107 0.707107 0.000000 -0.707107 0.707107 0.000000 
						-0.707107 0.707107 0.000000 -0.707107 0.707107 0.000000 -0.707107 0.707107 0.000000 -0.707107 0.707107 0.000000 -0.707107 0.707107 0.000000 -0.707107 0.707107 0.000000 -0.707107 0.707107 0.000000 -0.707107 0.707107 0.000000 -0.707107 0.707107 0.000000 -0.707107 0.707107 0.000000 -0.707107 0.707107 0.000000 -0.707107 0.707107 0.000000 0.707107 -0.707107 0.000000 0.707107 -0.707107 0.000000 0.707107 -0.707107 0.000000 0.707107 -0.707107 0.000000 0.707107 -0.707107 0.000000 0.707107 -0.707107 0.000000 
					</float_array>
					<technique_common>
						<accessor count="82" offset="0" source="#meshId0-bitangents-array" stride="3">
							<param name="X" type="float" />
							<param name="Y" type="float" />
							<param name="Z" type="float" />
						</accessor>
					</technique_common>
				</source>
				<source id="meshId0-tex0" name="meshId0-tex0">
					<float_array id="meshId0-tex0-array" count="164"> 
						0.077969 0.351141 0.066144 0.351141 0.066144 0.294233 0.077969 0.294233 0.018844 0.351141 0.007019 0.351141 0.007019 0.294233 0.018844 0.294233 0.030669 0.351141 0.030669 0.294233 0.042494 0.351141 0.042494 0.294233 0.054319 0.351141 0.054319 0.294233 0.077969 0.358162 0.066144 0.358162 0.066144 0.351141 0.077969 0.351141 0.066144 0.287212 0.077969 0.287212 0.077969 0.294233 0.066144 0.294233 0.018844 0.358162 0.007019 0.358162 0.007019 0.351141 0.018844 0.351141 0.007019 0.287212 0.018844 0.287212 0.018844 0.294233 0.007019 0.294233 0.030669 0.358162 0.030669 0.351141 0.030669 0.287212 0.030669 0.294233 0.042494 0.358162 0.042494 0.351141 0.042494 0.287212 0.042494 0.294233 0.054319 0.358162 0.054319 0.351141 0.054319 0.287212 0.054319 0.294233 0.066144 0.351141 0.077969 0.351141 0.077969 0.351141 0.066144 0.351141 0.007019 0.351141 0.018844 0.351141 0.018844 0.351141 0.007019 0.351141 0.030669 0.351141 0.030669 0.351141 0.042494 0.351141 0.042494 0.351141 0.054319 0.351141 0.054319 0.351141 0.077969 0.294233 0.066144 0.294233 0.066144 0.294233 0.077969 0.294233 0.054319 0.294233 0.054319 0.294233 0.042494 0.294233 0.042494 0.294233 
						0.030669 0.294233 0.030669 0.294233 0.018844 0.294233 0.018844 0.294233 0.007019 0.294233 0.007019 0.294233 0.018844 0.358162 0.030669 0.358162 0.042494 0.358162 0.054319 0.358162 0.066144 0.358162 0.077969 0.358162 0.054319 0.287212 0.042494 0.287212 0.030669 0.287212 0.018844 0.287212 0.007019 0.287212 0.066144 0.287212 
					</float_array>
					<technique_common>
						<accessor count="82" offset="0" source="#meshId0-tex0-array" stride="2">
							<param name="S" type="float" />
							<param name="T" type="float" />
						</accessor>
					</technique_common>
				</source>
				<vertices id="meshId0-vertices">
					<input semantic="POSITION" source="#meshId0-positions" />
				</vertices>
				<polylist count="68" material="defaultMaterial">
					<input offset="0" semantic="VERTEX" source="#meshId0-vertices" />
					<input offset="0" semantic="NORMAL" source="#meshId0-normals" />
					<input offset="0" semantic="TANGENT" source="#meshId0-tangents" />
					<input offset="0" semantic="BINORMAL" source="#meshId0-bitangents" />
					<input offset="0" semantic="TEXCOORD" source="#meshId0-tex0" set="0" />
					<vcount>
						3 3 3 3 3 3 3 3 3 3 3 3 3 3 3 3 3 3 3 3 3 3 3 3 3 3 3 3 3 3 3 3 3 3 3 3 3 3 3 3 3 3 3 3 3 3 3 3 3 3 3 3 3 3 3 3 3 3 3 3 3 3 3 3 
						3 3 3 3 
					</vcount>
					<p>
						0 1 2 2 3 0 4 5 6 6 7 4 8 4 7 7 9 8 10 8 9 9 11 10 12 10 11 11 13 12 1 12 13 13 2 1 14 15 16 16 17 14 18 19 20 20 21 18 22 23 24 24 25 22 26 27 28 28 29 26 30 22 25 25 31 30 27 32 33 33 28 27 34 30 31 31 35 34 32 36 37 37 33 32 38 34 35 35 39 38 36 40 41 41 37 36 15 38 39 39 16 15 40 18 21 21 41 40 42 43 44 44 45 42 46 47 48 48 49 46 47 50 51 51 48 47 50 52 53 53 51 50 52 54 55 55 53 52 54 42 45 45 55 54 56 57 58 58 59 56 57 60 61 61 58 57 60 62 63 63 61 60 62 64 65 65 63 62 64 66 67 67 65 64 66 68 69 69 67 66 70 71 72 72 73 74 70 72 74 75 70 74 
						76 77 78 78 79 80 76 78 80 81 76 80 
					</p>
				</polylist>
			</mesh>
		</geometry>
		<geometry id="meshId1" name="meshId1_name" >
			<mesh>
				<source id="meshId1-positions" name="meshId1-positions">
					<float_array id="meshId1-positions-array" count="1296"> 
						2.598077 1.499998 20.104214 3.000001 -0.000002 20.104214 3.000001 -0.000001 18.201122 2.598077 1.499999 18.201122 1.500001 2.598074 20.104214 1.500000 2.598075 18.201122 0.000001 2.999998 20.104214 1.500001 2.598074 20.104214 1.500000 2.598075 18.201122 0.000000 2.999999 18.201122 -1.499999 2.598074 20.104214 -1.500000 2.598075 18.201122 -2.598075 1.499998 20.104214 -1.499999 2.598074 20.104214 -1.500000 2.598075 18.201122 -2.598075 1.499999 18.201122 -3.000000 -0.000002 20.104214 -3.000000 0.000000 18.201122 -2.598076 -1.500002 20.104214 -2.598076 -1.500000 18.201122 -1.500000 -2.598078 20.104214 -1.500001 -2.598076 18.201122 -0.000001 -3.000002 20.104214 -1.500000 -2.598078 20.104214 -1.500001 -2.598076 18.201122 -0.000001 -3.000000 18.201122 1.499999 -2.598079 20.104214 1.499999 -2.598078 18.201122 2.598076 -1.500004 20.104214 2.598076 -1.500003 18.201122 2.598076 -1.500004 20.104214 2.598076 -1.500003 18.201122 2.598075 1.500003 116.703888 2.999999 0.000002 116.703888 3.000001 -0.000003 65.108566 2.598077 1.499997 65.108566 -1.500002 2.598078 116.703888 -0.000001 3.000003 116.703888 0.000001 2.999997 65.108566 -1.499999 2.598073 65.108566 -2.598077 1.500003 116.703888 -2.598075 1.499998 65.108566 -3.000001 0.000003 116.703888 -2.598077 1.500003 116.703888 -2.598075 1.499998 65.108566 -3.000000 -0.000002 65.108566 -2.598078 -1.499997 116.703888 -2.598076 -1.500002 65.108566 -1.500002 -2.598073 116.703888 -1.500000 -2.598079 65.108566 -0.000002 -2.999997 116.703888 -1.500002 -2.598073 116.703888 -1.500000 -2.598079 65.108566 -0.000000 -3.000003 65.108566 1.499997 -2.598075 116.703888 1.500000 -2.598081 65.108566 2.598074 -1.499999 116.703888 2.598076 -1.500004 65.108566 2.598074 -1.499999 116.703888 2.598076 -1.500004 65.108566 2.598075 1.500001 126.709740 2.999999 0.000001 126.709740 2.999999 0.000001 121.117332 2.598075 1.500001 121.117332 
						1.500000 2.598078 126.709740 1.499999 2.598078 121.117332 -0.000000 3.000002 126.709740 1.500000 2.598078 126.709740 1.499999 2.598078 121.117332 -0.000001 3.000002 121.117332 -1.500001 2.598078 126.709740 -1.500001 2.598078 121.117332 -2.598077 1.500001 126.709740 -1.500001 2.598078 126.709740 -1.500001 2.598078 121.117332 -2.598077 1.500002 121.117332 -3.000001 0.000001 126.709740 -3.000001 0.000002 121.117332 -2.598077 -1.499999 126.709740 -2.598077 -1.499998 121.117332 -1.500002 -2.598075 126.709740 -2.598077 -1.499999 126.709740 -2.598077 -1.499998 121.117332 -1.500002 -2.598073 121.117332 -0.000002 -2.999999 126.709740 -0.000002 -2.999999 121.117332 1.499998 -2.598077 126.709740 1.499998 -2.598076 121.117332 2.598075 -1.500001 126.709740 2.598074 -1.500001 121.117332 2.598075 -1.500001 126.709740 2.598074 -1.500001 121.117332 3.942888 2.276419 140.114471 4.552853 0.000021 140.114471 4.552839 -0.000030 126.709740 3.942882 2.276424 126.709740 2.276417 3.942890 140.114471 2.276437 3.942871 126.709740 -0.000001 4.552849 140.114471 2.276417 3.942890 140.114471 2.276437 3.942871 126.709740 0.000036 4.552859 126.709740 -2.276402 3.942895 140.114471 -2.276451 3.942877 126.709740 -3.942864 2.276443 140.114471 -2.276402 3.942895 140.114471 -2.276451 3.942877 126.709740 -3.942900 2.276409 126.709740 -4.552851 0.000009 140.114471 -4.552856 -0.000036 126.709740 -3.942896 -2.276403 140.114471 -3.942860 -2.276444 126.709740 -2.276448 -3.942857 140.114471 -2.276406 -3.942895 126.709740 -0.000017 -4.552851 140.114471 -2.276448 -3.942857 140.114471 -2.276406 -3.942895 126.709740 -0.000002 -4.552848 126.709740 2.276429 -3.942879 140.114471 2.276397 -3.942889 126.709740 3.942888 -2.276397 140.114471 3.942866 -2.276481 126.709740 3.942888 -2.276397 140.114471 3.942866 -2.276481 126.709740 3.942882 2.276424 126.709740 4.552839 -0.000030 126.709740 2.999999 0.000001 126.709740 2.598075 1.500001 126.709740 
						2.276437 3.942871 126.709740 1.500000 2.598078 126.709740 0.000036 4.552859 126.709740 -0.000000 3.000002 126.709740 -2.276451 3.942877 126.709740 -1.500001 2.598078 126.709740 -3.942900 2.276409 126.709740 -2.598077 1.500001 126.709740 -4.552856 -0.000036 126.709740 -3.000001 0.000001 126.709740 -3.942860 -2.276444 126.709740 -2.598077 -1.499999 126.709740 -2.276406 -3.942895 126.709740 -1.500002 -2.598075 126.709740 -0.000002 -4.552848 126.709740 -0.000002 -2.999999 126.709740 2.276397 -3.942889 126.709740 1.499998 -2.598077 126.709740 3.942866 -2.276481 126.709740 2.598075 -1.500001 126.709740 1.142423 -1.978743 67.460022 1.978742 -1.142412 67.460022 2.284853 0.000010 67.460022 1.978746 1.142407 67.460022 1.142421 1.978732 67.460022 0.000003 2.284840 67.460022 -1.142404 1.978736 67.460022 -1.978720 1.142425 67.460022 -2.284844 -0.000012 67.460022 -1.978742 -1.142416 67.460022 -1.142434 -1.978727 67.460022 -0.000002 -2.284854 67.460022 2.598026 1.499961 142.478806 2.999938 0.000020 142.478806 4.552853 0.000021 140.114471 3.942888 2.276419 140.114471 1.499961 2.598026 142.478806 2.598026 1.499961 142.478806 3.942888 2.276419 140.114471 2.276417 3.942890 140.114471 -0.000001 2.999936 142.478806 1.499961 2.598026 142.478806 2.276417 3.942890 140.114471 -0.000001 4.552849 140.114471 -1.499949 2.598029 142.478806 -0.000001 2.999936 142.478806 -0.000001 4.552849 140.114471 -2.276402 3.942895 140.114471 -2.598006 1.499980 142.478806 -1.499949 2.598029 142.478806 -2.276402 3.942895 140.114471 -3.942864 2.276443 140.114471 -2.999935 0.000000 142.478806 -2.598006 1.499980 142.478806 -3.942864 2.276443 140.114471 -4.552851 0.000009 140.114471 -2.598031 -1.499949 142.478806 -2.999935 0.000000 142.478806 -4.552851 0.000009 140.114471 -3.942896 -2.276403 140.114471 -1.499984 -2.598000 142.478806 -2.598031 -1.499949 142.478806 -3.942896 -2.276403 140.114471 -2.276448 -3.942857 140.114471 
						-0.000009 -2.999934 142.478806 -1.499984 -2.598000 142.478806 -2.276448 -3.942857 140.114471 -0.000017 -4.552851 140.114471 1.499967 -2.598017 142.478806 -0.000009 -2.999934 142.478806 -0.000017 -4.552851 140.114471 2.276429 -3.942879 140.114471 2.598024 -1.499945 142.478806 1.499967 -2.598017 142.478806 2.276429 -3.942879 140.114471 2.276429 -3.942879 140.114471 3.942888 -2.276397 140.114471 2.598024 -1.499945 142.478806 2.999938 0.000020 142.478806 2.598024 -1.499945 142.478806 3.942888 -2.276397 140.114471 4.552853 0.000021 140.114471 1.978743 1.142417 142.078781 2.284850 0.000018 142.078781 2.999938 0.000020 142.478806 2.598026 1.499961 142.478806 1.142418 1.978741 142.078781 1.978743 1.142417 142.078781 2.598026 1.499961 142.478806 2.598026 1.499961 142.478806 1.499961 2.598026 142.478806 1.142418 1.978741 142.078781 -0.000001 2.284848 142.078781 1.142418 1.978741 142.078781 1.499961 2.598026 142.478806 -0.000001 2.999936 142.478806 -1.142407 1.978744 142.078781 -0.000001 2.284848 142.078781 -0.000001 2.999936 142.478806 -0.000001 2.999936 142.478806 -1.499949 2.598029 142.478806 -1.142407 1.978744 142.078781 -1.978724 1.142433 142.078781 -1.142407 1.978744 142.078781 -1.499949 2.598029 142.478806 -1.499949 2.598029 142.478806 -2.598006 1.499980 142.478806 -1.978724 1.142433 142.078781 -2.284847 -0.000003 142.078781 -1.978724 1.142433 142.078781 -2.598006 1.499980 142.478806 -2.999935 0.000000 142.478806 -1.978745 -1.142407 142.078781 -2.284847 -0.000003 142.078781 -2.999935 0.000000 142.478806 -2.598031 -1.499949 142.478806 -1.142437 -1.978719 142.078781 -1.978745 -1.142407 142.078781 -2.598031 -1.499949 142.478806 -2.598031 -1.499949 142.478806 -1.499984 -2.598000 142.478806 -1.142437 -1.978719 142.078781 -0.000005 -2.284845 142.078781 -1.142437 -1.978719 142.078781 -1.499984 -2.598000 142.478806 -1.499984 -2.598000 142.478806 -0.000009 -2.999934 142.478806 -0.000005 -2.284845 142.078781 
						1.142420 -1.978734 142.078781 -0.000005 -2.284845 142.078781 -0.000009 -2.999934 142.478806 -0.000009 -2.999934 142.478806 1.499967 -2.598017 142.478806 1.142420 -1.978734 142.078781 1.978738 -1.142404 142.078781 1.142420 -1.978734 142.078781 1.499967 -2.598017 142.478806 2.598024 -1.499945 142.478806 2.284850 0.000018 142.078781 1.978738 -1.142404 142.078781 2.598024 -1.499945 142.478806 2.999938 0.000020 142.478806 1.978746 1.142407 67.460022 2.284853 0.000010 67.460022 2.284850 0.000018 142.078781 1.978743 1.142417 142.078781 1.142421 1.978732 67.460022 1.978746 1.142407 67.460022 1.978743 1.142417 142.078781 1.142418 1.978741 142.078781 0.000003 2.284840 67.460022 1.142421 1.978732 67.460022 1.142418 1.978741 142.078781 -0.000001 2.284848 142.078781 -1.142404 1.978736 67.460022 0.000003 2.284840 67.460022 -0.000001 2.284848 142.078781 -1.142407 1.978744 142.078781 -1.978720 1.142425 67.460022 -1.142404 1.978736 67.460022 -1.142407 1.978744 142.078781 -1.978724 1.142433 142.078781 -2.284844 -0.000012 67.460022 -1.978720 1.142425 67.460022 -1.978724 1.142433 142.078781 -2.284847 -0.000003 142.078781 -1.978742 -1.142416 67.460022 -2.284844 -0.000012 67.460022 -2.284847 -0.000003 142.078781 -1.978745 -1.142407 142.078781 -1.142434 -1.978727 67.460022 -1.978742 -1.142416 67.460022 -1.978745 -1.142407 142.078781 -1.142437 -1.978719 142.078781 -0.000002 -2.284854 67.460022 -1.142434 -1.978727 67.460022 -1.142437 -1.978719 142.078781 -0.000005 -2.284845 142.078781 1.142423 -1.978743 67.460022 -0.000002 -2.284854 67.460022 -0.000005 -2.284845 142.078781 1.142420 -1.978734 142.078781 1.978742 -1.142412 67.460022 1.142423 -1.978743 67.460022 1.142420 -1.978734 142.078781 1.978738 -1.142404 142.078781 2.284853 0.000010 67.460022 1.978742 -1.142412 67.460022 1.978738 -1.142404 142.078781 2.284850 0.000018 142.078781 2.951952 -0.179320 48.247871 3.000000 -0.000001 48.247871 
						3.000000 -0.000001 51.048134 2.598076 -1.500003 51.048134 2.598076 -1.500003 48.247871 2.466805 -1.631273 48.247871 2.598076 -1.500003 48.247871 2.598076 -1.500003 51.048134 1.499999 -2.598079 51.048134 1.499999 -2.598079 48.247871 2.333424 -1.764653 48.247868 1.320680 -2.646127 48.247871 -0.000001 -3.000001 51.048134 -0.000001 -3.000001 48.247871 -2.897259 -0.383434 33.611702 -3.000000 -0.000002 33.611702 -3.000000 -0.000002 27.623972 -2.598076 -1.500002 27.623972 -2.598076 -1.500001 33.611702 -1.116568 -2.700818 33.611694 -1.500000 -2.598079 33.611694 -1.500000 -2.598078 27.623972 -0.000000 -3.000002 27.623972 -0.000001 -3.000003 33.611694 -1.500000 -2.598078 27.623972 -1.500000 -2.598079 33.611694 -2.317384 -1.780694 33.611694 -2.333552 -1.764525 33.611694 0.179319 2.951951 48.247871 0.000000 2.999999 48.247871 0.000000 3.000000 51.048134 1.500000 2.598076 51.048134 1.500000 2.598076 48.247871 1.631271 2.466805 48.247871 1.500000 2.598076 48.247871 1.500000 2.598076 51.048134 2.598076 1.499999 51.048134 2.598076 1.499999 48.247871 2.282406 1.815670 48.247871 2.646125 1.320681 48.247871 2.987864 0.045294 48.247871 -1.780692 2.317383 33.611694 -1.499999 2.598075 33.611694 -1.499999 2.598074 27.623972 -2.598075 1.499997 27.623972 -2.598075 1.499998 33.611702 -2.282361 1.815713 33.611694 -0.383432 2.897257 33.611694 0.000001 2.999998 33.611694 0.000001 2.999997 27.623972 -2.700816 1.116566 33.611702 -2.598075 1.499998 33.611702 -2.598075 1.499997 27.623972 -2.987821 0.045447 33.611702 -2.646124 -1.320681 48.247871 -2.598077 -1.500001 48.247871 -2.598077 -1.500001 51.048134 -3.000000 0.000000 51.048134 -3.000000 0.000000 48.247871 -0.179320 -2.951952 48.247871 -1.500001 -2.598077 51.048134 -1.500001 -2.598077 48.247871 -1.631271 -2.466806 48.247871 -1.500001 -2.598077 48.247871 -1.500001 -2.598077 51.048134 -2.333426 -1.764652 48.247868 
						2.700817 -1.116571 33.611694 2.598076 -1.500004 33.611694 2.598076 -1.500005 27.623972 3.000001 -0.000003 27.623972 3.000001 -0.000003 33.611694 1.780691 -2.317388 33.611694 1.499999 -2.598079 33.611694 1.499999 -2.598080 27.623972 2.598076 -1.500005 27.623972 2.598076 -1.500004 33.611694 2.333556 -1.764524 33.611694 0.383432 -2.897262 33.611694 -2.987863 0.045295 48.247871 -2.951952 0.179318 48.247871 -2.598076 1.499999 51.048134 -2.598076 1.500000 48.247871 -2.466805 1.631269 48.247871 -2.598076 1.500000 48.247871 -2.598076 1.499999 51.048134 -1.500000 2.598075 51.048134 -1.500000 2.598075 48.247871 -2.282408 1.815668 48.247871 -1.320681 2.646123 48.247871 2.317385 1.780690 33.611694 2.598077 1.499997 33.611694 2.598077 1.499997 27.623972 1.500001 2.598074 27.623972 1.500001 2.598075 33.611694 2.282364 1.815711 33.611694 2.598077 1.499997 27.623972 2.598077 1.499997 33.611694 2.897260 0.383430 33.611694 2.987823 0.045446 33.611694 1.116568 2.700815 33.611694 1.500001 2.598073 65.108566 1.499999 2.598079 116.703888 1.500000 2.598077 94.810226 1.486256 2.601759 94.819389 1.486254 2.601758 85.069687 1.486255 2.601758 79.738571 1.500000 2.598074 79.756409 1.499999 2.598079 116.703888 1.500001 2.598073 65.108566 1.500000 2.598074 79.756409 1.566815 2.531260 79.738571 1.566815 2.531261 85.727165 1.566805 2.531271 94.838577 1.500000 2.598077 94.810226 
					</float_array>
					<technique_common>
						<accessor count="432" offset="0" source="#meshId1-positions-array" stride="3">
							<param name="X" type="float" />
							<param name="Y" type="float" />
							<param name="Z" type="float" />
						</accessor>
					</technique_common>
				</source>
				<source id="meshId1-normals" name="meshId1-normals">
					<float_array id="meshId1-normals-array" count="1296"> 
						0.866025 0.500000 0.000000 1.000000 -0.000000 0.000000 1.000000 -0.000000 -0.000000 0.866025 0.500000 0.000000 0.500000 0.866025 0.000000 0.500000 0.866026 0.000000 0.000000 1.000000 0.000001 0.500000 0.866025 0.000000 0.500000 0.866026 0.000000 -0.000000 1.000000 0.000001 -0.500000 0.866025 0.000001 -0.500000 0.866025 0.000000 -0.866025 0.500000 0.000000 -0.500000 0.866025 0.000001 -0.500000 0.866025 0.000000 -0.866025 0.500000 0.000000 -1.000000 0.000000 -0.000000 -1.000000 0.000000 0.000000 -0.866025 -0.500000 -0.000000 -0.866026 -0.500000 -0.000000 -0.500000 -0.866025 -0.000000 -0.500001 -0.866025 -0.000000 -0.000000 -1.000000 -0.000001 -0.500000 -0.866025 -0.000000 -0.500001 -0.866025 -0.000000 -0.000000 -1.000000 -0.000001 0.499999 -0.866026 -0.000001 0.499999 -0.866026 -0.000000 0.866025 -0.500001 -0.000000 0.866025 -0.500000 -0.000000 0.866025 -0.500001 -0.000000 0.866025 -0.500000 -0.000000 0.866025 0.500000 -0.000000 1.000000 -0.000000 0.000000 1.000000 -0.000000 0.000000 0.866025 0.500000 -0.000000 -0.500000 0.866025 -0.000000 0.000001 1.000000 -0.000000 0.000000 1.000000 -0.000000 -0.500000 0.866026 -0.000000 -0.866025 0.500000 -0.000000 -0.866025 0.500000 -0.000000 -1.000000 0.000000 -0.000000 -0.866025 0.500000 -0.000000 -0.866025 0.500000 -0.000000 -1.000000 0.000000 -0.000000 -0.866026 -0.500000 0.000000 -0.866026 -0.500000 0.000000 -0.500000 -0.866025 0.000000 -0.500000 -0.866025 0.000000 -0.000000 -1.000000 0.000000 -0.500000 -0.866025 0.000000 -0.500000 -0.866025 0.000000 -0.000001 -1.000000 0.000000 0.499999 -0.866026 0.000000 0.500000 -0.866026 0.000000 0.866025 -0.500000 0.000000 0.866025 -0.500000 0.000000 0.866025 -0.500000 0.000000 0.866025 -0.500000 0.000000 0.866026 0.500000 0.000000 1.000000 -0.000000 -0.000000 1.000000 -0.000000 -0.000000 0.866026 0.500000 0.000000 
						0.500000 0.866025 0.000000 0.500000 0.866025 0.000000 0.000000 1.000000 0.000000 0.500000 0.866025 0.000000 0.500000 0.866025 0.000000 -0.000000 1.000000 0.000000 -0.500000 0.866025 0.000000 -0.500000 0.866025 0.000000 -0.866025 0.500000 0.000000 -0.500000 0.866025 0.000000 -0.500000 0.866025 0.000000 -0.866025 0.500000 0.000000 -1.000000 0.000000 0.000000 -1.000000 0.000000 0.000000 -0.866025 -0.500000 0.000000 -0.866025 -0.500000 -0.000000 -0.500000 -0.866025 -0.000000 -0.866025 -0.500000 0.000000 -0.866025 -0.500000 -0.000000 -0.500000 -0.866025 -0.000000 -0.000000 -1.000000 -0.000000 -0.000000 -1.000000 -0.000000 0.499999 -0.866026 -0.000000 0.499999 -0.866026 -0.000000 0.866025 -0.500000 -0.000000 0.866025 -0.500001 -0.000000 0.866025 -0.500000 -0.000000 0.866025 -0.500001 -0.000000 0.866025 0.500001 -0.000001 1.000000 0.000002 -0.000001 1.000000 -0.000004 -0.000000 0.866027 0.499997 -0.000000 0.499999 0.866026 -0.000001 0.500005 0.866023 0.000001 0.000000 1.000000 -0.000000 0.499999 0.866026 -0.000001 0.500005 0.866023 0.000001 0.000007 1.000000 0.000001 -0.499997 0.866027 0.000001 -0.500003 0.866024 -0.000000 -0.866023 0.500005 0.000002 -0.499997 0.866027 0.000001 -0.500003 0.866024 -0.000000 -0.866028 0.499995 -0.000000 -1.000000 0.000005 0.000001 -1.000000 -0.000010 -0.000001 -0.866027 -0.499998 0.000001 -0.866021 -0.500007 -0.000001 -0.500006 -0.866022 0.000001 -0.499998 -0.866026 -0.000000 -0.000005 -1.000000 0.000001 -0.500006 -0.866022 0.000001 -0.499998 -0.866026 -0.000000 0.000001 -1.000000 -0.000000 0.500003 -0.866024 -0.000001 0.499993 -0.866030 0.000001 0.866027 -0.499997 -0.000000 0.866020 -0.500009 0.000002 0.866027 -0.499997 -0.000000 0.866020 -0.500009 0.000002 0.000000 0.000000 -1.000000 0.000000 0.000000 -1.000000 0.000000 0.000000 -1.000000 0.000000 0.000000 -1.000000 
						0.000000 0.000000 -1.000000 0.000000 0.000000 -1.000000 0.000000 0.000000 -1.000000 0.000000 0.000000 -1.000000 0.000000 0.000000 -1.000000 0.000000 0.000000 -1.000000 0.000000 0.000000 -1.000000 0.000000 0.000000 -1.000000 0.000000 0.000000 -1.000000 0.000000 0.000000 -1.000000 0.000000 0.000000 -1.000000 0.000000 0.000000 -1.000000 0.000000 0.000000 -1.000000 0.000000 0.000000 -1.000000 0.000000 0.000000 -1.000000 0.000000 0.000000 -1.000000 0.000000 0.000000 -1.000000 0.000000 0.000000 -1.000000 0.000000 0.000000 -1.000000 0.000000 0.000000 -1.000000 0.000000 0.000000 1.000000 0.000000 0.000000 1.000000 0.000000 0.000000 1.000000 0.000000 0.000000 1.000000 0.000000 0.000000 1.000000 0.000000 0.000000 1.000000 0.000000 0.000000 1.000000 0.000000 0.000000 1.000000 0.000000 0.000000 1.000000 0.000000 0.000000 1.000000 0.000000 0.000000 1.000000 0.000000 0.000000 1.000000 0.815628 0.218549 0.535712 0.815628 0.218549 0.535712 0.815628 0.218549 0.535712 0.815628 0.218549 0.535712 0.597082 0.597082 0.535712 0.597082 0.597082 0.535712 0.597082 0.597082 0.535712 0.597082 0.597082 0.535712 0.218545 0.815629 0.535712 0.218545 0.815629 0.535712 0.218545 0.815629 0.535712 0.218545 0.815629 0.535712 -0.218545 0.815629 0.535712 -0.218545 0.815629 0.535712 -0.218545 0.815629 0.535712 -0.218545 0.815629 0.535712 -0.597080 0.597084 0.535712 -0.597080 0.597084 0.535712 -0.597080 0.597084 0.535712 -0.597080 0.597084 0.535712 -0.815627 0.218553 0.535712 -0.815627 0.218553 0.535712 -0.815627 0.218553 0.535712 -0.815627 0.218553 0.535712 -0.815629 -0.218544 0.535712 -0.815629 -0.218544 0.535712 -0.815629 -0.218544 0.535712 -0.815630 -0.218544 0.535712 -0.597083 -0.597081 0.535712 -0.597083 -0.597081 0.535712 -0.597083 -0.597081 0.535712 -0.597083 -0.597081 0.535712 
						-0.218555 -0.815627 0.535712 -0.218555 -0.815627 0.535712 -0.218555 -0.815627 0.535712 -0.218555 -0.815626 0.535712 0.218547 -0.815629 0.535712 0.218547 -0.815629 0.535712 0.218547 -0.815629 0.535712 0.218547 -0.815629 0.535712 0.597086 -0.597077 0.535712 0.597086 -0.597077 0.535712 0.597086 -0.597077 0.535712 0.597086 -0.597077 0.535712 0.597086 -0.597077 0.535712 0.597086 -0.597077 0.535712 0.815629 -0.218547 0.535712 0.815629 -0.218547 0.535712 0.815629 -0.218547 0.535712 0.815629 -0.218547 0.535712 -0.484084 -0.129711 0.865354 -0.484084 -0.129711 0.865354 -0.484084 -0.129711 0.865354 -0.484084 -0.129711 0.865354 -0.354374 -0.354374 0.865354 -0.354374 -0.354374 0.865354 -0.354374 -0.354374 0.865354 -0.354374 -0.354374 0.865354 -0.354374 -0.354374 0.865354 -0.354374 -0.354374 0.865354 -0.129709 -0.484084 0.865354 -0.129709 -0.484084 0.865354 -0.129709 -0.484084 0.865354 -0.129709 -0.484084 0.865354 0.129709 -0.484084 0.865354 0.129709 -0.484084 0.865354 0.129709 -0.484084 0.865354 0.129709 -0.484084 0.865354 0.129709 -0.484084 0.865354 0.129709 -0.484084 0.865354 0.354373 -0.354375 0.865354 0.354373 -0.354375 0.865354 0.354373 -0.354375 0.865354 0.354373 -0.354375 0.865354 0.354373 -0.354375 0.865354 0.354373 -0.354375 0.865354 0.484083 -0.129713 0.865354 0.484083 -0.129713 0.865354 0.484083 -0.129713 0.865354 0.484083 -0.129713 0.865354 0.484085 0.129708 0.865354 0.484085 0.129708 0.865354 0.484085 0.129708 0.865354 0.484085 0.129708 0.865354 0.354375 0.354374 0.865354 0.354375 0.354374 0.865354 0.354375 0.354374 0.865354 0.354375 0.354374 0.865354 0.354375 0.354374 0.865354 0.354375 0.354374 0.865354 0.129715 0.484083 0.865354 0.129715 0.484083 0.865354 0.129715 0.484083 0.865354 0.129715 0.484083 0.865354 0.129715 0.484083 0.865354 0.129715 0.484083 0.865354 
						-0.129710 0.484084 0.865354 -0.129710 0.484084 0.865354 -0.129710 0.484084 0.865354 -0.129710 0.484084 0.865354 -0.129710 0.484084 0.865354 -0.129710 0.484084 0.865354 -0.354377 0.354372 0.865354 -0.354377 0.354372 0.865354 -0.354377 0.354372 0.865354 -0.354377 0.354372 0.865354 -0.484084 0.129710 0.865354 -0.484084 0.129710 0.865354 -0.484084 0.129710 0.865354 -0.484084 0.129710 0.865354 -0.965925 -0.258821 -0.000000 -0.965925 -0.258821 -0.000000 -0.965925 -0.258821 -0.000000 -0.965925 -0.258821 -0.000000 -0.707107 -0.707107 0.000000 -0.707107 -0.707107 0.000000 -0.707107 -0.707107 0.000000 -0.707107 -0.707107 0.000000 -0.258817 -0.965926 0.000000 -0.258817 -0.965926 0.000000 -0.258817 -0.965926 0.000000 -0.258817 -0.965926 0.000000 0.258817 -0.965926 0.000000 0.258817 -0.965926 0.000000 0.258817 -0.965926 0.000000 0.258817 -0.965926 0.000000 0.707105 -0.707109 0.000000 0.707105 -0.707109 0.000000 0.707105 -0.707109 0.000000 0.707105 -0.707109 0.000000 0.965924 -0.258826 0.000000 0.965924 -0.258826 0.000000 0.965924 -0.258826 0.000000 0.965924 -0.258826 0.000000 0.965927 0.258815 0.000000 0.965927 0.258815 0.000000 0.965927 0.258815 0.000000 0.965927 0.258815 0.000000 0.707108 0.707105 -0.000000 0.707108 0.707105 -0.000000 0.707108 0.707105 -0.000000 0.707108 0.707105 -0.000000 0.258829 0.965923 -0.000000 0.258829 0.965923 -0.000000 0.258829 0.965923 -0.000000 0.258829 0.965923 -0.000000 -0.258818 0.965926 -0.000000 -0.258818 0.965926 -0.000000 -0.258818 0.965926 -0.000000 -0.258819 0.965926 -0.000000 -0.707112 0.707102 -0.000000 -0.707112 0.707102 -0.000000 -0.707112 0.707102 -0.000000 -0.707112 0.707102 -0.000000 -0.965926 0.258819 -0.000000 -0.965926 0.258819 -0.000000 -0.965926 0.258819 -0.000000 -0.965926 0.258819 -0.000000 0.965926 -0.258819 0.000000 1.000000 -0.000001 0.000000 
						1.000000 -0.000001 0.000000 0.866025 -0.500000 0.000000 0.866025 -0.500001 0.000000 0.707106 -0.707107 0.000000 0.866025 -0.500001 0.000000 0.866025 -0.500000 0.000000 0.499999 -0.866026 0.000000 0.500000 -0.866026 0.000000 0.707107 -0.707107 0.000000 0.258818 -0.965926 0.000000 -0.000000 -1.000000 0.000000 -0.000001 -1.000000 0.000000 -0.965926 -0.258819 -0.000000 -1.000000 -0.000000 -0.000000 -1.000000 -0.000001 -0.000000 -0.866026 -0.499999 0.000000 -0.866026 -0.499999 0.000000 -0.258820 -0.965926 0.000000 -0.500001 -0.866025 0.000000 -0.500000 -0.866025 0.000000 -0.000000 -1.000000 0.000000 -0.000000 -1.000000 0.000000 -0.500000 -0.866025 0.000000 -0.500001 -0.866025 0.000000 -0.707109 -0.707104 0.000000 -0.707110 -0.707104 0.000000 0.258819 0.965926 -0.000000 -0.000000 1.000000 -0.000000 -0.000000 1.000000 -0.000000 0.500000 0.866025 -0.000000 0.500000 0.866026 -0.000000 0.707107 0.707107 -0.000000 0.500000 0.866026 -0.000000 0.500000 0.866025 -0.000000 0.866025 0.500000 -0.000000 0.866025 0.500000 -0.000000 0.707107 0.707107 -0.000000 0.965926 0.258819 0.000000 0.965926 0.258817 0.000000 -0.707107 0.707107 -0.000000 -0.500000 0.866026 -0.000000 -0.500000 0.866025 -0.000000 -0.866025 0.500000 -0.000000 -0.866026 0.500000 -0.000000 -0.707107 0.707107 -0.000000 -0.258819 0.965926 -0.000000 -0.000000 1.000000 -0.000000 -0.000000 1.000000 -0.000000 -0.965926 0.258819 -0.000000 -0.866026 0.500000 -0.000000 -0.866025 0.500000 -0.000000 -0.965926 0.258819 -0.000000 -0.965926 -0.258819 0.000000 -0.866025 -0.500000 0.000000 -0.866026 -0.500000 0.000000 -1.000000 0.000001 -0.000000 -1.000000 0.000001 -0.000000 -0.258819 -0.965926 0.000000 -0.500000 -0.866025 0.000000 -0.500000 -0.866025 0.000000 -0.707107 -0.707107 0.000000 -0.500000 -0.866025 0.000000 -0.500000 -0.866025 0.000000 -0.707107 -0.707107 0.000000 
						0.965926 -0.258819 0.000000 0.866025 -0.500000 0.000000 0.866025 -0.500000 0.000000 1.000000 0.000000 0.000000 1.000000 0.000000 0.000000 0.707106 -0.707107 0.000000 0.500000 -0.866026 0.000000 0.500000 -0.866026 0.000000 0.866025 -0.500000 0.000000 0.866025 -0.500000 0.000000 0.707106 -0.707107 0.000000 0.258819 -0.965926 0.000000 -0.965925 0.258821 -0.000000 -0.965926 0.258819 -0.000000 -0.866025 0.500000 -0.000000 -0.866025 0.500000 -0.000000 -0.707107 0.707107 0.000000 -0.866025 0.500000 -0.000000 -0.866025 0.500000 -0.000000 -0.500000 0.866025 -0.000000 -0.500000 0.866025 -0.000000 -0.707107 0.707107 0.000000 -0.258819 0.965926 -0.000000 0.707107 0.707107 -0.000000 0.866025 0.500000 -0.000000 0.866025 0.500000 -0.000000 0.500000 0.866025 -0.000000 0.500000 0.866025 -0.000000 0.707107 0.707107 -0.000000 0.866025 0.500000 -0.000000 0.866025 0.500000 -0.000000 0.965926 0.258819 0.000000 0.965926 0.258819 0.000000 0.258819 0.965926 -0.000000 0.500004 0.866023 -0.000000 0.500003 0.866024 -0.000000 0.528298 0.849059 -0.000000 0.258819 0.965926 -0.000000 0.258819 0.965926 -0.000000 0.258824 0.965925 -0.000000 0.577696 0.816252 -0.000000 0.500003 0.866024 -0.000000 0.500004 0.866023 -0.000000 0.577696 0.816252 -0.000000 0.707107 0.707107 -0.000000 0.707107 0.707107 -0.000000 0.707107 0.707107 -0.000000 0.528298 0.849059 -0.000000 
					</float_array>
					<technique_common>
						<accessor count="432" offset="0" source="#meshId1-normals-array" stride="3">
							<param name="X" type="float" />
							<param name="Y" type="float" />
							<param name="Z" type="float" />
						</accessor>
					</technique_common>
				</source>
				<source id="meshId1-tangents" name="meshId1-tangents">
					<float_array id="meshId1-tangents-array" count="1296"> 
						-0.000000 0.000001 -1.000000 0.000000 -0.000000 -1.000000 -0.000000 0.000001 -1.000000 -0.000000 0.000001 -1.000000 -0.000000 0.000001 -1.000000 -0.000000 0.000001 -1.000000 -0.000000 0.000001 -1.000000 -0.000000 0.000001 -1.000000 -0.000000 0.000001 -1.000000 -0.000000 0.000001 -1.000000 -0.000000 0.000000 -1.000000 -0.000000 0.000000 -1.000000 0.041216 0.071389 -0.996597 0.082345 0.047542 -0.995469 0.082351 0.047546 -0.995469 0.041217 0.071391 -0.996596 0.000000 0.069758 -0.997564 0.000000 0.069758 -0.997564 -0.041217 0.071391 -0.996596 -0.041216 0.071389 -0.996597 -0.082352 0.047546 -0.995468 -0.082345 0.047543 -0.995469 -0.069753 0.000001 -0.997564 -0.060408 0.034877 -0.997564 -0.060408 0.034877 -0.997564 -0.069753 0.000001 -0.997564 -0.071383 -0.041213 -0.996597 -0.071383 -0.041213 -0.996597 -0.047543 -0.082346 -0.995469 -0.047543 -0.082346 -0.995469 -0.000001 -0.000002 -1.000000 -0.000000 -0.000000 -1.000000 -0.000000 0.000000 -1.000000 0.000000 -0.000000 -1.000000 0.000000 0.000000 -1.000000 0.000000 -0.000000 -1.000000 0.000000 -0.000000 -1.000000 -0.000001 -0.000000 -1.000000 0.000000 -0.000000 -1.000000 0.000000 -0.000000 -1.000000 0.000000 -0.000000 -1.000000 0.000000 -0.000000 -1.000000 0.000000 0.069756 -0.997564 0.034878 0.060411 -0.997564 0.034878 0.060411 -0.997564 0.000000 0.069756 -0.997564 -0.041215 0.071386 -0.996597 -0.041215 0.071386 -0.996597 -0.082350 0.047545 -0.995469 -0.082349 0.047544 -0.995469 -0.069757 -0.000000 -0.997564 -0.060411 0.034878 -0.997564 -0.060411 0.034878 -0.997564 -0.069756 -0.000000 -0.997564 -0.071386 -0.041215 -0.996597 -0.071386 -0.041215 -0.996597 -0.047545 -0.082350 -0.995469 -0.047544 -0.082349 -0.995469 0.000000 -0.000000 -1.000000 0.000000 0.000000 -1.000000 -0.000000 0.000000 -1.000000 -0.000000 0.000000 -1.000000 -0.000000 0.000000 -1.000000 0.000000 -0.000001 -1.000000 
						0.000000 -0.000000 -1.000000 0.000002 -0.000001 -1.000000 -0.000000 0.000000 -1.000000 -0.000000 0.000000 -1.000000 -0.000000 0.000000 -1.000000 -0.000000 0.000000 -1.000000 -0.000000 0.000000 -1.000000 -0.000000 0.000000 -1.000000 0.041214 0.071385 -0.996597 0.082348 0.047544 -0.995469 0.082348 0.047544 -0.995469 0.041214 0.071385 -0.996597 -0.000000 0.069755 -0.997564 -0.000000 0.069756 -0.997564 -0.034878 0.060411 -0.997564 -0.034879 0.060411 -0.997564 -0.071385 0.041214 -0.996597 -0.047545 0.082350 -0.995469 -0.047544 0.082349 -0.995469 -0.071384 0.041214 -0.996597 -0.069754 0.000000 -0.997564 -0.069754 0.000000 -0.997564 -0.071383 -0.041213 -0.996597 -0.071384 -0.041214 -0.996597 -0.047543 -0.082346 -0.995469 -0.047544 -0.082348 -0.995469 -0.000000 0.000000 -1.000000 -0.000000 0.000000 -1.000000 -0.000001 -0.000000 -1.000000 -0.000001 -0.000001 -1.000000 -0.000000 -0.000000 -1.000000 -0.000000 0.000000 -1.000000 -0.000001 -0.000000 -1.000000 0.000001 0.000000 -1.000000 -0.000001 -0.000000 -1.000000 0.000000 -0.000001 -1.000000 -0.000001 0.000001 -1.000000 -0.000001 0.000001 -1.000000 -0.000001 0.000000 -1.000000 -0.000000 -0.000000 -1.000000 0.041213 0.071386 -0.996597 0.082348 0.047544 -0.995469 0.082349 0.047545 -0.995469 0.041214 0.071386 -0.996597 -0.000001 0.069757 -0.997564 0.000000 0.069756 -0.997564 -0.041215 0.071385 -0.996597 -0.041214 0.071386 -0.996597 -0.082349 0.047544 -0.995469 -0.082349 0.047545 -0.995469 -0.069756 -0.000000 -0.997564 -0.060410 0.034877 -0.997564 -0.060411 0.034878 -0.997564 -0.069756 0.000000 -0.997564 -0.071386 -0.041215 -0.996597 -0.071386 -0.041216 -0.996597 -0.047545 -0.082350 -0.995469 -0.047545 -0.082352 -0.995468 -0.000001 -0.000000 -1.000000 0.000001 -0.000001 -1.000000 -0.406736 0.913546 -0.000000 -0.406738 0.913545 0.000000 -0.406737 0.913545 -0.000000 -0.406732 0.913547 -0.000000 
						-0.406742 0.913543 0.000000 -0.406742 0.913543 -0.000000 -0.406737 0.913545 -0.000000 -0.406737 0.913545 0.000000 -0.406738 0.913545 0.000000 -0.406736 0.913546 -0.000000 -0.406728 0.913549 0.000000 -0.406728 0.913549 -0.000000 -0.406736 0.913546 -0.000000 -0.406741 0.913544 0.000000 -0.406738 0.913545 -0.000000 -0.406739 0.913544 0.000000 -0.406734 0.913547 0.000000 -0.406732 0.913547 0.000000 -0.406733 0.913547 0.000000 -0.406732 0.913547 -0.000000 -0.406730 0.913548 -0.000000 -0.406733 0.913547 -0.000000 -0.406738 0.913545 0.000000 -0.406744 0.913542 0.000000 0.719345 -0.694652 0.000000 0.719348 -0.694650 0.000000 0.719339 -0.694659 0.000000 0.719331 -0.694668 0.000000 0.719334 -0.694664 0.000000 0.719336 -0.694662 -0.000000 0.719336 -0.694662 0.000000 0.719319 -0.694680 0.000000 0.719340 -0.694658 -0.000000 0.719334 -0.694664 0.000000 0.719340 -0.694659 0.000000 0.719332 -0.694667 0.000000 0.548983 0.000000 -0.835834 0.548983 0.000000 -0.835834 0.548983 0.000000 -0.835834 0.548983 -0.000002 -0.835833 0.667823 -0.000006 -0.744320 0.667823 -0.000006 -0.744320 0.667823 -0.000006 -0.744320 0.667823 -0.000006 -0.744321 -0.000001 0.548983 -0.835834 -0.000001 0.548983 -0.835834 -0.000001 0.548983 -0.835834 -0.000000 0.548982 -0.835834 0.000000 0.548982 -0.835834 0.000000 0.548982 -0.835834 0.000000 0.548982 -0.835834 0.000002 0.548983 -0.835834 -0.000001 0.667818 -0.744325 -0.000001 0.667817 -0.744325 -0.000001 0.667818 -0.744325 -0.000002 0.667817 -0.744325 -0.536968 0.058846 -0.841548 -0.536968 0.058846 -0.841548 -0.536968 0.058846 -0.841548 -0.536968 0.058847 -0.841548 -0.558846 0.057848 -0.827252 -0.558846 0.057848 -0.827252 -0.558845 0.057848 -0.827252 -0.558846 0.057850 -0.827251 -0.694322 0.050201 -0.717912 -0.694322 0.050201 -0.717911 -0.694322 0.050201 -0.717911 -0.694322 0.050200 -0.717912 
						-0.058852 -0.536967 -0.841548 -0.058852 -0.536967 -0.841548 -0.058852 -0.536967 -0.841548 -0.058845 -0.536969 -0.841547 -0.057846 -0.558846 -0.827252 -0.057846 -0.558846 -0.827252 -0.057846 -0.558846 -0.827252 -0.057854 -0.558847 -0.827250 0.667813 -0.000007 -0.744329 0.667813 -0.000007 -0.744329 0.667813 -0.000007 -0.744329 0.667818 0.000001 -0.744325 0.667818 0.000001 -0.744325 0.667818 0.000001 -0.744325 0.548983 0.000001 -0.835834 0.548983 0.000001 -0.835834 0.548983 0.000001 -0.835834 0.548983 0.000001 -0.835834 0.689325 -0.665681 0.285831 0.689325 -0.665681 0.285831 0.689325 -0.665681 0.285831 0.689323 -0.665684 0.285830 0.719316 -0.694610 0.010118 0.719316 -0.694610 0.010118 0.719316 -0.694610 0.010118 0.719308 -0.694618 0.010111 0.719308 -0.694618 0.010111 0.719308 -0.694618 0.010111 0.692558 -0.668797 -0.270321 0.692558 -0.668797 -0.270321 0.692558 -0.668797 -0.270321 0.692553 -0.668801 -0.270324 0.644314 -0.622213 -0.444647 0.644314 -0.622213 -0.444647 0.644314 -0.622213 -0.444647 0.644330 -0.622200 -0.444642 0.644330 -0.622200 -0.444642 0.644330 -0.622200 -0.444642 0.622523 -0.601132 -0.501103 0.622523 -0.601132 -0.501104 0.622523 -0.601132 -0.501103 0.622488 -0.601169 -0.501104 0.622488 -0.601169 -0.501104 0.622488 -0.601169 -0.501104 0.641695 -0.619717 -0.451861 0.641695 -0.619717 -0.451861 0.641695 -0.619717 -0.451861 0.641700 -0.619711 -0.451862 0.689329 -0.665674 -0.285837 0.689329 -0.665674 -0.285837 0.689329 -0.665674 -0.285837 0.689331 -0.665672 -0.285839 0.719305 -0.694620 -0.010110 0.719305 -0.694620 -0.010110 0.719305 -0.694620 -0.010110 0.719313 -0.694613 -0.010116 0.719313 -0.694613 -0.010116 0.719313 -0.694613 -0.010116 0.692556 -0.668801 0.270317 0.692556 -0.668801 0.270317 0.692557 -0.668801 0.270317 0.692549 -0.668806 0.270322 0.692549 -0.668806 0.270322 0.692549 -0.668806 0.270322 
						0.644319 -0.622208 0.444646 0.644319 -0.622209 0.444645 0.644319 -0.622209 0.444645 0.644308 -0.622218 0.444649 0.644308 -0.622218 0.444649 0.644308 -0.622218 0.444649 0.622499 -0.601157 0.501104 0.622499 -0.601157 0.501104 0.622499 -0.601157 0.501104 0.622505 -0.601152 0.501104 0.641714 -0.619694 0.451866 0.641714 -0.619694 0.451866 0.641714 -0.619694 0.451866 0.641720 -0.619686 0.451868 -0.018688 0.069744 -0.997390 -0.018688 0.069744 -0.997390 -0.018688 0.069744 -0.997390 -0.018688 0.069744 -0.997390 -0.069588 0.069588 -0.995146 -0.069588 0.069588 -0.995146 -0.069588 0.069588 -0.995146 -0.069587 0.069587 -0.995146 -0.069745 0.018688 -0.997390 -0.069745 0.018688 -0.997390 -0.069745 0.018688 -0.997390 -0.069745 0.018688 -0.997390 -0.069744 -0.018688 -0.997390 -0.069744 -0.018688 -0.997390 -0.069744 -0.018688 -0.997390 -0.069743 -0.018687 -0.997390 -0.069587 -0.069586 -0.995146 -0.069587 -0.069586 -0.995146 -0.069587 -0.069586 -0.995146 -0.069589 -0.069588 -0.995146 0.000000 -0.000000 -1.000000 0.000000 -0.000000 -1.000000 0.000000 -0.000000 -1.000000 0.000000 -0.000000 -1.000000 0.000000 -0.000000 -1.000000 0.000000 -0.000000 -1.000000 0.000000 -0.000000 -1.000000 0.000000 -0.000000 -1.000000 0.000000 -0.000000 -1.000000 0.000000 -0.000000 -1.000000 0.000000 -0.000000 -1.000000 0.000000 -0.000000 -1.000000 0.000000 -0.000000 -1.000000 0.000000 -0.000000 -1.000000 0.000000 -0.000000 -1.000000 0.000000 -0.000000 -1.000000 0.000000 -0.000000 -1.000000 0.000000 -0.000000 -1.000000 0.000000 -0.000000 -1.000000 0.000000 -0.000000 -1.000000 0.069586 0.069587 -0.995146 0.069586 0.069587 -0.995146 0.069586 0.069587 -0.995146 0.069586 0.069587 -0.995146 0.018688 0.069745 -0.997390 0.018688 0.069745 -0.997390 0.018688 0.069745 -0.997390 0.018688 0.069745 -0.997390 0.000000 -0.000000 -1.000000 -0.000000 -0.000000 -1.000000 
						0.000000 0.000000 -1.000000 0.000000 0.000000 -1.000000 -0.000000 -0.000000 -1.000000 -0.069604 -0.069604 -0.995143 -0.047541 -0.082344 -0.995469 -0.047542 -0.082346 -0.995469 -0.071381 -0.041212 -0.996597 -0.071381 -0.041212 -0.996597 -0.069621 -0.069622 -0.995141 -0.069737 -0.018686 -0.997390 -0.069750 -0.000000 -0.997564 -0.069753 -0.000000 -0.997564 -0.018688 0.069744 -0.997390 0.000000 0.069747 -0.997565 -0.000000 0.069755 -0.997564 -0.041215 0.071386 -0.996597 -0.041216 0.071388 -0.996597 -0.069744 0.018688 -0.997390 -0.060411 0.034878 -0.997564 -0.060411 0.034878 -0.997564 -0.069755 -0.000000 -0.997564 -0.069755 -0.000000 -0.997564 -0.082350 0.047545 -0.995469 -0.082349 0.047544 -0.995469 -0.069583 0.069583 -0.995146 -0.069584 0.069584 -0.995146 -0.000001 0.000000 -1.000000 0.000000 -0.000000 -1.000000 -0.000004 -0.000000 -1.000000 -0.000003 0.000002 -1.000000 0.000000 -0.000000 -1.000000 -0.000001 0.000001 -1.000000 0.000000 -0.000000 -1.000000 -0.000000 0.000000 -1.000000 -0.000000 0.000001 -1.000000 0.000000 -0.000000 -1.000000 -0.000002 0.000002 -1.000000 0.000000 -0.000001 -1.000000 0.000000 -0.000001 -1.000000 -0.000002 -0.000002 -1.000000 -0.000000 -0.000000 -1.000000 0.000003 0.000002 -1.000000 0.000001 0.000002 -1.000000 0.000000 -0.000000 -1.000000 -0.000002 -0.000002 -1.000000 0.000000 0.000000 -1.000000 0.000000 -0.000000 -1.000000 0.000004 -0.000000 -1.000000 0.018688 0.069743 -0.997390 0.034878 0.060410 -0.997564 0.034878 0.060410 -0.997564 0.018685 0.069735 -0.997391 -0.018689 0.069747 -0.997390 -0.041217 0.071389 -0.996597 -0.041216 0.071388 -0.996597 0.000000 0.069759 -0.997564 0.000000 0.069749 -0.997565 -0.069743 0.018687 -0.997390 -0.060409 0.034877 -0.997564 -0.060415 0.034881 -0.997564 -0.069588 0.069588 -0.995146 -0.082347 0.047543 -0.995469 -0.082348 0.047544 -0.995469 -0.069591 0.069591 -0.995145 
						0.000000 0.000000 -1.000000 0.000000 -0.000000 -1.000000 -0.000000 -0.000000 -1.000000 0.000000 0.000000 -1.000000 0.000000 0.000001 -1.000000 -0.069585 -0.069585 -0.995146 -0.071384 -0.041214 -0.996597 -0.071383 -0.041213 -0.996597 -0.047543 -0.082347 -0.995469 -0.047549 -0.082358 -0.995468 -0.069589 -0.069589 -0.995146 -0.069743 -0.018688 -0.997390 0.018686 0.069738 -0.997390 0.018688 0.069745 -0.997390 0.034879 0.060412 -0.997564 0.034877 0.060409 -0.997564 0.000001 0.000001 -1.000000 0.000000 0.000000 -1.000000 0.000001 0.000002 -1.000000 -0.000001 -0.000001 -1.000000 -0.000000 -0.000000 -1.000000 0.000001 0.000001 -1.000000 -0.000001 -0.000000 -1.000000 -0.000010 0.000010 -1.000000 0.000000 -0.000000 -1.000000 -0.000000 0.000000 -1.000000 0.000002 -0.000001 -1.000000 0.000000 -0.000000 -1.000000 -0.000012 0.000012 -1.000000 -0.000000 0.000000 -1.000000 0.000000 -0.000000 -1.000000 0.000000 -0.000001 -1.000000 0.000000 -0.000000 -1.000000 0.000000 -0.000000 -1.000000 0.000000 -0.000000 -1.000000 -0.000001 0.000001 -1.000000 0.000000 -0.000000 -1.000000 0.000002 -0.000001 -1.000000 0.000000 -0.000000 -1.000000 0.000000 -0.000000 -1.000000 0.000000 -0.000000 -1.000000 -0.000000 0.000000 -1.000000 0.000000 -0.000000 -1.000000 0.000000 -0.000000 -1.000000 0.000000 -0.000000 -1.000000 -0.000000 0.000000 -1.000000 0.000000 -0.000000 -1.000000 -0.000000 -0.000000 -1.000000 
					</float_array>
					<technique_common>
						<accessor count="432" offset="0" source="#meshId1-tangents-array" stride="3">
							<param name="X" type="float" />
							<param name="Y" type="float" />
							<param name="Z" type="float" />
						</accessor>
					</technique_common>
				</source>
				<source id="meshId1-bitangents" name="meshId1-bitangents">
					<float_array id="meshId1-bitangents-array" count="1296"> 
						-0.500000 0.866025 0.000001 0.000000 1.000000 -0.000000 0.000000 1.000000 0.000001 -0.500000 0.866025 0.000001 -0.866025 0.500000 0.000000 -0.866026 0.500000 0.000000 -1.000000 0.000000 0.000000 -0.866025 0.500000 0.000000 -0.866026 0.500000 0.000000 -1.000000 -0.000000 0.000000 -0.866025 -0.500000 -0.000000 -0.866025 -0.500000 0.000000 -0.498298 -0.863078 -0.082433 -0.862102 -0.497735 -0.095084 -0.862101 -0.497734 -0.095091 -0.498298 -0.863078 -0.082435 -0.000000 -0.997564 -0.069758 -0.000000 -0.997564 -0.069758 0.498298 -0.863078 -0.082435 0.498298 -0.863078 -0.082433 0.862101 -0.497734 -0.095092 0.862101 -0.497735 -0.095085 0.997564 -0.000000 -0.069753 0.863916 -0.498782 -0.069753 0.863916 -0.498783 -0.069753 0.997564 -0.000000 -0.069753 0.863079 0.498298 -0.082426 0.863079 0.498298 -0.082426 0.497735 0.862101 -0.095085 0.497735 0.862101 -0.095085 0.500001 0.866025 -0.000002 0.500000 0.866025 -0.000001 -0.500000 0.866025 0.000000 0.000000 1.000000 -0.000000 0.000000 1.000000 0.000000 -0.500000 0.866025 -0.000000 -0.866025 -0.500000 0.000000 -1.000000 0.000001 0.000001 -1.000000 -0.000000 -0.000000 -0.866026 -0.500000 0.000000 -0.500000 -0.866025 0.000000 -0.500000 -0.866025 0.000000 -0.000000 -0.997564 -0.069756 -0.498782 -0.863916 -0.069756 -0.498782 -0.863916 -0.069756 -0.000000 -0.997564 -0.069756 0.498298 -0.863078 -0.082429 0.498298 -0.863078 -0.082429 0.862101 -0.497735 -0.095089 0.862101 -0.497735 -0.095089 0.997564 -0.000000 -0.069757 0.863916 -0.498782 -0.069757 0.863916 -0.498782 -0.069756 0.997564 -0.000001 -0.069756 0.863079 0.498298 -0.082430 0.863078 0.498298 -0.082429 0.497735 0.862101 -0.095090 0.497735 0.862101 -0.095089 0.500000 0.866025 0.000000 0.500000 0.866025 0.000000 -0.500000 0.866026 0.000000 0.000000 1.000000 0.000000 0.000000 1.000000 0.000000 -0.500000 0.866026 -0.000001 
						-0.866025 0.500000 -0.000000 -0.866025 0.500000 -0.000002 -1.000000 0.000000 0.000000 -0.866025 0.500000 0.000000 -0.866025 0.500000 0.000000 -1.000000 -0.000000 0.000000 -0.866025 -0.500000 0.000000 -0.866025 -0.500000 -0.000000 -0.498299 -0.863078 -0.082428 -0.862101 -0.497734 -0.095088 -0.862101 -0.497734 -0.095087 -0.498299 -0.863078 -0.082428 -0.000000 -0.997564 -0.069755 -0.000000 -0.997564 -0.069756 0.498782 -0.863916 -0.069756 0.498782 -0.863916 -0.069757 0.863078 -0.498299 -0.082429 0.497734 -0.862101 -0.095090 0.497734 -0.862101 -0.095088 0.863078 -0.498299 -0.082428 0.997564 -0.000000 -0.069754 0.997564 -0.000000 -0.069754 0.863079 0.498298 -0.082426 0.863079 0.498298 -0.082427 0.497735 0.862101 -0.095085 0.497735 0.862101 -0.095087 0.500000 0.866025 0.000000 0.500001 0.866025 -0.000000 -0.500001 0.866025 0.000001 -0.000002 1.000000 -0.000001 0.000004 1.000000 -0.000000 -0.499997 0.866027 0.000000 -0.866026 0.499999 0.000001 -0.866023 0.500005 -0.000000 -1.000000 0.000000 0.000001 -0.866026 0.499999 -0.000001 -0.866023 0.500005 0.000002 -1.000000 0.000007 0.000001 -0.866027 -0.499997 0.000001 -0.866024 -0.500003 0.000001 -0.498303 -0.863076 -0.082429 -0.862103 -0.497732 -0.095087 -0.862100 -0.497737 -0.095089 -0.498293 -0.863081 -0.082430 -0.000005 -0.997564 -0.069757 0.000010 -0.997564 -0.069756 0.498296 -0.863079 -0.082429 0.498306 -0.863074 -0.082429 0.862098 -0.497740 -0.095089 0.862102 -0.497733 -0.095089 0.997564 -0.000005 -0.069756 0.863913 -0.498788 -0.069755 0.863917 -0.498780 -0.069756 0.997564 0.000001 -0.069756 0.863076 0.498302 -0.082430 0.863082 0.498291 -0.082430 0.497732 0.862103 -0.095090 0.497743 0.862096 -0.095092 0.499997 0.866027 -0.000001 0.500009 0.866020 -0.000001 0.913546 0.406736 0.000000 0.913545 0.406738 0.000000 0.913545 0.406737 -0.000000 0.913547 0.406732 0.000000 
						0.913543 0.406742 0.000000 0.913543 0.406742 0.000000 0.913545 0.406737 0.000000 0.913545 0.406737 0.000000 0.913545 0.406738 0.000000 0.913546 0.406736 0.000000 0.913549 0.406728 0.000000 0.913549 0.406728 -0.000000 0.913546 0.406736 0.000000 0.913544 0.406741 0.000000 0.913545 0.406738 0.000000 0.913544 0.406739 0.000000 0.913547 0.406734 -0.000000 0.913547 0.406732 0.000000 0.913547 0.406733 -0.000000 0.913547 0.406732 0.000000 0.913548 0.406730 0.000000 0.913547 0.406733 0.000000 0.913545 0.406738 0.000000 0.913542 0.406744 0.000000 0.694652 0.719345 0.000000 0.694650 0.719348 0.000000 0.694659 0.719339 0.000000 0.694668 0.719331 0.000000 0.694664 0.719334 0.000000 0.694662 0.719336 0.000000 0.694662 0.719336 0.000000 0.694680 0.719319 0.000000 0.694658 0.719340 0.000000 0.694664 0.719334 0.000000 0.694659 0.719340 -0.000000 0.694667 0.719332 0.000000 -0.182671 0.975826 -0.119979 -0.182671 0.975826 -0.119979 -0.182671 0.975826 -0.119979 -0.182670 0.975826 -0.119981 -0.444417 0.802181 -0.398748 -0.444417 0.802180 -0.398748 -0.444417 0.802181 -0.398748 -0.444417 0.802180 -0.398748 -0.975827 0.182667 0.119979 -0.975827 0.182667 0.119979 -0.975827 0.182667 0.119979 -0.975827 0.182667 0.119978 -0.975827 -0.182668 -0.119978 -0.975827 -0.182668 -0.119978 -0.975827 -0.182668 -0.119978 -0.975827 -0.182666 -0.119979 -0.802182 -0.444422 -0.398740 -0.802182 -0.444422 -0.398740 -0.802182 -0.444422 -0.398740 -0.802182 -0.444422 -0.398739 -0.215447 -0.974049 0.069359 -0.215447 -0.974049 0.069359 -0.215447 -0.974049 0.069359 -0.215448 -0.974049 0.069358 0.149801 -0.974111 -0.169315 0.149801 -0.974111 -0.169315 0.149801 -0.974111 -0.169315 0.149800 -0.974111 -0.169316 0.401758 -0.800609 -0.444540 0.401758 -0.800609 -0.444540 0.401758 -0.800609 -0.444540 0.401759 -0.800609 -0.444539 
						0.974048 -0.215453 0.069355 0.974048 -0.215453 0.069356 0.974048 -0.215453 0.069356 0.974049 -0.215449 0.069362 0.974110 0.149804 -0.169315 0.974110 0.149804 -0.169315 0.974110 0.149804 -0.169315 0.974110 0.149800 -0.169322 0.444426 0.802184 0.398732 0.444426 0.802184 0.398732 0.444426 0.802184 0.398732 0.444419 0.802184 0.398739 0.444419 0.802184 0.398739 0.444419 0.802184 0.398739 0.182669 0.975826 0.119979 0.182669 0.975826 0.119979 0.182669 0.975826 0.119979 0.182669 0.975826 0.119979 0.538974 0.734877 0.411658 0.538974 0.734877 0.411658 0.538974 0.734877 0.411658 0.538977 0.734874 0.411660 0.597498 0.626048 0.501059 0.597498 0.626048 0.501059 0.597498 0.626048 0.501059 0.597508 0.626039 0.501059 0.597508 0.626039 0.501059 0.597508 0.626039 0.501059 0.709605 0.564245 0.422005 0.709605 0.564245 0.422006 0.709605 0.564245 0.422006 0.709610 0.564240 0.422004 0.753681 0.615234 0.231196 0.753681 0.615234 0.231196 0.753681 0.615234 0.231196 0.753667 0.615248 0.231205 0.753667 0.615248 0.231205 0.753667 0.615248 0.231205 0.697771 0.716281 0.007582 0.697771 0.716281 0.007582 0.697771 0.716281 0.007582 0.697803 0.716250 0.007556 0.697803 0.716250 0.007556 0.697803 0.716250 0.007556 0.594887 0.774032 -0.216758 0.594887 0.774032 -0.216758 0.594887 0.774032 -0.216758 0.594882 0.774036 -0.216755 0.538969 0.734883 -0.411654 0.538969 0.734883 -0.411654 0.538969 0.734883 -0.411654 0.538966 0.734886 -0.411653 0.597510 0.626037 -0.501059 0.597510 0.626037 -0.501059 0.597510 0.626037 -0.501059 0.597501 0.626045 -0.501059 0.597501 0.626045 -0.501059 0.597501 0.626045 -0.501059 0.709605 0.564242 -0.422008 0.709605 0.564242 -0.422008 0.709605 0.564242 -0.422008 0.709612 0.564235 -0.422005 0.709612 0.564236 -0.422005 0.709612 0.564236 -0.422005 
						0.753677 0.615239 -0.231198 0.753677 0.615239 -0.231198 0.753677 0.615239 -0.231198 0.753686 0.615230 -0.231192 0.753686 0.615230 -0.231192 0.753686 0.615230 -0.231192 0.697791 0.716262 -0.007560 0.697791 0.716262 -0.007560 0.697791 0.716262 -0.007560 0.697786 0.716266 -0.007564 0.594866 0.774051 0.216747 0.594866 0.774051 0.216747 0.594866 0.774051 0.216747 0.594860 0.774057 0.216743 0.258146 -0.963404 -0.072205 0.258146 -0.963404 -0.072205 0.258146 -0.963404 -0.072205 0.258146 -0.963404 -0.072205 0.703674 -0.703674 -0.098412 0.703674 -0.703674 -0.098412 0.703674 -0.703674 -0.098412 0.703674 -0.703674 -0.098411 0.963405 -0.258141 -0.072205 0.963405 -0.258141 -0.072205 0.963405 -0.258141 -0.072205 0.963405 -0.258141 -0.072205 0.963405 0.258142 -0.072204 0.963405 0.258142 -0.072204 0.963405 0.258141 -0.072204 0.963405 0.258141 -0.072203 0.703677 0.703672 -0.098410 0.703677 0.703672 -0.098410 0.703677 0.703672 -0.098410 0.703677 0.703672 -0.098413 0.258826 0.965924 -0.000000 0.258826 0.965924 -0.000000 0.258826 0.965924 -0.000000 0.258826 0.965924 -0.000000 -0.258815 0.965927 -0.000000 -0.258815 0.965927 -0.000000 -0.258815 0.965927 -0.000000 -0.258815 0.965927 -0.000000 -0.707105 0.707108 -0.000000 -0.707105 0.707108 -0.000000 -0.707105 0.707108 -0.000000 -0.707105 0.707108 -0.000000 -0.965923 0.258829 -0.000000 -0.965923 0.258829 -0.000000 -0.965923 0.258829 -0.000000 -0.965923 0.258829 -0.000000 -0.965926 -0.258818 -0.000000 -0.965926 -0.258818 -0.000000 -0.965926 -0.258818 -0.000000 -0.965926 -0.258819 -0.000000 -0.703669 -0.703680 -0.098411 -0.703669 -0.703680 -0.098411 -0.703669 -0.703680 -0.098411 -0.703669 -0.703680 -0.098410 -0.258144 -0.963405 -0.072205 -0.258144 -0.963405 -0.072205 -0.258143 -0.963405 -0.072205 -0.258144 -0.963405 -0.072205 0.258819 0.965926 -0.000000 0.000001 1.000000 -0.000000 
						0.000001 1.000000 0.000000 0.500000 0.866025 0.000000 0.500001 0.866025 -0.000000 0.703673 0.703672 -0.098435 0.497735 0.862101 -0.095083 0.497735 0.862101 -0.095084 0.863079 0.498298 -0.082424 0.863079 0.498298 -0.082423 0.703671 0.703671 -0.098459 0.963405 0.258143 -0.072197 0.997564 -0.000000 -0.069750 0.997564 -0.000001 -0.069753 0.258143 -0.963405 -0.072204 0.000000 -0.997565 -0.069747 0.000001 -0.997564 -0.069755 0.498298 -0.863079 -0.082430 0.498297 -0.863079 -0.082432 0.963404 -0.258144 -0.072205 0.863916 -0.498783 -0.069756 0.863916 -0.498782 -0.069757 0.997564 -0.000000 -0.069755 0.997564 -0.000000 -0.069755 0.862101 -0.497735 -0.095090 0.862101 -0.497735 -0.095089 0.703672 -0.703677 -0.098405 0.703672 -0.703677 -0.098407 -0.965926 0.258819 0.000001 -1.000000 -0.000000 -0.000000 -1.000000 -0.000000 0.000004 -0.866025 0.500000 0.000004 -0.866026 0.500000 -0.000000 -0.707107 0.707107 0.000002 -0.866026 0.500000 -0.000000 -0.866025 0.500000 0.000000 -0.500000 0.866025 0.000001 -0.500000 0.866025 -0.000000 -0.707107 0.707107 0.000003 -0.258819 0.965926 -0.000001 -0.258817 0.965926 -0.000001 -0.707107 -0.707107 0.000002 -0.866026 -0.500000 0.000000 -0.866025 -0.500000 -0.000003 -0.500000 -0.866025 -0.000002 -0.500000 -0.866026 0.000000 -0.707107 -0.707107 0.000003 -0.965926 -0.258819 -0.000000 -1.000000 -0.000000 -0.000000 -1.000000 -0.000000 -0.000004 -0.258144 -0.963405 -0.072204 -0.498782 -0.863916 -0.069755 -0.498782 -0.863916 -0.069755 -0.258144 -0.963405 -0.072195 0.258143 -0.963404 -0.072208 0.498299 -0.863078 -0.082433 0.498298 -0.863078 -0.082432 -0.000001 -0.997564 -0.069759 -0.000001 -0.997565 -0.069749 0.963405 -0.258144 -0.072203 0.863916 -0.498782 -0.069754 0.863915 -0.498782 -0.069761 0.703674 -0.703675 -0.098412 0.862101 -0.497735 -0.095086 0.862101 -0.497735 -0.095088 0.703674 -0.703674 -0.098416 
						0.258819 0.965926 0.000000 0.500000 0.866025 -0.000000 0.500000 0.866025 -0.000000 -0.000000 1.000000 0.000000 -0.000000 1.000000 0.000001 0.703675 0.703674 -0.098407 0.863079 0.498298 -0.082428 0.863079 0.498298 -0.082426 0.497735 0.862101 -0.095086 0.497734 0.862100 -0.095099 0.703675 0.703674 -0.098414 0.963405 0.258143 -0.072203 -0.258145 -0.963405 -0.072198 -0.258144 -0.963404 -0.072206 -0.498782 -0.863916 -0.069758 -0.498782 -0.863916 -0.069754 -0.707107 -0.707107 -0.000001 -0.500000 -0.866025 -0.000000 -0.500000 -0.866025 -0.000002 -0.866025 -0.500000 0.000001 -0.866025 -0.500000 0.000000 -0.707107 -0.707107 -0.000002 -0.965926 -0.258819 0.000001 -0.707107 0.707107 0.000014 -0.500000 0.866025 -0.000000 -0.500000 0.866025 0.000000 -0.866025 0.500000 -0.000002 -0.866025 0.500000 -0.000000 -0.707107 0.707107 0.000017 -0.500000 0.866025 0.000000 -0.500000 0.866025 -0.000000 -0.258819 0.965926 -0.000001 -0.258819 0.965926 -0.000000 -0.965926 0.258819 -0.000000 -0.866023 0.500004 -0.000000 -0.866024 0.500003 0.000001 -0.849059 0.528298 -0.000000 -0.965926 0.258819 -0.000002 -0.965926 0.258819 -0.000000 -0.965925 0.258824 -0.000000 -0.816252 0.577696 -0.000000 -0.866024 0.500003 0.000000 -0.866023 0.500004 -0.000000 -0.816252 0.577696 -0.000000 -0.707107 0.707107 -0.000000 -0.707107 0.707107 0.000000 -0.707107 0.707107 -0.000000 -0.849059 0.528298 0.000000 
					</float_array>
					<technique_common>
						<accessor count="432" offset="0" source="#meshId1-bitangents-array" stride="3">
							<param name="X" type="float" />
							<param name="Y" type="float" />
							<param name="Z" type="float" />
						</accessor>
					</technique_common>
				</source>
				<source id="meshId1-tex0" name="meshId1-tex0">
					<float_array id="meshId1-tex0-array" count="864"> 
						0.487387 0.402124 0.487387 0.391503 0.500863 0.391503 0.500863 0.402124 0.487387 0.409900 0.500863 0.409900 0.456957 0.467161 0.456957 0.456957 0.469903 0.456957 0.469903 0.467161 0.456957 0.477364 0.469903 0.477364 0.382947 0.464876 0.383501 0.456957 0.397226 0.457916 0.396672 0.465836 0.382191 0.475694 0.395915 0.476653 0.381434 0.486511 0.395159 0.487471 0.380881 0.494431 0.394605 0.495390 0.397379 0.538557 0.398120 0.527961 0.411564 0.528901 0.410823 0.539497 0.396638 0.549153 0.410082 0.550093 0.396096 0.556910 0.409539 0.557850 0.487387 0.380881 0.500863 0.380881 0.005572 0.071387 0.005572 0.061302 0.352453 0.061302 0.352453 0.071387 0.005572 0.035386 0.005572 0.025167 0.357087 0.025167 0.357087 0.035386 0.005572 0.042867 0.357087 0.042867 0.640758 0.081563 0.641461 0.071504 0.987440 0.095698 0.986737 0.105756 0.640054 0.091621 0.986033 0.115814 0.639539 0.098985 0.985518 0.123178 0.640758 0.111993 0.641461 0.101935 0.987440 0.126128 0.986737 0.136186 0.640054 0.122052 0.986033 0.146245 0.639539 0.129415 0.985518 0.153608 0.005572 0.051217 0.352453 0.051217 0.553320 0.579026 0.553320 0.568709 0.591786 0.568709 0.591786 0.579026 
						0.553320 0.586579 0.591786 0.586579 0.553320 0.598945 0.553320 0.588822 0.591059 0.588822 0.591059 0.598945 0.553320 0.609067 0.591059 0.609067 0.549688 0.418846 0.550214 0.411311 0.588587 0.413994 0.588060 0.421529 0.548968 0.429138 0.587340 0.431821 0.548248 0.439430 0.586620 0.442113 0.529947 0.307340 0.530478 0.299733 0.569224 0.302442 0.568692 0.310050 0.529220 0.317733 0.567965 0.320442 0.528493 0.328125 0.567238 0.330834 0.527961 0.335733 0.566706 0.338442 0.553320 0.558392 0.591786 0.558392 0.889527 0.987739 0.889527 0.971672 0.984134 0.971672 0.984134 0.987739 0.889527 0.999500 0.984134 0.999500 0.123526 0.670660 0.123526 0.654755 0.217186 0.654755 0.217186 0.670660 0.123526 0.686566 0.217186 0.686566 0.886643 0.894610 0.887456 0.882983 0.980986 0.889523 0.980173 0.901151 0.885532 0.910494 0.979062 0.917035 0.884421 0.926377 0.977951 0.932918 0.883608 0.938005 0.977138 0.944545 0.205190 0.726249 0.206288 0.710544 0.298769 0.717011 0.297671 0.732716 0.204092 0.741955 0.296572 0.748421 0.203288 0.753452 0.295768 0.759918 0.889527 0.955606 0.984134 0.955605 0.323107 0.461827 0.307515 0.459357 0.311745 0.449855 0.322019 0.451482 
						0.337844 0.456169 0.331730 0.447754 0.347779 0.443901 0.338277 0.439670 0.350248 0.428309 0.339904 0.429396 0.344591 0.413571 0.336176 0.419685 0.332323 0.403637 0.328092 0.413139 0.316731 0.401168 0.317818 0.411512 0.301993 0.406825 0.308107 0.415240 0.292059 0.419093 0.301561 0.423324 0.289589 0.434685 0.299934 0.433597 0.295246 0.449422 0.303662 0.443309 0.593025 0.624812 0.593163 0.632733 0.589323 0.639663 0.582532 0.643743 0.574611 0.643881 0.567682 0.640040 0.563602 0.633249 0.563463 0.625328 0.567304 0.618399 0.574095 0.614319 0.582016 0.614181 0.588945 0.618021 0.872840 0.982258 0.872840 0.971672 0.889527 0.971672 0.889527 0.987739 0.872840 0.990008 0.872840 0.982258 0.889527 0.987739 0.889527 0.999500 0.107007 0.670660 0.107007 0.660180 0.123526 0.654755 0.123526 0.670660 0.107007 0.681140 0.107007 0.670660 0.123526 0.670660 0.123526 0.686566 0.107007 0.688813 0.107007 0.681140 0.123526 0.686566 0.123526 0.698209 0.869035 0.909340 0.869767 0.898875 0.886643 0.894610 0.885532 0.910494 0.868303 0.919806 0.869035 0.909340 0.885532 0.910494 0.884421 0.926377 0.867768 0.927468 0.868303 0.919806 0.884421 0.926377 0.883608 0.938005 
						0.188878 0.725109 0.189602 0.714760 0.206288 0.710544 0.205190 0.726249 0.188154 0.735457 0.188878 0.725109 0.205190 0.726249 0.204092 0.741955 0.872840 0.961086 0.872840 0.953336 0.889527 0.943844 0.889527 0.943844 0.889527 0.955606 0.872840 0.961086 0.872840 0.971672 0.872840 0.961086 0.889527 0.955606 0.889527 0.971672 0.552865 0.376229 0.559995 0.371945 0.563614 0.375439 0.554251 0.381064 0.544547 0.376374 0.552865 0.376229 0.554251 0.381064 0.554251 0.381064 0.543330 0.381255 0.544547 0.376374 0.537271 0.372341 0.544547 0.376374 0.543330 0.381255 0.533777 0.375959 0.532987 0.365211 0.537271 0.372341 0.533777 0.375959 0.533777 0.375959 0.528152 0.366597 0.532987 0.365211 0.532841 0.356893 0.532987 0.365211 0.528152 0.366597 0.528152 0.366597 0.527961 0.355676 0.532841 0.356893 0.536875 0.349617 0.532841 0.356893 0.527961 0.355676 0.533256 0.346123 0.544005 0.345332 0.536875 0.349617 0.533256 0.346123 0.542619 0.340497 0.552323 0.345187 0.544005 0.345332 0.542619 0.340497 0.542619 0.340497 0.553540 0.340307 0.552323 0.345187 0.559599 0.349220 0.552323 0.345187 0.553540 0.340307 0.553540 0.340307 0.563093 0.345602 0.559599 0.349220 
						0.563883 0.356351 0.559599 0.349220 0.563093 0.345602 0.563093 0.345602 0.568718 0.354965 0.563883 0.356351 0.564029 0.364669 0.563883 0.356351 0.568718 0.354965 0.568909 0.365885 0.559995 0.371945 0.564029 0.364669 0.568909 0.365885 0.563614 0.375439 0.988392 0.070934 0.987858 0.078582 0.488313 0.043650 0.488848 0.036002 0.987660 0.061436 0.987269 0.067038 0.487387 0.032083 0.487779 0.026481 0.988195 0.053783 0.987660 0.061436 0.487779 0.026481 0.488314 0.018828 0.988731 0.046130 0.988195 0.053783 0.488314 0.018828 0.488849 0.011174 0.989122 0.040527 0.988731 0.046130 0.488849 0.011174 0.489241 0.005572 0.506336 0.977410 0.506336 0.985077 0.005572 0.985077 0.005572 0.977410 0.506336 0.969743 0.506336 0.977410 0.005572 0.977410 0.005572 0.969743 0.506336 0.964131 0.506336 0.969743 0.005572 0.969743 0.005572 0.964131 0.505661 0.941357 0.505661 0.949013 0.005572 0.949013 0.005572 0.941357 0.505661 0.933700 0.505661 0.941357 0.005572 0.941357 0.005572 0.933700 0.987323 0.086230 0.986931 0.091829 0.487387 0.056897 0.487779 0.051298 0.987858 0.078582 0.987323 0.086230 0.487779 0.051298 0.488313 0.043650 0.501914 0.420554 0.501914 0.421809 
						0.482315 0.421809 0.482315 0.411311 0.501914 0.411311 0.415711 0.516450 0.415647 0.517366 0.396096 0.515999 0.396632 0.508333 0.416183 0.509700 0.415776 0.515519 0.416270 0.508448 0.397364 0.497860 0.416915 0.499227 0.478305 0.206131 0.478489 0.203504 0.519516 0.206373 0.518797 0.216651 0.477770 0.213782 0.479023 0.226284 0.479207 0.223657 0.520234 0.226526 0.519516 0.236803 0.478488 0.233934 0.518271 0.224175 0.477244 0.221306 0.477635 0.215705 0.477643 0.215594 0.501914 0.450985 0.501914 0.452240 0.482315 0.452240 0.482315 0.441741 0.501914 0.441741 0.501914 0.439074 0.501914 0.439993 0.482315 0.439993 0.482315 0.432308 0.501914 0.432308 0.501914 0.434517 0.501914 0.431053 0.501914 0.422126 0.517818 0.289511 0.517818 0.287566 0.559323 0.287566 0.559323 0.295177 0.517818 0.295177 0.517818 0.292989 0.517818 0.279826 0.517818 0.277168 0.559323 0.277168 0.479023 0.195853 0.479207 0.193226 0.520234 0.196095 0.478510 0.203193 0.426414 0.467874 0.426326 0.469126 0.406775 0.467759 0.407508 0.457286 0.427058 0.458653 0.417003 0.497975 0.398097 0.487387 0.417647 0.488754 0.425854 0.475876 0.425790 0.476792 0.406239 0.475425 0.426197 0.470974 
						0.548248 0.388539 0.548248 0.385952 0.588639 0.385952 0.588639 0.396071 0.548248 0.396071 0.477635 0.246136 0.477770 0.244212 0.518797 0.247081 0.518271 0.254605 0.477244 0.251736 0.477370 0.249924 0.478305 0.236562 0.427081 0.458337 0.427146 0.457401 0.408240 0.446813 0.427791 0.448180 0.501914 0.469504 0.501914 0.470423 0.482315 0.470423 0.482315 0.462738 0.501914 0.462738 0.501914 0.468214 0.501914 0.461483 0.517818 0.261105 0.517818 0.259159 0.559323 0.259159 0.559323 0.266771 0.517818 0.266771 0.517818 0.261347 0.588639 0.406189 0.548248 0.406189 0.548248 0.398657 0.548248 0.396377 0.517818 0.269428 0.357087 0.014947 0.005572 0.014947 0.154731 0.014947 0.154669 0.015041 0.221093 0.015041 0.257413 0.015041 0.257292 0.014947 0.005572 0.078769 0.352453 0.078769 0.253974 0.078769 0.254093 0.078320 0.213831 0.078320 0.152574 0.078320 0.152765 0.078769 
					</float_array>
					<technique_common>
						<accessor count="432" offset="0" source="#meshId1-tex0-array" stride="2">
							<param name="S" type="float" />
							<param name="T" type="float" />
						</accessor>
					</technique_common>
				</source>
				<vertices id="meshId1-vertices">
					<input semantic="POSITION" source="#meshId1-positions" />
				</vertices>
				<polylist count="296" material="defaultMaterial">
					<input offset="0" semantic="VERTEX" source="#meshId1-vertices" />
					<input offset="0" semantic="NORMAL" source="#meshId1-normals" />
					<input offset="0" semantic="TANGENT" source="#meshId1-tangents" />
					<input offset="0" semantic="BINORMAL" source="#meshId1-bitangents" />
					<input offset="0" semantic="TEXCOORD" source="#meshId1-tex0" set="0" />
					<vcount>
						3 3 3 3 3 3 3 3 3 3 3 3 3 3 3 3 3 3 3 3 3 3 3 3 3 3 3 3 3 3 3 3 3 3 3 3 3 3 3 3 3 3 3 3 3 3 3 3 3 3 3 3 3 3 3 3 3 3 3 3 3 3 3 3 
						3 3 3 3 3 3 3 3 3 3 3 3 3 3 3 3 3 3 3 3 3 3 3 3 3 3 3 3 3 3 3 3 3 3 3 3 3 3 3 3 3 3 3 3 3 3 3 3 3 3 3 3 3 3 3 3 3 3 3 3 3 3 3 3 
						3 3 3 3 3 3 3 3 3 3 3 3 3 3 3 3 3 3 3 3 3 3 3 3 3 3 3 3 3 3 3 3 3 3 3 3 3 3 3 3 3 3 3 3 3 3 3 3 3 3 3 3 3 3 3 3 3 3 3 3 3 3 3 3 
						3 3 3 3 3 3 3 3 3 3 3 3 3 3 3 3 3 3 3 3 3 3 3 3 3 3 3 3 3 3 3 3 3 3 3 3 3 3 3 3 3 3 3 3 3 3 3 3 3 3 3 3 3 3 3 3 3 3 3 3 3 3 3 3 
						3 3 3 3 3 3 3 3 3 3 3 3 3 3 3 3 3 3 3 3 3 3 3 3 3 3 3 3 3 3 3 3 3 3 3 3 3 3 3 3 
					</vcount>
					<p>
						0 1 2 2 3 0 4 0 3 3 5 4 6 7 8 8 9 6 10 6 9 9 11 10 12 13 14 14 15 12 16 12 15 15 17 16 18 16 17 17 19 18 20 18 19 19 21 20 22 23 24 24 25 22 26 22 25 25 27 26 28 26 27 27 29 28 1 30 31 31 2 1 32 33 34 34 35 32 36 37 38 38 39 36 40 36 39 39 41 40 42 43 44 44 45 42 46 42 45 45 47 46 48 46 47 47 49 48 50 51 52 52 53 50 54 50 53 53 55 54 56 54 55 55 57 56 33 58 59 59 34 33 60 61 62 62 63 60 64 60 63 63 65 64 66 67 68 68 69 66 70 66 69 69 71 70 72 73 74 74 75 72 76 72 75 75 77 76 78 76 77 77 79 78 80 81 82 82 83 80 84 80 83 83 85 84 86 84 85 85 87 86 
						88 86 87 87 89 88 61 90 91 91 62 61 92 93 94 94 95 92 96 92 95 95 97 96 98 99 100 100 101 98 102 98 101 101 103 102 104 105 106 106 107 104 108 104 107 107 109 108 110 108 109 109 111 110 112 110 111 111 113 112 114 115 116 116 117 114 118 114 117 117 119 118 120 118 119 119 121 120 93 122 123 123 94 93 124 125 126 126 127 124 128 124 127 127 129 128 130 128 129 129 131 130 132 130 131 131 133 132 134 132 133 133 135 134 136 134 135 135 137 136 138 136 137 137 139 138 140 138 139 139 141 140 142 140 141 141 143 142 144 142 143 143 145 144 146 144 145 145 147 146 125 146 147 147 126 125 148 149 150 150 151 152 152 153 154 150 152 154 154 155 156 156 157 158 154 156 158 150 154 158 148 150 158 148 158 159 160 161 162 162 163 160 
						164 165 166 166 167 164 168 169 170 170 171 168 172 173 174 174 175 172 176 177 178 178 179 176 180 181 182 182 183 180 184 185 186 186 187 184 188 189 190 190 191 188 192 193 194 194 195 192 196 197 198 198 199 196 200 201 202 203 204 205 206 207 208 208 209 206 210 211 212 212 213 210 214 215 216 217 218 219 220 221 222 222 223 220 224 225 226 227 228 229 230 231 232 233 234 235 236 237 238 238 239 236 240 241 242 242 243 240 244 245 246 247 248 249 250 251 252 253 254 255 256 257 258 259 260 261 262 263 264 264 265 262 266 267 268 268 269 266 270 271 272 272 273 270 274 275 276 276 277 274 278 279 280 280 281 278 282 283 284 284 285 282 286 287 288 288 289 286 290 291 292 292 293 290 294 295 296 296 297 294 298 299 300 300 301 298 302 303 304 304 305 302 
						306 307 308 308 309 306 310 311 312 312 313 310 314 315 316 316 317 314 318 319 320 318 320 321 318 321 322 323 324 325 323 325 326 326 327 328 323 326 328 329 327 326 329 326 330 329 330 331 332 333 334 332 334 335 332 335 336 337 338 339 337 339 340 337 340 341 342 343 344 335 342 344 335 344 345 335 345 336 346 347 348 346 348 349 346 349 350 351 352 353 351 353 354 354 355 356 351 354 356 357 355 354 357 354 320 320 319 358 357 320 358 359 360 361 359 361 362 362 363 364 359 362 364 365 366 367 365 367 361 365 361 360 368 369 370 368 370 334 334 333 371 368 334 371 372 373 374 372 374 375 372 375 376 377 331 330 377 330 378 377 378 379 380 381 382 380 382 374 374 373 383 380 374 383 384 385 386 384 386 387 384 387 388 389 390 391 389 391 392 392 393 394 
						389 392 394 395 341 340 395 340 391 395 391 390 396 376 375 397 396 375 397 375 398 397 398 399 400 401 402 400 402 403 403 404 405 400 403 405 406 404 403 406 403 348 406 348 347 407 408 409 407 409 410 410 411 412 407 410 412 413 414 415 387 413 415 387 415 416 387 416 388 417 411 410 417 410 367 417 367 366 418 38 37 419 420 421 37 419 421 37 421 422 37 422 423 418 37 423 418 423 424 425 32 35 426 427 428 35 426 428 35 428 429 35 429 430 425 35 430 425 430 431 
					</p>
				</polylist>
			</mesh>
		</geometry>
		<geometry id="meshId2" name="meshId2_name" >
			<mesh>
				<source id="meshId2-positions" name="meshId2-positions">
					<float_array id="meshId2-positions-array" count="1527"> 
						3.046364 1.758818 3.477158 3.517636 -0.000009 3.477158 3.517640 0.000009 0.000000 3.046364 1.758819 0.000000 1.758819 3.046363 3.477158 1.758819 3.046364 0.000000 0.000000 3.517637 3.477158 1.758819 3.046363 3.477158 1.758819 3.046364 0.000000 -0.000000 3.517638 0.000000 -1.758819 3.046363 3.477158 -1.758811 3.046367 0.000000 -3.046363 1.758818 3.477158 -3.046362 1.758827 0.000000 -3.517636 -0.000007 3.477158 -3.046363 1.758818 3.477158 -3.046362 1.758827 0.000000 -3.517639 0.000008 0.000000 -3.046363 -1.758825 3.477158 -3.046369 -1.758803 0.000000 -1.758820 -3.046365 3.477161 -1.758838 -3.046357 0.000004 0.000008 -3.517641 3.477161 -1.758820 -3.046365 3.477161 -1.758838 -3.046357 0.000004 -0.000020 -3.517632 0.000004 1.758824 -3.046359 3.477161 1.758816 -3.046366 0.000004 3.046361 -1.758830 3.477158 1.758824 -3.046359 3.477161 1.758816 -3.046366 0.000004 3.046368 -1.758804 0.000000 3.942934 2.276463 14.911533 4.552915 0.000000 14.911533 4.552920 -0.000037 3.477158 3.942947 2.276429 3.477158 2.276451 3.942945 14.911533 2.276469 3.942927 3.477158 -3.942933 2.276482 14.911533 -2.276484 3.942932 14.911533 -2.276443 3.942942 3.477158 -3.942941 2.276449 3.477158 -4.552913 0.000018 14.911533 -3.942933 2.276482 14.911533 -3.942941 2.276449 3.477158 -4.552915 -0.000014 3.477158 -3.942965 -2.276421 14.911537 -3.942926 -2.276474 3.477161 -2.276433 -3.942966 14.911537 -2.276471 -3.942928 3.477161 -0.000028 -4.552908 14.911533 -2.276433 -3.942966 14.911537 -2.276471 -3.942928 3.477161 0.000025 -4.552923 3.477161 2.276432 -3.942966 14.911537 2.276486 -3.942910 3.477161 3.942953 -2.276440 14.911537 3.942913 -2.276492 3.477161 3.942953 -2.276440 14.911537 3.942913 -2.276492 3.477161 3.046365 1.758818 18.201122 3.517637 -0.000009 18.201122 3.517639 0.000000 14.911533 3.046359 1.758825 14.911533 
						1.758819 3.046362 18.201122 3.046365 1.758818 18.201122 3.046359 1.758825 14.911533 1.758813 3.046370 14.911533 0.000000 3.517637 18.201122 -0.000000 3.517637 14.911533 -1.758819 3.046362 18.201122 -1.758829 3.046360 14.911533 -3.046363 1.758819 18.201122 -1.758819 3.046362 18.201122 -1.758829 3.046360 14.911533 -3.046362 1.758827 14.911533 -3.517636 -0.000007 18.201122 -3.517639 0.000006 14.911533 -3.046360 -1.758834 18.201122 -3.046369 -1.758804 14.911533 -1.758812 -3.046366 18.201122 -3.046360 -1.758834 18.201122 -3.046369 -1.758804 14.911533 -1.758820 -3.046364 14.911537 -0.000001 -3.517638 18.201122 -0.000008 -3.517638 14.911537 1.758818 -3.046366 18.201122 1.758807 -3.046377 14.911537 3.046361 -1.758830 18.201122 3.046365 -1.758814 14.911533 3.046361 -1.758830 18.201122 3.046365 -1.758814 14.911533 3.046371 1.758811 53.970963 3.517639 -0.000002 53.970963 3.517640 0.000005 51.048134 3.046358 1.758824 51.048134 1.758820 3.046363 53.970963 1.758813 3.046370 51.048134 0.000000 3.517636 53.970963 1.758820 3.046363 53.970963 1.758813 3.046370 51.048134 -0.000008 3.517635 51.048134 -1.758819 3.046363 53.970963 -1.758827 3.046361 51.048134 -3.046363 1.758818 53.970963 -1.758819 3.046363 53.970963 -1.758827 3.046361 51.048134 -3.046363 1.758819 51.048134 -3.517637 -0.000001 53.970963 -3.517637 0.000003 51.048134 -3.046363 -1.758820 53.970963 -3.046367 -1.758809 51.048134 -1.758820 -3.046365 53.970963 -1.758828 -3.046363 51.048134 -0.000001 -3.517638 53.970966 -1.758820 -3.046365 53.970963 -1.758828 -3.046363 51.048134 -0.000005 -3.517638 51.048134 1.758818 -3.046366 53.970963 1.758815 -3.046369 51.048134 3.046364 -1.758822 53.970963 1.758818 -3.046366 53.970963 1.758815 -3.046369 51.048134 3.046365 -1.758816 51.048134 3.942928 2.276466 62.185738 4.552910 -0.000019 62.185738 4.552919 0.000014 53.970963 3.942946 2.276450 53.970963 
						2.276470 3.942926 62.185738 2.276458 3.942938 53.970963 0.000000 4.552912 62.185738 2.276470 3.942926 62.185738 2.276458 3.942938 53.970963 0.000000 4.552913 53.970963 -2.276482 3.942930 62.185738 -2.276441 3.942943 53.970963 -2.276441 3.942943 53.970963 -3.942934 2.276472 53.970963 -3.942938 2.276456 57.937813 -3.920259 2.299135 58.022457 -3.905282 2.314111 58.078346 -3.942939 2.276454 58.218884 -3.942944 2.276439 62.185738 -2.276482 3.942930 62.185738 -2.276425 -3.942950 62.185738 -3.942944 -2.276442 62.185738 -3.942939 -2.276458 58.078354 -3.942935 -2.276475 53.970963 -2.276492 -3.942931 53.970966 -0.000006 -4.552915 62.185738 -2.276425 -3.942950 62.185738 -2.276492 -3.942931 53.970966 -0.000005 -4.552915 53.970966 2.276426 -3.942973 62.185738 2.276478 -3.942920 53.970966 3.942930 -2.276495 62.185738 3.942948 -2.276429 53.970963 3.942930 -2.276495 62.185738 3.942948 -2.276429 53.970963 3.046365 1.758816 65.108566 3.517637 -0.000009 65.108566 3.517639 -0.000002 62.185738 3.046364 1.758817 62.185738 1.758820 3.046361 65.108566 3.046365 1.758816 65.108566 3.046364 1.758817 62.185738 1.758820 3.046362 62.185738 0.000001 3.517635 65.108566 0.000000 3.517636 62.185738 -1.758818 3.046361 65.108566 -1.758827 3.046360 62.185738 -3.046363 1.758817 65.108566 -1.758818 3.046361 65.108566 -1.758827 3.046360 62.185738 -3.046363 1.758817 62.185738 -3.517636 -0.000005 65.108566 -3.517638 -0.000001 62.185738 -3.046355 -1.758829 65.108566 -3.046364 -1.758821 62.185738 -1.758813 -3.046371 65.108566 -1.758820 -3.046365 62.185738 -0.000001 -3.517641 65.108566 -1.758813 -3.046371 65.108566 -1.758820 -3.046365 62.185738 -0.000001 -3.517640 62.185738 1.758818 -3.046367 65.108566 1.758816 -3.046370 62.185738 3.046362 -1.758830 65.108566 3.046364 -1.758823 62.185738 3.046362 -1.758830 65.108566 3.046364 -1.758823 62.185738 3.517637 -0.000009 18.201122 
						3.046365 1.758818 18.201122 2.598077 1.499999 18.201122 3.000001 -0.000001 18.201122 3.046361 -1.758830 18.201122 2.598076 -1.500003 18.201122 1.758818 -3.046366 18.201122 1.499999 -2.598078 18.201122 -0.000001 -3.517638 18.201122 -0.000001 -3.000000 18.201122 -1.758812 -3.046366 18.201122 -1.500001 -2.598076 18.201122 -3.046360 -1.758834 18.201122 -2.598076 -1.500000 18.201122 -3.517636 -0.000007 18.201122 -3.000000 0.000000 18.201122 -3.046363 1.758819 18.201122 -2.598075 1.499999 18.201122 -1.758819 3.046362 18.201122 -1.500000 2.598075 18.201122 0.000000 3.517637 18.201122 0.000000 2.999999 18.201122 1.758819 3.046362 18.201122 1.500000 2.598075 18.201122 3.046358 1.758824 51.048134 3.517640 0.000005 51.048134 3.000000 -0.000001 51.048134 2.598076 1.499999 51.048134 1.758813 3.046370 51.048134 1.500000 2.598076 51.048134 -0.000008 3.517635 51.048134 0.000000 3.000000 51.048134 -1.758827 3.046361 51.048134 -1.500000 2.598075 51.048134 -3.046363 1.758819 51.048134 -2.598076 1.499999 51.048134 -3.517637 0.000003 51.048134 -3.000000 0.000000 51.048134 -3.046367 -1.758809 51.048134 -2.598077 -1.500001 51.048134 -1.758828 -3.046363 51.048134 -1.500001 -2.598077 51.048134 -0.000005 -3.517638 51.048134 -0.000001 -3.000001 51.048134 1.758815 -3.046369 51.048134 1.499999 -2.598079 51.048134 3.046365 -1.758816 51.048134 2.598076 -1.500003 51.048134 3.517637 -0.000009 65.108566 3.046365 1.758816 65.108566 2.598077 1.499997 65.108566 3.000001 -0.000003 65.108566 3.046362 -1.758830 65.108566 2.598076 -1.500004 65.108566 1.758818 -3.046367 65.108566 1.500000 -2.598081 65.108566 -0.000001 -3.517641 65.108566 -0.000000 -3.000003 65.108566 -1.758813 -3.046371 65.108566 -1.500000 -2.598079 65.108566 -3.046355 -1.758829 65.108566 -2.598076 -1.500002 65.108566 -3.517636 -0.000005 65.108566 -3.000000 -0.000002 65.108566 -3.046363 1.758817 65.108566 
						-2.598075 1.499998 65.108566 -1.758818 3.046361 65.108566 -1.499999 2.598073 65.108566 0.000001 3.517635 65.108566 0.000001 2.999997 65.108566 1.758820 3.046361 65.108566 1.500001 2.598073 65.108566 3.942947 2.276429 3.477158 4.552920 -0.000037 3.477158 3.517636 -0.000009 3.477158 3.046364 1.758818 3.477158 2.276469 3.942927 3.477158 3.942947 2.276429 3.477158 3.046364 1.758818 3.477158 1.758819 3.046363 3.477158 0.000014 4.552917 3.477158 2.276469 3.942927 3.477158 1.758819 3.046363 3.477158 0.000000 3.517637 3.477158 0.000014 4.552917 3.477158 -2.276443 3.942942 3.477158 0.000000 3.517637 3.477158 -1.758819 3.046363 3.477158 -2.276443 3.942942 3.477158 -3.942941 2.276449 3.477158 -1.758819 3.046363 3.477158 -3.046363 1.758818 3.477158 -3.942941 2.276449 3.477158 -4.552915 -0.000014 3.477158 -3.517636 -0.000007 3.477158 -3.942926 -2.276474 3.477161 -3.517636 -0.000007 3.477158 -3.046363 -1.758825 3.477158 -3.942926 -2.276474 3.477161 -2.276471 -3.942928 3.477161 -3.046363 -1.758825 3.477158 -1.758820 -3.046365 3.477161 0.000025 -4.552923 3.477161 0.000008 -3.517641 3.477161 2.276486 -3.942910 3.477161 0.000008 -3.517641 3.477161 1.758824 -3.046359 3.477161 2.276486 -3.942910 3.477161 3.942913 -2.276492 3.477161 3.046361 -1.758830 3.477158 3.942913 -2.276492 3.477161 3.046361 -1.758830 3.477158 4.552915 0.000000 14.911533 3.942934 2.276463 14.911533 3.046359 1.758825 14.911533 3.517639 0.000000 14.911533 3.942953 -2.276440 14.911537 3.046365 -1.758814 14.911533 2.276432 -3.942966 14.911537 1.758807 -3.046377 14.911537 -0.000028 -4.552908 14.911533 -0.000008 -3.517638 14.911537 -2.276433 -3.942966 14.911537 -1.758820 -3.046364 14.911537 -3.942965 -2.276421 14.911537 -3.046369 -1.758804 14.911533 -4.552913 0.000018 14.911533 -3.517639 0.000006 14.911533 -3.942933 2.276482 14.911533 
						-3.046362 1.758827 14.911533 -2.276484 3.942932 14.911533 -1.758829 3.046360 14.911533 -0.000001 4.552914 14.911537 -0.000000 3.517637 14.911533 2.276451 3.942945 14.911533 1.758813 3.046370 14.911533 3.942946 2.276450 53.970963 4.552919 0.000014 53.970963 3.517639 -0.000002 53.970963 3.046371 1.758811 53.970963 2.276458 3.942938 53.970963 1.758820 3.046363 53.970963 0.000000 4.552913 53.970963 0.000000 3.517636 53.970963 -2.276441 3.942943 53.970963 -1.758819 3.046363 53.970963 -3.942934 2.276472 53.970963 -3.046363 1.758818 53.970963 -4.552914 -0.000001 53.970963 -3.517637 -0.000001 53.970963 -3.942935 -2.276475 53.970963 -3.046363 -1.758820 53.970963 -2.276492 -3.942931 53.970966 -1.758820 -3.046365 53.970963 -0.000005 -4.552915 53.970966 -0.000001 -3.517638 53.970966 2.276478 -3.942920 53.970966 1.758818 -3.046366 53.970963 3.942948 -2.276429 53.970963 3.046364 -1.758822 53.970963 4.552910 -0.000019 62.185738 3.942928 2.276466 62.185738 3.046364 1.758817 62.185738 3.517639 -0.000002 62.185738 3.942930 -2.276495 62.185738 3.046364 -1.758823 62.185738 2.276426 -3.942973 62.185738 1.758816 -3.046370 62.185738 -0.000006 -4.552915 62.185738 -0.000001 -3.517640 62.185738 -2.276425 -3.942950 62.185738 -1.758820 -3.046365 62.185738 -3.942944 -2.276442 62.185738 -3.046364 -1.758821 62.185738 -4.552914 -0.000001 62.185738 -3.517638 -0.000001 62.185738 -3.942944 2.276439 62.185738 -3.046363 1.758817 62.185738 -2.276482 3.942930 62.185738 -1.758827 3.046360 62.185738 0.000000 4.552912 62.185738 0.000000 3.517636 62.185738 2.276470 3.942926 62.185738 1.758820 3.046362 62.185738 0.000014 4.552917 3.477158 0.000010 4.552917 6.657722 1.056758 4.269755 7.001080 1.323039 4.198403 7.087597 2.276469 3.942927 3.477158 1.507201 4.149055 7.341076 2.055794 4.002062 8.096149 2.140722 3.979306 8.213043 2.140722 3.979307 9.471199 
						2.140722 3.979308 9.604168 2.276451 3.942945 14.911533 1.455798 4.162832 10.546886 1.323039 4.198404 10.729614 0.798656 4.338912 10.899994 -0.000001 4.552914 14.911537 0.356595 4.457365 11.043633 0.000004 4.552915 11.159492 -1.056757 4.269757 10.816132 -1.323039 4.198407 10.729614 -1.417901 4.172988 10.599049 -2.055795 4.002066 9.721066 -2.140723 3.979309 9.604168 -2.140723 3.979309 8.346016 -2.140723 3.979309 8.213043 -1.455799 4.162834 7.270329 -1.323040 4.198406 7.087601 -0.677007 4.371511 6.877689 -0.356595 4.457365 6.773582 3.046364 1.758819 0.000000 3.517640 0.000009 0.000000 3.046368 -1.758804 0.000000 1.758816 -3.046366 0.000004 -0.000020 -3.517632 0.000004 3.046364 1.758819 0.000000 3.046368 -1.758804 0.000000 1.416792 -0.868723 0.000000 3.046364 1.758819 0.000000 -0.000020 -3.517632 0.000004 1.346760 -0.931609 0.000000 1.416792 -0.868723 0.000000 -0.000020 -3.517632 0.000004 0.765618 -1.453370 0.000000 1.346760 -0.931609 0.000000 0.678658 -1.472156 0.000000 0.765618 -1.453370 0.000000 -0.000020 -3.517632 0.000004 -0.089823 -1.638210 0.000000 0.678658 -1.472156 0.000000 -0.000020 -3.517632 0.000004 -0.181683 -1.608946 0.000000 -0.920267 -1.373639 0.000000 -0.997469 -1.288476 0.000000 -1.503183 -0.730618 0.000000 -1.758838 -3.046357 0.000004 -3.046369 -1.758803 0.000000 -3.046369 -1.758803 0.000000 -3.517639 0.000008 0.000000 -3.046362 1.758827 0.000000 -3.046369 -1.758803 0.000000 -3.046362 1.758827 0.000000 -0.000020 -3.517632 0.000004 -1.532059 -0.593811 0.000000 -1.503183 -0.730618 0.000000 -3.046362 1.758827 0.000000 -1.682449 0.118670 0.000000 -1.532059 -0.593811 0.000000 -1.631143 0.274553 0.000000 -1.409953 0.946540 0.000000 -1.631143 0.274553 0.000000 -3.046362 1.758827 0.000000 -1.275558 1.067208 0.000000 -1.409953 0.946540 0.000000 -3.046362 1.758827 0.000000 
						-0.758785 1.531196 0.000000 -1.275558 1.067208 0.000000 -0.578515 1.570148 0.000000 -0.758785 1.531196 0.000000 -3.046362 1.758827 0.000000 0.096617 1.716025 0.000000 -0.578515 1.570148 0.000000 -3.046362 1.758827 0.000000 -1.758811 3.046367 0.000000 -0.000000 3.517638 0.000000 -0.000000 3.517638 0.000000 1.758819 3.046364 0.000000 0.096617 1.716025 0.000000 -3.046362 1.758827 0.000000 3.046364 1.758819 0.000000 0.263345 1.662910 0.000000 0.096617 1.716025 0.000000 3.046364 1.758819 0.000000 0.927101 1.451466 0.000000 0.263345 1.662910 0.000000 1.031711 1.336067 0.000000 0.927101 1.451466 0.000000 1.416792 -0.868723 0.000000 1.654887 -0.145264 0.000000 1.689268 -0.040797 0.000000 1.416792 -0.868723 0.000000 1.689268 -0.040797 0.000000 1.689268 -0.040797 0.000000 1.537334 0.679035 0.000000 1.537334 0.679035 0.000000 1.510023 0.808432 0.000000 1.031711 1.336067 0.000000 -4.540779 0.045286 60.347176 -4.552914 -0.000001 60.335037 -4.552914 -0.000001 62.185738 -4.411640 0.527239 60.218037 -4.236814 1.179699 60.043205 -4.232146 1.197121 60.025784 -4.166838 1.440855 59.782051 -4.014296 2.010146 59.212761 -3.994994 2.082186 58.943909 -4.552914 -0.000001 53.970963 -4.552914 -0.000001 55.821659 -4.540779 0.045287 55.809525 -4.358697 0.724825 55.991604 -4.236814 1.179699 56.113491 -4.232149 1.197109 56.130898 -4.075066 1.783351 56.717140 -4.014296 2.010147 56.943935 -3.950519 2.248167 57.832237 -4.432985 -0.447582 55.941586 -4.261113 -1.089020 56.113461 -4.188894 -1.358541 56.382900 -4.038567 -1.919573 56.943935 -4.018403 -1.994821 57.224762 -3.957119 -2.223539 58.078354 -4.386821 -0.619869 60.168945 -4.261108 -1.089036 60.043301 -4.102043 -1.682678 59.449657 -4.038567 -1.919574 59.212757 -3.975714 -2.154140 58.337337 
					</float_array>
					<technique_common>
						<accessor count="509" offset="0" source="#meshId2-positions-array" stride="3">
							<param name="X" type="float" />
							<param name="Y" type="float" />
							<param name="Z" type="float" />
						</accessor>
					</technique_common>
				</source>
				<source id="meshId2-normals" name="meshId2-normals">
					<float_array id="meshId2-normals-array" count="1527"> 
						0.866026 0.500000 0.000001 1.000000 -0.000002 0.000001 1.000000 0.000001 0.000000 0.866025 0.500001 0.000000 0.500000 0.866025 0.000000 0.500000 0.866025 0.000000 -0.000000 1.000000 0.000000 0.500000 0.866025 0.000000 0.500000 0.866025 0.000000 -0.000000 1.000000 0.000000 -0.500000 0.866025 -0.000000 -0.499998 0.866026 0.000000 -0.866026 0.500000 -0.000000 -0.866024 0.500003 0.000001 -1.000000 -0.000001 0.000000 -0.866026 0.500000 -0.000000 -0.866024 0.500003 0.000001 -1.000000 0.000002 0.000001 -0.866025 -0.500001 -0.000002 -0.866028 -0.499996 0.000000 -0.500000 -0.866025 -0.000001 -0.500005 -0.866023 0.000001 0.000003 -1.000000 -0.000002 -0.500000 -0.866025 -0.000001 -0.500005 -0.866023 0.000001 -0.000003 -1.000000 -0.000000 0.500000 -0.866026 -0.000001 0.499998 -0.866027 -0.000001 0.866024 -0.500002 -0.000001 0.500000 -0.866026 -0.000001 0.499998 -0.866027 -0.000001 0.866027 -0.499997 -0.000002 0.866025 0.500001 -0.000001 1.000000 0.000002 -0.000001 1.000000 -0.000008 0.000001 0.866027 0.499996 0.000000 0.499999 0.866026 -0.000001 0.499999 0.866026 0.000000 -0.866025 0.500001 -0.000001 -0.500033 0.866006 -0.000001 -0.499999 0.866026 -0.000001 -0.866025 0.500000 -0.000001 -1.000000 0.000006 0.000000 -0.866025 0.500001 -0.000001 -0.866025 0.500000 -0.000001 -1.000000 -0.000003 -0.000001 -0.866029 -0.499994 0.000001 -0.866024 -0.500003 -0.000001 -0.499998 -0.866027 -0.000001 -0.500001 -0.866025 -0.000000 -0.000004 -1.000000 0.000000 -0.499998 -0.866027 -0.000001 -0.500001 -0.866025 -0.000000 0.000004 -1.000000 -0.000001 0.499996 -0.866028 0.000001 0.500006 -0.866022 -0.000001 0.866027 -0.499997 -0.000001 0.866022 -0.500007 0.000001 0.866027 -0.499997 -0.000001 0.866022 -0.500007 0.000001 0.866026 0.499999 0.000000 1.000000 -0.000002 0.000001 1.000000 0.000001 -0.000000 0.866025 0.500001 -0.000001 
						0.500000 0.866025 0.000001 0.866026 0.499999 0.000000 0.866025 0.500001 -0.000001 0.499999 0.866026 0.000000 -0.000000 1.000000 0.000001 -0.000001 1.000000 0.000000 -0.500000 0.866026 0.000001 -0.500001 0.866025 0.000001 -0.866026 0.499999 0.000001 -0.500000 0.866026 0.000001 -0.500001 0.866025 0.000001 -0.866025 0.500001 0.000002 -1.000000 -0.000001 0.000001 -1.000000 0.000002 0.000001 -0.866023 -0.500004 -0.000002 -0.866027 -0.499998 -0.000000 -0.499999 -0.866026 -0.000001 -0.866023 -0.500004 -0.000002 -0.866027 -0.499998 -0.000000 -0.500003 -0.866024 0.000001 -0.000000 -1.000000 -0.000001 -0.000003 -1.000000 0.000000 0.499998 -0.866026 -0.000000 0.499997 -0.866027 0.000000 0.866025 -0.500002 -0.000001 0.866026 -0.499999 -0.000002 0.866025 -0.500002 -0.000001 0.866026 -0.499999 -0.000002 0.866026 0.499999 -0.000000 1.000000 -0.000002 0.000000 1.000000 0.000001 -0.000001 0.866024 0.500003 -0.000002 0.500000 0.866025 0.000001 0.499998 0.866026 -0.000000 -0.000000 1.000000 0.000000 0.500000 0.866025 0.000001 0.499998 0.866026 -0.000000 -0.000003 1.000000 -0.000001 -0.500000 0.866026 0.000001 -0.500001 0.866025 0.000000 -0.866026 0.500000 0.000001 -0.500000 0.866026 0.000001 -0.500001 0.866025 0.000000 -0.866026 0.499999 0.000000 -1.000000 -0.000000 -0.000000 -1.000000 0.000001 0.000000 -0.866025 -0.500000 -0.000001 -0.866027 -0.499997 0.000000 -0.500001 -0.866025 -0.000000 -0.500003 -0.866024 0.000001 -0.000000 -1.000000 -0.000000 -0.500001 -0.866025 -0.000000 -0.500003 -0.866024 0.000001 -0.000001 -1.000000 -0.000000 0.499999 -0.866026 -0.000000 0.499999 -0.866026 -0.000000 0.866025 -0.500001 -0.000001 0.499999 -0.866026 -0.000000 0.499999 -0.866026 -0.000000 0.866026 -0.499999 -0.000001 0.866025 0.500000 0.000001 1.000000 -0.000001 0.000001 1.000000 0.000001 0.000001 0.866025 0.500000 0.000001 
						0.500002 0.866024 0.000001 0.500000 0.866025 0.000000 0.000001 1.000000 0.000001 0.500002 0.866024 0.000001 0.500000 0.866025 0.000000 0.000000 1.000000 0.000000 -0.500005 0.866023 -0.000001 -0.499998 0.866027 0.000001 -0.499998 0.866027 0.000001 -0.866023 0.500004 0.000001 -0.738105 0.674686 0.000002 -0.707103 0.707111 0.000001 -0.707104 0.707109 0.000000 -0.738104 0.674687 0.000002 -0.866027 0.499997 -0.000001 -0.500005 0.866023 -0.000001 -0.499998 -0.866027 0.000001 -0.866025 -0.500000 0.000001 -0.866025 -0.500001 0.000001 -0.866026 -0.499999 0.000002 -0.500003 -0.866024 0.000002 -0.000005 -1.000000 -0.000000 -0.499998 -0.866027 0.000001 -0.500003 -0.866024 0.000002 0.000001 -1.000000 -0.000002 0.499992 -0.866030 -0.000000 0.500005 -0.866022 -0.000004 0.866023 -0.500004 -0.000000 0.866028 -0.499996 -0.000002 0.866023 -0.500004 -0.000000 0.866028 -0.499996 -0.000002 0.866026 0.500000 0.000000 1.000000 -0.000001 0.000000 1.000000 0.000000 0.000000 0.866025 0.500000 0.000000 0.500000 0.866025 0.000000 0.866026 0.500000 0.000000 0.866025 0.500000 0.000000 0.500000 0.866025 0.000000 -0.000000 1.000000 0.000000 -0.000000 1.000000 0.000000 -0.499999 0.866026 0.000001 -0.500001 0.866025 0.000001 -0.866026 0.499999 0.000001 -0.499999 0.866026 0.000001 -0.500001 0.866025 0.000001 -0.866026 0.499999 0.000000 -1.000000 -0.000002 0.000000 -1.000000 -0.000000 0.000001 -0.866025 -0.500001 0.000000 -0.866026 -0.499999 0.000001 -0.499999 -0.866026 -0.000001 -0.500000 -0.866025 -0.000000 0.000000 -1.000000 -0.000001 -0.499999 -0.866026 -0.000001 -0.500000 -0.866025 -0.000000 -0.000001 -1.000000 -0.000000 0.499999 -0.866026 -0.000000 0.499999 -0.866026 -0.000000 0.866025 -0.500001 -0.000000 0.866025 -0.500000 -0.000001 0.866025 -0.500001 -0.000000 0.866025 -0.500000 -0.000001 0.000000 0.000000 1.000000 
						0.000000 0.000000 1.000000 0.000000 0.000000 1.000000 0.000000 0.000000 1.000000 0.000000 0.000000 1.000000 0.000000 0.000000 1.000000 0.000000 0.000000 1.000000 0.000000 0.000000 1.000000 0.000000 0.000000 1.000000 0.000000 0.000000 1.000000 0.000000 0.000000 1.000000 0.000000 0.000000 1.000000 0.000000 0.000000 1.000000 0.000000 0.000000 1.000000 0.000000 0.000000 1.000000 0.000000 0.000000 1.000000 0.000000 0.000000 1.000000 0.000000 0.000000 1.000000 0.000000 0.000000 1.000000 0.000000 0.000000 1.000000 0.000000 0.000000 1.000000 0.000000 0.000000 1.000000 0.000000 0.000000 1.000000 0.000000 0.000000 1.000000 0.000000 0.000000 -1.000000 0.000000 0.000000 -1.000000 0.000000 0.000000 -1.000000 0.000000 0.000000 -1.000000 0.000000 0.000000 -1.000000 0.000000 0.000000 -1.000000 0.000000 0.000000 -1.000000 0.000000 0.000000 -1.000000 0.000000 0.000000 -1.000000 0.000000 0.000000 -1.000000 0.000000 0.000000 -1.000000 0.000000 0.000000 -1.000000 0.000000 0.000000 -1.000000 0.000000 0.000000 -1.000000 0.000000 0.000000 -1.000000 0.000000 0.000000 -1.000000 0.000000 0.000000 -1.000000 0.000000 0.000000 -1.000000 0.000000 0.000000 -1.000000 0.000000 0.000000 -1.000000 0.000000 0.000000 -1.000000 0.000000 0.000000 -1.000000 0.000000 0.000000 -1.000000 0.000000 0.000000 -1.000000 0.000000 0.000000 1.000000 0.000000 0.000000 1.000000 0.000000 0.000000 1.000000 0.000000 0.000000 1.000000 0.000000 0.000000 1.000000 0.000000 0.000000 1.000000 0.000000 0.000000 1.000000 0.000000 0.000000 1.000000 0.000000 0.000000 1.000000 0.000000 0.000000 1.000000 0.000000 0.000000 1.000000 0.000000 0.000000 1.000000 0.000000 0.000000 1.000000 0.000000 0.000000 1.000000 0.000000 0.000000 1.000000 0.000000 0.000000 1.000000 0.000000 0.000000 1.000000 
						0.000000 0.000000 1.000000 0.000000 0.000000 1.000000 0.000000 0.000000 1.000000 0.000000 0.000000 1.000000 0.000000 0.000000 1.000000 0.000000 0.000000 1.000000 0.000000 0.000000 1.000000 0.000000 0.000000 -1.000000 0.000000 0.000000 -1.000000 0.000000 0.000000 -1.000000 0.000000 0.000000 -1.000000 0.000000 -0.000000 -1.000000 0.000000 -0.000000 -1.000000 0.000000 -0.000000 -1.000000 0.000000 -0.000000 -1.000000 -0.000000 -0.000000 -1.000000 -0.000000 -0.000000 -1.000000 -0.000000 -0.000000 -1.000000 0.000000 0.000000 -1.000000 0.000000 0.000000 -1.000000 0.000000 -0.000000 -1.000000 0.000000 -0.000000 -1.000000 0.000000 -0.000000 -1.000000 0.000000 -0.000000 -1.000000 0.000000 -0.000000 -1.000000 0.000000 -0.000001 -1.000000 0.000000 -0.000001 -1.000000 0.000000 -0.000001 -1.000000 0.000000 -0.000000 -1.000000 0.000000 -0.000000 -1.000000 0.000000 -0.000000 -1.000000 -0.000000 -0.000000 -1.000000 -0.000000 -0.000000 -1.000000 -0.000000 -0.000000 -1.000000 -0.000000 -0.000000 -1.000000 -0.000000 -0.000000 -1.000000 0.000000 -0.000000 -1.000000 -0.000000 -0.000000 -1.000000 0.000000 0.000000 -1.000000 0.000000 0.000000 -1.000000 0.000000 0.000000 -1.000000 0.000000 0.000000 -1.000000 0.000000 0.000000 -1.000000 -0.000000 -0.000000 -1.000000 0.000000 -0.000000 -1.000000 0.000000 -0.000000 -1.000000 0.000000 0.000000 -1.000000 0.000000 0.000000 1.000000 0.000000 0.000000 1.000000 0.000000 0.000000 1.000000 0.000000 0.000000 1.000000 0.000000 0.000000 1.000000 0.000000 0.000000 1.000000 0.000000 0.000000 1.000000 0.000000 0.000000 1.000000 0.000000 0.000000 1.000000 0.000000 0.000000 1.000000 0.000000 0.000000 1.000000 0.000000 0.000000 1.000000 0.000000 0.000000 1.000000 0.000000 0.000000 1.000000 0.000000 0.000000 1.000000 0.000000 0.000000 1.000000 0.000000 0.000000 1.000000 
						0.000000 0.000000 1.000000 0.000000 0.000000 1.000000 0.000000 0.000000 1.000000 0.000000 0.000000 1.000000 0.000000 0.000000 1.000000 0.000000 0.000000 1.000000 0.000000 0.000000 1.000000 0.000000 0.000000 -1.000000 0.000000 0.000000 -1.000000 0.000000 0.000000 -1.000000 0.000000 0.000000 -1.000000 0.000000 0.000000 -1.000000 0.000000 0.000000 -1.000000 0.000000 0.000000 -1.000000 0.000000 0.000000 -1.000000 0.000000 0.000000 -1.000000 0.000000 0.000000 -1.000000 0.000000 0.000000 -1.000000 0.000000 0.000000 -1.000000 0.000000 0.000000 -1.000000 0.000000 0.000000 -1.000000 0.000000 0.000000 -1.000000 0.000000 0.000000 -1.000000 0.000000 0.000000 -1.000000 0.000000 0.000000 -1.000000 0.000000 0.000000 -1.000000 0.000000 0.000000 -1.000000 0.000000 0.000000 -1.000000 0.000000 0.000000 -1.000000 0.000000 0.000000 -1.000000 0.000000 0.000000 -1.000000 0.000000 0.000000 1.000000 0.000000 0.000000 1.000000 0.000000 0.000000 1.000000 0.000000 0.000000 1.000000 0.000000 0.000000 1.000000 0.000000 0.000000 1.000000 0.000000 0.000000 1.000000 0.000000 0.000000 1.000000 0.000000 0.000000 1.000000 0.000000 0.000000 1.000000 0.000000 0.000000 1.000000 0.000000 0.000000 1.000000 0.000000 0.000000 1.000000 0.000000 0.000000 1.000000 0.000000 0.000000 1.000000 0.000000 0.000000 1.000000 0.000000 0.000000 1.000000 0.000000 0.000000 1.000000 0.000000 0.000000 1.000000 0.000000 0.000000 1.000000 0.000000 0.000000 1.000000 0.000000 0.000000 1.000000 0.000000 0.000000 1.000000 0.000000 0.000000 1.000000 0.000003 1.000000 0.000000 0.000004 1.000000 0.000000 0.258825 0.965924 0.000001 0.258826 0.965924 0.000001 0.499999 0.866026 0.000000 0.258819 0.965926 -0.000001 0.258819 0.965926 -0.000001 0.258816 0.965927 -0.000001 0.258792 0.965933 -0.000002 
						0.258817 0.965926 -0.000001 0.499999 0.866026 -0.000001 0.258817 0.965926 -0.000001 0.258817 0.965927 -0.000001 0.258820 0.965926 -0.000001 -0.000001 1.000000 -0.000000 0.258825 0.965924 0.000001 0.000003 1.000000 0.000000 -0.258819 0.965926 -0.000000 -0.258820 0.965926 -0.000000 -0.258819 0.965926 -0.000000 -0.258820 0.965926 -0.000000 -0.258819 0.965926 -0.000000 -0.258819 0.965926 -0.000000 -0.258820 0.965926 -0.000000 -0.258819 0.965926 -0.000000 -0.258818 0.965926 -0.000000 -0.258819 0.965926 -0.000000 -0.258819 0.965926 -0.000000 -0.000000 0.000000 -1.000000 -0.000000 0.000000 -1.000000 -0.000000 0.000000 -1.000000 -0.000000 0.000000 -1.000000 -0.000000 0.000000 -1.000000 -0.000000 0.000000 -1.000000 -0.000000 0.000000 -1.000000 -0.000000 0.000000 -1.000000 -0.000000 0.000000 -1.000000 -0.000000 0.000000 -1.000000 -0.000000 0.000000 -1.000000 -0.000000 0.000000 -1.000000 -0.000000 0.000000 -1.000000 -0.000000 0.000000 -1.000000 -0.000000 0.000000 -1.000000 -0.000000 0.000000 -1.000000 -0.000000 0.000000 -1.000000 -0.000000 0.000000 -1.000000 -0.000000 0.000000 -1.000000 -0.000000 0.000000 -1.000000 -0.000000 0.000000 -1.000000 -0.000000 0.000000 -1.000000 -0.000000 0.000000 -1.000000 -0.000000 0.000000 -1.000000 -0.000000 0.000000 -1.000000 -0.000000 0.000000 -1.000000 -0.000000 0.000000 -1.000000 -0.000000 0.000000 -1.000000 -0.000000 0.000000 -1.000000 -0.000000 0.000000 -1.000000 -0.000000 0.000000 -1.000000 -0.000000 0.000000 -1.000000 -0.000000 0.000000 -1.000000 -0.000000 0.000000 -1.000000 -0.000000 0.000000 -1.000000 -0.000000 0.000000 -1.000000 -0.000000 0.000000 -1.000000 -0.000000 0.000000 -1.000000 -0.000000 0.000000 -1.000000 -0.000000 0.000000 -1.000000 -0.000000 0.000000 -1.000000 -0.000000 0.000000 -1.000000 -0.000000 0.000000 -1.000000 -0.000000 0.000000 -1.000000 -0.000000 0.000000 -1.000000 
						-0.000000 0.000000 -1.000000 -0.000000 0.000000 -1.000000 -0.000000 0.000000 -1.000000 -0.000000 0.000000 -1.000000 -0.000000 0.000000 -1.000000 -0.000000 0.000000 -1.000000 -0.000000 0.000000 -1.000000 -0.000000 0.000000 -1.000000 -0.000000 0.000000 -1.000000 -0.000000 0.000000 -1.000000 -0.000000 0.000000 -1.000000 -0.000000 0.000000 -1.000000 -0.000000 0.000000 -1.000000 -0.000000 0.000000 -1.000000 -0.000000 0.000000 -1.000000 -0.000000 0.000000 -1.000000 -0.000000 0.000000 -1.000000 -0.000000 0.000000 -1.000000 -0.000000 0.000000 -1.000000 -0.000000 0.000000 -1.000000 -0.000000 0.000000 -1.000000 -0.000000 0.000000 -1.000000 -0.000000 0.000000 -1.000000 -0.000000 0.000000 -1.000000 -0.000000 0.000000 -1.000000 -0.000000 0.000000 -1.000000 -0.000000 0.000000 -1.000000 -0.000000 0.000000 -1.000000 -0.000000 0.000000 -1.000000 -0.000000 0.000000 -1.000000 -0.000000 0.000000 -1.000000 -0.000000 0.000000 -1.000000 -0.965926 0.258819 0.000000 -0.999068 -0.043161 -0.000000 -1.000000 0.000004 -0.000000 -0.965926 0.258819 0.000000 -0.965927 0.258816 -0.000002 -0.965926 0.258819 -0.000000 -0.965926 0.258819 -0.000000 -0.965926 0.258818 0.000000 -0.965926 0.258819 0.000000 -1.000000 0.000002 -0.000000 -0.999068 -0.043161 -0.000000 -0.965926 0.258819 0.000000 -0.965926 0.258819 -0.000000 -0.965927 0.258815 0.000003 -0.965926 0.258819 0.000000 -0.965926 0.258819 -0.000000 -0.965926 0.258819 -0.000000 -0.965925 0.258821 -0.000000 -0.965926 -0.258819 -0.000000 -0.965926 -0.258819 0.000000 -0.965926 -0.258819 0.000000 -0.965926 -0.258819 -0.000000 -0.965926 -0.258819 -0.000000 -0.965926 -0.258819 -0.000000 -0.965926 -0.258819 0.000000 -0.965926 -0.258819 0.000000 -0.965926 -0.258819 0.000000 -0.965926 -0.258819 -0.000000 -0.965926 -0.258819 -0.000000 
					</float_array>
					<technique_common>
						<accessor count="509" offset="0" source="#meshId2-normals-array" stride="3">
							<param name="X" type="float" />
							<param name="Y" type="float" />
							<param name="Z" type="float" />
						</accessor>
					</technique_common>
				</source>
				<source id="meshId2-tangents" name="meshId2-tangents">
					<float_array id="meshId2-tangents-array" count="1527"> 
						0.000001 0.000000 -1.000000 0.000001 0.000000 -1.000000 0.000000 0.000000 -1.000000 -0.000000 0.000000 -1.000000 -0.000000 0.000000 -1.000000 -0.000000 0.000000 -1.000000 -0.000000 0.000000 -1.000000 -0.000000 0.000000 -1.000000 -0.000000 0.000000 -1.000000 -0.000000 0.000000 -1.000000 -0.000000 -0.000001 -1.000000 0.000000 0.000001 -1.000000 -0.000000 -0.000000 -1.000000 -0.000000 0.000003 -1.000000 -0.000000 0.069758 -0.997564 0.034877 0.060409 -0.997564 0.034877 0.060412 -0.997564 -0.000001 0.069758 -0.997564 -0.041213 0.071386 -0.996597 -0.041214 0.071385 -0.996597 -0.082347 0.047544 -0.995469 -0.082351 0.047545 -0.995469 -0.069758 0.000002 -0.997564 -0.060412 0.034880 -0.997564 -0.060413 0.034879 -0.997564 -0.069758 0.000001 -0.997564 -0.060412 -0.034877 -0.997564 -0.060411 -0.034877 -0.997564 -0.000001 0.000000 -1.000000 -0.000001 0.000001 -1.000000 -0.000003 -0.000001 -1.000000 -0.000002 -0.000000 -1.000000 -0.000001 -0.000000 -1.000000 -0.000001 0.000001 -1.000000 0.000001 0.000000 -1.000000 0.000000 0.000000 -1.000000 -0.000001 -0.000001 -1.000000 -0.000001 0.000001 -1.000000 -0.000000 -0.000002 -1.000000 -0.000001 -0.000002 -1.000000 0.000001 -0.000001 -1.000000 -0.000001 -0.000003 -1.000000 -0.000000 0.069757 -0.997564 0.034880 0.060411 -0.997564 0.034880 0.060411 -0.997564 0.000001 0.069756 -0.997564 -0.041215 0.071386 -0.996597 -0.041214 0.071386 -0.996597 -0.082350 0.047545 -0.995469 -0.082350 0.047545 -0.995469 -0.069758 0.000000 -0.997564 -0.060413 0.034880 -0.997564 -0.060412 0.034879 -0.997564 -0.069757 0.000001 -0.997564 -0.071387 -0.041216 -0.996597 -0.071387 -0.041214 -0.996597 -0.047546 -0.082351 -0.995469 -0.047546 -0.082352 -0.995468 -0.000001 0.000000 -1.000000 0.000001 0.000001 -1.000000 0.000000 0.000001 -1.000000 0.000001 -0.000000 -1.000000 -0.000000 0.000001 -1.000000 -0.000002 0.000002 -1.000000 
						0.000000 0.000001 -1.000000 0.000002 -0.000003 -1.000000 -0.000001 0.000000 -1.000000 -0.000001 0.000001 -1.000000 -0.000001 0.000001 -1.000000 -0.000001 0.000000 -1.000000 -0.000001 0.000000 -1.000000 -0.000003 -0.000001 -1.000000 0.041213 0.071386 -0.996597 0.082347 0.047544 -0.995469 0.082347 0.047544 -0.995469 0.041213 0.071386 -0.996597 -0.000001 0.069758 -0.997564 -0.000001 0.069758 -0.997564 -0.034877 0.060413 -0.997564 -0.034878 0.060411 -0.997564 -0.071383 0.041214 -0.996597 -0.047542 0.082349 -0.995469 -0.047542 0.082346 -0.995469 -0.071382 0.041212 -0.996597 -0.069753 0.000001 -0.997564 -0.069753 -0.000000 -0.997564 -0.071383 -0.041213 -0.996597 -0.071383 -0.041213 -0.996597 -0.047542 -0.082344 -0.995469 -0.047541 -0.082341 -0.995470 -0.000001 0.000000 -1.000000 -0.000001 0.000001 -1.000000 -0.000000 -0.000000 -1.000000 0.000000 -0.000000 -1.000000 -0.000001 -0.000000 -1.000000 -0.000002 0.000001 -1.000000 -0.000000 0.000001 -1.000000 -0.000003 0.000001 -1.000000 -0.000003 0.000000 -1.000000 -0.000002 0.000002 -1.000000 -0.000002 0.000001 -1.000000 -0.000003 -0.000001 -1.000000 -0.000003 -0.000001 -1.000000 -0.000003 -0.000001 -1.000000 0.041216 0.071389 -0.996597 0.082351 0.047546 -0.995469 0.082352 0.047547 -0.995468 0.041215 0.071388 -0.996597 0.000000 0.069757 -0.997564 -0.000000 0.069756 -0.997564 -0.041213 0.071385 -0.996597 -0.041214 0.071384 -0.996597 -0.082346 0.047543 -0.995469 -0.082348 0.047543 -0.995469 -0.069746 0.000000 -0.997565 -0.060407 0.034876 -0.997564 -0.060402 0.034873 -0.997565 -0.069748 0.000000 -0.997565 -0.060403 -0.034874 -0.997565 -0.060413 -0.034879 -0.997564 -0.000001 -0.000000 -1.000000 -0.000001 -0.000000 -1.000000 -0.000002 -0.000001 -1.000000 -0.000001 -0.000000 -1.000000 0.000001 -0.000000 -1.000000 0.000001 -0.000000 -1.000000 0.000001 -0.000000 -1.000000 0.000001 0.000000 -1.000000 
						0.000000 0.000001 -1.000000 -0.000000 0.000000 -1.000000 0.000000 0.000001 -1.000000 0.000000 0.000000 -1.000000 0.000000 0.000000 -1.000000 0.000001 0.000000 -1.000000 0.000001 -0.000001 -1.000000 0.000001 0.000001 -1.000000 0.082350 0.047545 -0.995469 0.041214 0.071387 -0.996597 0.064505 0.070571 -0.995419 0.069525 0.069526 -0.995155 0.069568 0.069568 -0.995149 0.064490 0.070554 -0.995421 0.041216 0.071386 -0.996597 0.082352 0.047545 -0.995468 -0.082352 0.047544 -0.995469 -0.041215 0.071385 -0.996597 -0.041219 0.071391 -0.996596 -0.041218 0.071388 -0.996597 -0.082356 0.047546 -0.995468 -0.069758 0.000000 -0.997564 -0.060413 0.034878 -0.997564 -0.060413 0.034877 -0.997564 -0.069758 0.000002 -0.997564 -0.071388 -0.041215 -0.996597 -0.071389 -0.041212 -0.996597 -0.047546 -0.082351 -0.995469 -0.047545 -0.082347 -0.995469 -0.000001 -0.000000 -1.000000 -0.000002 0.000001 -1.000000 0.000002 -0.000002 -1.000000 0.000000 -0.000002 -1.000000 0.000000 -0.000002 -1.000000 -0.000000 0.000000 -1.000000 -0.000000 0.000000 -1.000000 0.000000 0.000000 -1.000000 -0.000000 0.000000 -1.000000 -0.000000 0.000000 -1.000000 -0.000000 0.000000 -1.000000 -0.000001 0.000000 -1.000000 -0.000001 0.000000 -1.000000 -0.000003 -0.000001 -1.000000 0.041212 0.071383 -0.996597 0.082347 0.047544 -0.995469 0.082345 0.047543 -0.995469 0.041212 0.071383 -0.996597 -0.000000 0.069756 -0.997564 -0.000001 0.069757 -0.997564 -0.041215 0.071385 -0.996597 -0.041215 0.071385 -0.996597 -0.082348 0.047544 -0.995469 -0.082349 0.047545 -0.995469 -0.069755 0.000001 -0.997564 -0.060408 0.034878 -0.997564 -0.060410 0.034878 -0.997564 -0.069755 0.000000 -0.997564 -0.071383 -0.041213 -0.996597 -0.071385 -0.041214 -0.996597 -0.047544 -0.082348 -0.995469 -0.047548 -0.082354 -0.995468 0.000001 0.000002 -1.000000 -0.000002 -0.000001 -1.000000 0.719341 -0.694657 -0.000000 
						0.719347 -0.694651 0.000000 0.719347 -0.694651 0.000000 0.719341 -0.694657 0.000000 0.719344 -0.694655 0.000000 0.719346 -0.694652 0.000000 0.719366 -0.694631 -0.000000 0.719370 -0.694628 0.000000 0.719362 -0.694636 0.000000 0.719359 -0.694638 -0.000000 0.719336 -0.694663 0.000000 0.719332 -0.694666 -0.000000 0.719342 -0.694656 0.000000 0.719343 -0.694655 0.000000 0.719348 -0.694650 0.000000 0.719347 -0.694651 0.000000 0.719332 -0.694666 0.000000 0.719334 -0.694665 0.000000 0.719367 -0.694630 -0.000000 0.719369 -0.694628 0.000000 0.719335 -0.694663 0.000000 0.719329 -0.694669 0.000000 0.719333 -0.694665 0.000000 0.719332 -0.694667 0.000000 -0.406739 0.913544 0.000000 -0.406750 0.913540 0.000000 -0.406754 0.913538 0.000000 -0.406736 0.913546 0.000000 -0.406754 0.913538 -0.000000 -0.406754 0.913538 -0.000000 -0.406764 0.913533 0.000000 -0.406763 0.913534 0.000000 -0.406748 0.913540 0.000000 -0.406746 0.913541 0.000000 -0.406747 0.913541 0.000000 -0.406745 0.913542 0.000000 -0.406725 0.913551 -0.000000 -0.406724 0.913551 0.000000 -0.406731 0.913548 -0.000000 -0.406733 0.913547 -0.000000 -0.406721 0.913552 0.000000 -0.406722 0.913552 -0.000000 -0.406736 0.913546 -0.000000 -0.406734 0.913547 0.000000 -0.406699 0.913562 0.000000 -0.406696 0.913564 0.000000 -0.406711 0.913557 0.000000 -0.406718 0.913554 0.000000 0.719336 -0.694662 0.000000 0.719341 -0.694657 -0.000000 0.719340 -0.694658 -0.000000 0.719334 -0.694664 -0.000000 0.719314 -0.694685 -0.000000 0.719317 -0.694682 -0.000000 0.719365 -0.694632 -0.000000 0.719371 -0.694626 -0.000000 0.719354 -0.694644 -0.000000 0.719351 -0.694647 -0.000000 0.719337 -0.694661 -0.000000 0.719336 -0.694662 -0.000000 0.719338 -0.694660 0.000000 0.719338 -0.694660 0.000000 0.719348 -0.694650 0.000000 0.719347 -0.694651 -0.000000 0.719343 -0.694655 0.000000 
						0.719345 -0.694654 0.000000 0.719367 -0.694630 0.000000 0.719368 -0.694629 0.000000 0.719346 -0.694652 -0.000000 0.719344 -0.694654 0.000000 0.719342 -0.694657 0.000000 0.719341 -0.694657 0.000000 -0.406746 0.913541 0.000000 -0.406734 0.913547 -0.000000 -0.406733 0.913547 -0.000000 -0.406749 0.913540 0.000000 -0.406730 0.913548 -0.000000 -0.406730 0.913548 -0.000000 -0.406730 0.913548 -0.000000 -0.406732 0.913548 -0.000000 -0.406721 0.913552 -0.000000 -0.406721 0.913552 -0.000000 -0.406721 0.913552 -0.000000 -0.406731 0.913548 0.000000 -0.406731 0.913548 0.000000 -0.406733 0.913547 -0.000000 -0.406718 0.913554 -0.000000 -0.406718 0.913554 -0.000000 -0.406718 0.913554 -0.000000 -0.406718 0.913554 -0.000000 -0.406729 0.913549 -0.000001 -0.406729 0.913549 -0.000001 -0.406729 0.913549 -0.000001 -0.406731 0.913548 -0.000000 -0.406733 0.913547 -0.000000 -0.406733 0.913547 -0.000000 -0.406743 0.913543 0.000000 -0.406743 0.913543 0.000000 -0.406743 0.913543 0.000000 -0.406731 0.913548 -0.000000 -0.406731 0.913548 -0.000000 -0.406731 0.913548 -0.000000 -0.406723 0.913551 -0.000000 -0.406724 0.913551 0.000000 -0.406724 0.913551 0.000000 -0.406752 0.913539 -0.000000 -0.406752 0.913539 -0.000000 -0.406752 0.913539 -0.000000 -0.406751 0.913539 -0.000000 -0.406747 0.913541 -0.000000 -0.406740 0.913544 -0.000000 -0.406724 0.913551 -0.000000 0.719338 -0.694660 0.000000 0.719340 -0.694658 0.000000 0.719340 -0.694658 -0.000000 0.719338 -0.694660 -0.000000 0.719340 -0.694658 0.000000 0.719342 -0.694657 -0.000000 0.719345 -0.694653 0.000000 0.719346 -0.694652 0.000000 0.719349 -0.694649 -0.000000 0.719348 -0.694650 -0.000000 0.719341 -0.694657 -0.000000 0.719339 -0.694659 0.000000 0.719338 -0.694660 0.000000 0.719338 -0.694660 0.000000 0.719347 -0.694651 -0.000000 0.719347 -0.694651 0.000000 0.719349 -0.694649 0.000000 
						0.719347 -0.694651 0.000000 0.719336 -0.694663 0.000000 0.719334 -0.694664 -0.000000 0.719339 -0.694659 -0.000000 0.719341 -0.694657 -0.000000 0.719339 -0.694659 0.000000 0.719339 -0.694660 0.000000 -0.406738 0.913545 0.000000 -0.406734 0.913547 0.000000 -0.406729 0.913549 0.000000 -0.406739 0.913544 -0.000000 -0.406728 0.913549 -0.000000 -0.406728 0.913549 0.000000 -0.406719 0.913554 0.000000 -0.406720 0.913553 -0.000000 -0.406730 0.913548 -0.000000 -0.406733 0.913547 0.000000 -0.406736 0.913546 -0.000000 -0.406738 0.913545 0.000000 -0.406742 0.913543 0.000000 -0.406744 0.913542 -0.000000 -0.406740 0.913544 -0.000000 -0.406740 0.913544 -0.000000 -0.406741 0.913543 -0.000000 -0.406740 0.913544 0.000000 -0.406747 0.913541 -0.000000 -0.406745 0.913542 0.000000 -0.406742 0.913543 0.000000 -0.406744 0.913542 0.000000 -0.406756 0.913537 0.000000 -0.406756 0.913537 0.000000 0.719343 -0.694655 0.000000 0.719338 -0.694661 0.000000 0.719339 -0.694660 -0.000000 0.719343 -0.694655 0.000000 0.719342 -0.694657 -0.000000 0.719341 -0.694657 0.000000 0.719343 -0.694655 -0.000000 0.719344 -0.694654 0.000000 0.719345 -0.694653 0.000000 0.719344 -0.694654 0.000000 0.719342 -0.694657 0.000000 0.719341 -0.694657 -0.000000 0.719339 -0.694659 -0.000000 0.719338 -0.694660 0.000000 0.719340 -0.694658 -0.000000 0.719340 -0.694658 -0.000000 0.719341 -0.694657 -0.000000 0.719340 -0.694659 -0.000000 0.719329 -0.694669 0.000000 0.719327 -0.694671 -0.000000 0.719338 -0.694660 0.000000 0.719339 -0.694659 -0.000000 0.719336 -0.694663 0.000000 0.719336 -0.694663 0.000000 0.000001 0.000000 -1.000000 0.000001 0.000000 -1.000000 0.000008 -0.000001 -1.000000 0.000004 -0.000000 -1.000000 -0.000002 0.000002 -1.000000 0.000001 -0.000001 -1.000000 0.000005 -0.000002 -1.000000 0.000001 -0.000001 -1.000000 0.000000 -0.000002 -1.000000 
						-0.000000 -0.000001 -1.000000 -0.000002 -0.000000 -1.000000 0.000001 -0.000001 -1.000000 0.000012 -0.000004 -1.000000 0.000008 -0.000003 -1.000000 -0.000003 -0.000000 -1.000000 0.000003 -0.000000 -1.000000 -0.000003 0.000000 -1.000000 0.000002 0.000001 -1.000000 0.000008 0.000002 -1.000000 0.000003 0.000001 -1.000000 0.000002 0.000000 -1.000000 0.000000 0.000000 -1.000000 -0.000000 -0.000000 -1.000000 0.000001 0.000000 -1.000000 -0.000010 -0.000003 -1.000000 -0.000022 -0.000006 -1.000000 0.000003 0.000001 -1.000000 0.000001 0.000000 -1.000000 -0.406748 0.913541 0.000000 -0.406748 0.913540 0.000000 -0.406748 0.913540 0.000000 -0.406746 0.913541 0.000000 -0.406746 0.913541 0.000000 -0.406737 0.913545 0.000000 -0.406737 0.913545 0.000000 -0.406674 0.913573 0.000000 -0.406674 0.913573 0.000000 -0.406674 0.913573 0.000000 -0.406785 0.913524 0.000000 -0.406785 0.913524 0.000000 -0.406785 0.913524 0.000000 -0.406746 0.913541 0.000000 -0.406746 0.913541 0.000000 -0.406610 0.913602 0.000000 -0.406610 0.913602 0.000000 -0.406610 0.913602 0.000000 -0.406735 0.913546 0.000000 -0.406735 0.913546 0.000000 -0.406735 0.913546 0.000000 -0.406737 0.913545 0.000000 -0.406732 0.913548 0.000000 -0.406732 0.913547 0.000000 -0.406732 0.913547 0.000000 -0.406754 0.913538 0.000000 -0.406754 0.913538 0.000000 -0.406718 0.913554 0.000000 -0.406718 0.913554 0.000000 -0.406718 0.913554 0.000000 -0.406738 0.913545 0.000000 -0.406738 0.913545 0.000000 -0.406725 0.913551 0.000000 -0.406768 0.913532 0.000000 -0.406768 0.913532 0.000000 -0.406768 0.913532 0.000000 -0.406738 0.913545 0.000000 -0.406738 0.913545 0.000000 -0.406731 0.913548 0.000000 -0.406749 0.913540 0.000000 -0.406750 0.913540 0.000000 -0.406749 0.913540 0.000000 -0.406699 0.913562 0.000000 -0.406699 0.913562 0.000000 -0.406699 0.913562 0.000000 
						-0.406745 0.913542 0.000000 -0.406745 0.913542 0.000000 -0.406534 0.913636 0.000000 -0.406534 0.913636 0.000000 -0.406534 0.913636 0.000000 -0.406802 0.913516 0.000000 -0.406802 0.913516 0.000000 -0.406802 0.913516 0.000000 -0.406725 0.913551 0.000000 -0.406725 0.913551 0.000000 -0.406741 0.913543 0.000000 -0.406741 0.913543 0.000000 -0.406780 0.913526 0.000000 -0.406780 0.913526 0.000000 -0.406780 0.913526 0.000000 -0.406881 0.913481 0.000000 -0.406881 0.913481 0.000000 -0.406881 0.913481 0.000000 -0.406744 0.913542 0.000000 -0.406744 0.913542 0.000000 -0.406676 0.913572 0.000000 -0.406676 0.913572 0.000000 0.337414 0.941356 0.000000 0.337414 0.941356 0.000000 1.000000 0.000000 0.000000 -0.406756 0.913537 0.000000 -0.406756 0.913537 0.000000 -0.406729 0.913549 0.000000 -0.406729 0.913549 0.000000 -0.406757 0.913537 0.000000 -0.406751 0.913539 0.000000 -0.406745 0.913542 0.000000 0.018687 0.069741 -0.997390 -0.003014 0.069758 -0.997559 0.000000 0.069755 -0.997564 0.018687 0.069741 -0.997390 0.018673 0.069682 -0.997395 0.018686 0.069735 -0.997391 0.018688 0.069743 -0.997390 0.018686 0.069738 -0.997390 0.018689 0.069748 -0.997390 0.000000 0.069756 -0.997564 -0.003013 0.069749 -0.997560 0.018686 0.069735 -0.997391 0.018690 0.069752 -0.997389 0.018734 0.069927 -0.997376 0.018694 0.069768 -0.997388 0.018689 0.069746 -0.997390 0.018688 0.069745 -0.997390 0.018685 0.069734 -0.997391 -0.018686 0.069736 -0.997391 -0.018687 0.069740 -0.997390 -0.018688 0.069744 -0.997390 -0.018687 0.069740 -0.997390 -0.018688 0.069746 -0.997390 -0.018690 0.069753 -0.997389 -0.018686 0.069735 -0.997391 -0.018687 0.069740 -0.997390 -0.018688 0.069744 -0.997390 -0.018688 0.069743 -0.997390 -0.018687 0.069739 -0.997390 
					</float_array>
					<technique_common>
						<accessor count="509" offset="0" source="#meshId2-tangents-array" stride="3">
							<param name="X" type="float" />
							<param name="Y" type="float" />
							<param name="Z" type="float" />
						</accessor>
					</technique_common>
				</source>
				<source id="meshId2-bitangents" name="meshId2-bitangents">
					<float_array id="meshId2-bitangents-array" count="1527"> 
						-0.500000 0.866026 -0.000000 0.000002 1.000000 0.000000 -0.000001 1.000000 0.000000 -0.500001 0.866025 0.000000 -0.866025 0.500000 0.000000 -0.866025 0.500000 0.000000 -1.000000 -0.000000 0.000000 -0.866025 0.500000 0.000000 -0.866025 0.500000 0.000000 -1.000000 -0.000000 0.000000 -0.866025 -0.500000 0.000000 -0.866026 -0.499998 -0.000000 -0.500000 -0.866026 0.000000 -0.500003 -0.866024 -0.000002 0.000001 -0.997564 -0.069758 -0.498782 -0.863916 -0.069755 -0.498785 -0.863914 -0.069757 -0.000002 -0.997564 -0.069758 0.498300 -0.863077 -0.082429 0.498295 -0.863080 -0.082429 0.862101 -0.497735 -0.095086 0.862098 -0.497739 -0.095091 0.997564 0.000004 -0.069758 0.863916 -0.498782 -0.069759 0.863913 -0.498787 -0.069759 0.997564 -0.000003 -0.069758 0.863916 0.498782 -0.069757 0.863917 0.498780 -0.069756 0.500002 0.866024 -0.000000 0.866026 0.500000 0.000000 0.866027 0.499998 -0.000003 0.499997 0.866027 -0.000001 -0.500001 0.866025 0.000000 -0.000002 1.000000 0.000001 0.000008 1.000000 0.000000 -0.499996 0.866027 -0.000000 -0.866026 0.499999 0.000001 -0.866026 0.499999 0.000001 -0.500001 -0.866025 0.000002 -0.866006 -0.500033 0.000001 -0.866026 -0.499999 -0.000000 -0.500000 -0.866025 0.000003 -0.000006 -0.997564 -0.069757 -0.498783 -0.863915 -0.069758 -0.498782 -0.863916 -0.069757 0.000003 -0.997564 -0.069756 0.498293 -0.863082 -0.082429 0.498302 -0.863076 -0.082429 0.862103 -0.497732 -0.095090 0.862100 -0.497736 -0.095090 0.997564 -0.000004 -0.069758 0.863917 -0.498779 -0.069759 0.863915 -0.498783 -0.069758 0.997564 0.000004 -0.069757 0.863081 0.498294 -0.082431 0.863074 0.498305 -0.082430 0.497732 0.862103 -0.095091 0.497741 0.862097 -0.095092 0.499998 0.866027 -0.000000 0.500007 0.866022 0.000001 -0.499999 0.866026 0.000000 0.000002 1.000000 -0.000000 -0.000001 1.000000 0.000001 -0.500001 0.866025 0.000003 
						-0.866025 0.500000 0.000000 -0.499999 0.866026 -0.000004 -0.500001 0.866025 0.000001 -0.866026 0.499999 0.000002 -1.000000 -0.000000 0.000001 -1.000000 -0.000001 0.000001 -0.866026 -0.500000 0.000001 -0.866025 -0.500001 0.000003 -0.498297 -0.863079 -0.082429 -0.862102 -0.497734 -0.095087 -0.862101 -0.497735 -0.095087 -0.498299 -0.863078 -0.082429 0.000001 -0.997564 -0.069758 -0.000002 -0.997564 -0.069758 0.498786 -0.863914 -0.069758 0.498780 -0.863917 -0.069756 0.863079 -0.498297 -0.082426 0.497738 -0.862099 -0.095087 0.497733 -0.862103 -0.095085 0.863077 -0.498301 -0.082425 0.997564 -0.000000 -0.069753 0.997564 -0.000003 -0.069753 0.863080 0.498297 -0.082426 0.863080 0.498295 -0.082426 0.497736 0.862101 -0.095084 0.497733 0.862103 -0.095080 0.500002 0.866025 -0.000000 0.499999 0.866026 -0.000000 -0.499999 0.866026 -0.000000 0.000002 1.000000 -0.000000 -0.000001 1.000000 -0.000000 -0.500003 0.866024 0.000002 -0.866025 0.500000 0.000001 -0.866026 0.499998 0.000003 -1.000000 -0.000000 0.000003 -0.866025 0.500000 0.000003 -0.866026 0.499998 0.000003 -1.000000 -0.000003 0.000003 -0.866026 -0.500000 0.000003 -0.866025 -0.500001 0.000003 -0.498298 -0.863078 -0.082433 -0.862101 -0.497734 -0.095091 -0.862100 -0.497735 -0.095092 -0.498298 -0.863079 -0.082432 0.000000 -0.997564 -0.069757 -0.000001 -0.997564 -0.069756 0.498299 -0.863078 -0.082427 0.498296 -0.863080 -0.082428 0.862101 -0.497735 -0.095085 0.862100 -0.497738 -0.095087 0.997565 -0.000000 -0.069746 0.863916 -0.498783 -0.069752 0.863915 -0.498785 -0.069746 0.997565 -0.000001 -0.069748 0.863917 0.498782 -0.069748 0.863916 0.498781 -0.069758 0.500001 0.866025 -0.000001 0.866026 0.499999 -0.000001 0.866026 0.499999 -0.000002 0.499999 0.866026 -0.000001 -0.500000 0.866025 -0.000001 0.000001 1.000000 -0.000000 -0.000001 1.000000 -0.000000 -0.500000 0.866025 -0.000000 
						-0.866024 0.500002 0.000000 -0.866025 0.500000 0.000001 -1.000000 0.000001 -0.000000 -0.866024 0.500002 -0.000000 -0.866025 0.500000 0.000000 -1.000000 0.000000 -0.000001 -0.866023 -0.500005 -0.000000 -0.866027 -0.499998 -0.000002 -0.862103 -0.497732 -0.095089 -0.498302 -0.863076 -0.082430 -0.671595 -0.734723 -0.095610 -0.703684 -0.703677 -0.098323 -0.703679 -0.703674 -0.098384 -0.671598 -0.734724 -0.095586 -0.498295 -0.863080 -0.082430 -0.862098 -0.497739 -0.095092 0.862102 -0.497733 -0.095091 0.498299 -0.863078 -0.082428 0.498299 -0.863077 -0.082436 0.498297 -0.863079 -0.082432 0.862099 -0.497737 -0.095095 0.997564 -0.000005 -0.069758 0.863917 -0.498780 -0.069758 0.863914 -0.498785 -0.069758 0.997564 0.000001 -0.069758 0.863083 0.498291 -0.082432 0.863075 0.498304 -0.082431 0.497738 0.862099 -0.095091 0.497730 0.862104 -0.095088 0.500004 0.866023 -0.000000 0.499996 0.866028 -0.000000 -0.500000 0.866026 -0.000003 0.000001 1.000000 -0.000002 -0.000000 1.000000 -0.000002 -0.500000 0.866025 0.000000 -0.866025 0.500000 0.000000 -0.500000 0.866026 0.000000 -0.500000 0.866025 0.000000 -0.866025 0.500000 0.000000 -1.000000 -0.000000 0.000000 -1.000000 -0.000000 0.000001 -0.866026 -0.499999 0.000001 -0.866025 -0.500001 0.000003 -0.498298 -0.863079 -0.082425 -0.862102 -0.497734 -0.095087 -0.862101 -0.497736 -0.095084 -0.498298 -0.863079 -0.082426 0.000002 -0.997564 -0.069756 0.000000 -0.997564 -0.069757 0.498300 -0.863078 -0.082429 0.498298 -0.863079 -0.082428 0.862102 -0.497733 -0.095087 0.862101 -0.497735 -0.095089 0.997564 0.000000 -0.069755 0.863917 -0.498781 -0.069754 0.863916 -0.498782 -0.069756 0.997564 -0.000001 -0.069755 0.863079 0.498297 -0.082426 0.863079 0.498297 -0.082428 0.497736 0.862101 -0.095087 0.497734 0.862101 -0.095094 0.500001 0.866025 0.000002 0.500000 0.866025 -0.000002 0.694657 0.719341 0.000000 
						0.694651 0.719347 0.000000 0.694651 0.719347 0.000000 0.694657 0.719341 -0.000000 0.694655 0.719344 0.000000 0.694652 0.719346 0.000000 0.694631 0.719366 0.000000 0.694628 0.719370 0.000000 0.694636 0.719362 0.000000 0.694638 0.719359 0.000000 0.694663 0.719336 -0.000000 0.694666 0.719332 0.000000 0.694656 0.719342 0.000000 0.694655 0.719343 0.000000 0.694650 0.719348 0.000000 0.694651 0.719347 0.000000 0.694666 0.719332 0.000000 0.694665 0.719334 0.000000 0.694630 0.719367 0.000000 0.694628 0.719369 0.000000 0.694663 0.719335 0.000000 0.694669 0.719329 0.000000 0.694665 0.719333 0.000000 0.694667 0.719332 0.000000 0.913544 0.406739 0.000000 0.913540 0.406750 0.000000 0.913538 0.406754 0.000000 0.913546 0.406736 0.000000 0.913538 0.406754 0.000000 0.913538 0.406754 0.000000 0.913533 0.406764 0.000000 0.913534 0.406763 0.000000 0.913540 0.406748 0.000000 0.913541 0.406746 0.000000 0.913541 0.406747 0.000000 0.913542 0.406745 0.000000 0.913551 0.406725 0.000000 0.913551 0.406724 0.000000 0.913548 0.406731 0.000000 0.913547 0.406733 0.000000 0.913552 0.406721 0.000000 0.913552 0.406722 0.000000 0.913546 0.406736 -0.000000 0.913547 0.406734 0.000000 0.913562 0.406699 -0.000000 0.913564 0.406696 0.000000 0.913557 0.406711 0.000000 0.913554 0.406718 0.000000 0.694662 0.719336 0.000000 0.694657 0.719341 -0.000000 0.694658 0.719340 0.000000 0.694664 0.719334 0.000000 0.694685 0.719314 0.000000 0.694682 0.719317 0.000000 0.694632 0.719365 0.000000 0.694626 0.719371 0.000000 0.694644 0.719354 0.000000 0.694647 0.719351 0.000000 0.694661 0.719337 0.000000 0.694662 0.719336 0.000000 0.694660 0.719338 -0.000000 0.694660 0.719338 0.000000 0.694650 0.719348 0.000000 0.694651 0.719347 0.000000 0.694655 0.719343 0.000000 
						0.694654 0.719345 0.000000 0.694630 0.719367 0.000000 0.694629 0.719368 0.000000 0.694652 0.719346 -0.000000 0.694654 0.719344 0.000000 0.694657 0.719342 0.000000 0.694657 0.719341 0.000000 0.913541 0.406746 -0.000000 0.913547 0.406734 0.000000 0.913547 0.406733 0.000000 0.913540 0.406749 0.000000 0.913548 0.406730 0.000000 0.913548 0.406730 0.000000 0.913548 0.406730 0.000000 0.913548 0.406732 -0.000000 0.913552 0.406721 -0.000000 0.913552 0.406721 -0.000000 0.913552 0.406721 -0.000000 0.913548 0.406731 0.000000 0.913548 0.406731 0.000000 0.913547 0.406733 0.000000 0.913554 0.406718 -0.000000 0.913554 0.406718 -0.000000 0.913554 0.406718 -0.000000 0.913554 0.406718 -0.000000 0.913549 0.406729 -0.000000 0.913549 0.406729 -0.000000 0.913549 0.406729 -0.000000 0.913548 0.406731 0.000000 0.913547 0.406733 0.000000 0.913547 0.406733 0.000000 0.913543 0.406743 -0.000000 0.913543 0.406743 -0.000000 0.913543 0.406743 -0.000000 0.913548 0.406731 -0.000000 0.913548 0.406731 -0.000000 0.913548 0.406731 -0.000000 0.913551 0.406723 -0.000000 0.913551 0.406724 0.000000 0.913551 0.406724 0.000000 0.913539 0.406752 -0.000000 0.913539 0.406752 0.000000 0.913539 0.406752 0.000000 0.913539 0.406751 -0.000000 0.913541 0.406747 -0.000000 0.913544 0.406740 0.000000 0.913551 0.406724 0.000000 0.694660 0.719338 0.000000 0.694658 0.719340 0.000000 0.694658 0.719340 0.000000 0.694660 0.719338 0.000000 0.694658 0.719340 -0.000000 0.694657 0.719342 0.000000 0.694653 0.719345 0.000000 0.694652 0.719346 0.000000 0.694649 0.719349 -0.000000 0.694650 0.719348 0.000000 0.694657 0.719341 0.000000 0.694659 0.719339 0.000000 0.694660 0.719338 0.000000 0.694660 0.719338 0.000000 0.694651 0.719347 0.000000 0.694651 0.719347 0.000000 0.694649 0.719349 0.000000 
						0.694651 0.719347 0.000000 0.694663 0.719336 0.000000 0.694664 0.719334 0.000000 0.694659 0.719339 0.000000 0.694657 0.719341 0.000000 0.694659 0.719339 0.000000 0.694660 0.719339 0.000000 0.913545 0.406738 0.000000 0.913547 0.406734 0.000000 0.913549 0.406729 -0.000000 0.913544 0.406739 0.000000 0.913549 0.406728 0.000000 0.913549 0.406728 0.000000 0.913554 0.406719 0.000000 0.913553 0.406720 0.000000 0.913548 0.406730 0.000000 0.913547 0.406733 0.000000 0.913546 0.406736 -0.000000 0.913545 0.406738 0.000000 0.913543 0.406742 0.000000 0.913542 0.406744 -0.000000 0.913544 0.406740 0.000000 0.913544 0.406740 0.000000 0.913543 0.406741 0.000000 0.913544 0.406740 -0.000000 0.913541 0.406747 0.000000 0.913542 0.406745 0.000000 0.913543 0.406742 0.000000 0.913542 0.406744 0.000000 0.913537 0.406756 0.000000 0.913537 0.406756 0.000000 0.694655 0.719343 0.000000 0.694661 0.719338 0.000000 0.694660 0.719339 0.000000 0.694655 0.719343 0.000000 0.694657 0.719342 0.000000 0.694657 0.719341 0.000000 0.694655 0.719343 0.000000 0.694654 0.719344 0.000000 0.694653 0.719345 0.000000 0.694654 0.719344 0.000000 0.694657 0.719342 0.000000 0.694657 0.719341 0.000000 0.694659 0.719339 0.000000 0.694660 0.719338 0.000000 0.694658 0.719340 0.000000 0.694658 0.719340 0.000000 0.694657 0.719341 0.000000 0.694659 0.719340 0.000000 0.694669 0.719329 0.000000 0.694671 0.719327 0.000000 0.694660 0.719338 0.000000 0.694659 0.719339 0.000000 0.694663 0.719336 0.000000 0.694663 0.719336 -0.000000 -1.000000 0.000003 -0.000001 -1.000000 0.000004 -0.000001 -0.965924 0.258825 -0.000008 -0.965924 0.258826 -0.000004 -0.866026 0.499999 0.000003 -0.965926 0.258819 -0.000001 -0.965926 0.258819 -0.000005 -0.965927 0.258816 -0.000001 -0.965933 0.258792 -0.000001 
						-0.965926 0.258817 0.000000 -0.866026 0.499999 0.000002 -0.965926 0.258817 -0.000001 -0.965927 0.258817 -0.000013 -0.965926 0.258820 -0.000009 -1.000000 -0.000001 0.000003 -0.965924 0.258825 -0.000003 -1.000000 0.000003 0.000003 -0.965926 -0.258819 -0.000002 -0.965926 -0.258820 -0.000008 -0.965926 -0.258819 -0.000003 -0.965926 -0.258820 -0.000002 -0.965926 -0.258819 -0.000000 -0.965926 -0.258819 0.000000 -0.965926 -0.258820 -0.000001 -0.965926 -0.258819 0.000011 -0.965926 -0.258818 0.000023 -0.965926 -0.258819 -0.000003 -0.965926 -0.258819 -0.000001 0.913541 0.406748 0.000000 0.913540 0.406748 0.000000 0.913540 0.406748 0.000000 0.913541 0.406746 0.000000 0.913541 0.406746 0.000000 0.913545 0.406737 0.000000 0.913545 0.406737 0.000000 0.913573 0.406674 0.000000 0.913573 0.406674 0.000000 0.913573 0.406674 0.000000 0.913524 0.406785 0.000000 0.913524 0.406785 0.000000 0.913524 0.406785 0.000000 0.913541 0.406746 0.000000 0.913541 0.406746 0.000000 0.913602 0.406610 0.000000 0.913602 0.406610 0.000000 0.913602 0.406610 0.000000 0.913546 0.406735 0.000000 0.913546 0.406735 0.000000 0.913546 0.406735 0.000000 0.913545 0.406737 0.000000 0.913548 0.406732 0.000000 0.913547 0.406732 0.000000 0.913547 0.406732 0.000000 0.913538 0.406754 0.000000 0.913538 0.406754 0.000000 0.913554 0.406718 0.000000 0.913554 0.406718 0.000000 0.913554 0.406718 0.000000 0.913545 0.406738 0.000000 0.913545 0.406738 0.000000 0.913551 0.406725 0.000000 0.913532 0.406768 0.000000 0.913532 0.406768 0.000000 0.913532 0.406768 0.000000 0.913545 0.406738 0.000000 0.913545 0.406738 0.000000 0.913548 0.406731 0.000000 0.913540 0.406749 0.000000 0.913540 0.406750 0.000000 0.913540 0.406749 0.000000 0.913562 0.406699 0.000000 0.913562 0.406699 0.000000 0.913562 0.406699 0.000000 
						0.913542 0.406745 0.000000 0.913542 0.406745 0.000000 0.913636 0.406534 0.000000 0.913636 0.406534 0.000000 0.913636 0.406534 0.000000 0.913516 0.406802 0.000000 0.913516 0.406802 0.000000 0.913516 0.406802 0.000000 0.913551 0.406725 0.000000 0.913551 0.406725 0.000000 0.913543 0.406741 0.000000 0.913543 0.406741 0.000000 0.913526 0.406780 0.000000 0.913526 0.406780 0.000000 0.913526 0.406780 0.000000 0.913481 0.406881 0.000000 0.913481 0.406881 0.000000 0.913481 0.406881 0.000000 0.913542 0.406744 0.000000 0.913542 0.406744 0.000000 0.913572 0.406676 0.000000 0.913572 0.406676 0.000000 -0.941356 0.337414 0.000000 -0.941356 0.337414 0.000000 0.000000 0.000000 1.000000 0.913537 0.406756 0.000000 0.913537 0.406756 0.000000 0.913549 0.406729 0.000000 0.913549 0.406729 0.000000 0.913537 0.406757 0.000000 0.913539 0.406751 0.000000 0.913542 0.406745 0.000000 -0.258143 -0.963405 -0.072202 0.043056 -0.996630 -0.069823 -0.000004 -0.997564 -0.069755 -0.258144 -0.963405 -0.072201 -0.258142 -0.963410 -0.072140 -0.258144 -0.963405 -0.072195 -0.258144 -0.963405 -0.072204 -0.258143 -0.963405 -0.072198 -0.258143 -0.963404 -0.072208 -0.000002 -0.997564 -0.069756 0.043055 -0.996630 -0.069814 -0.258144 -0.963405 -0.072195 -0.258144 -0.963404 -0.072212 -0.258136 -0.963392 -0.072393 -0.258143 -0.963403 -0.072229 -0.258143 -0.963405 -0.072207 -0.258144 -0.963404 -0.072205 -0.258146 -0.963405 -0.072194 0.258143 -0.963405 -0.072196 0.258144 -0.963405 -0.072200 0.258144 -0.963405 -0.072204 0.258143 -0.963405 -0.072200 0.258143 -0.963405 -0.072206 0.258143 -0.963404 -0.072213 0.258144 -0.963405 -0.072195 0.258143 -0.963405 -0.072200 0.258143 -0.963405 -0.072204 0.258144 -0.963405 -0.072204 0.258144 -0.963405 -0.072199 
					</float_array>
					<technique_common>
						<accessor count="509" offset="0" source="#meshId2-bitangents-array" stride="3">
							<param name="X" type="float" />
							<param name="Y" type="float" />
							<param name="Z" type="float" />
						</accessor>
					</technique_common>
				</source>
				<source id="meshId2-tex0" name="meshId2-tex0">
					<float_array id="meshId2-tex0-array" count="1018"> 
						0.380881 0.445414 0.380881 0.432931 0.405559 0.432932 0.405559 0.445414 0.380881 0.454552 0.405559 0.454552 0.517818 0.540251 0.517818 0.527961 0.542114 0.527961 0.542114 0.540251 0.517818 0.552540 0.542114 0.552540 0.517818 0.561537 0.542114 0.561537 0.488872 0.352566 0.489729 0.340307 0.513966 0.342001 0.513109 0.354261 0.488015 0.364826 0.512252 0.366520 0.487387 0.373800 0.511624 0.375495 0.407071 0.595642 0.407902 0.583750 0.431412 0.585394 0.430581 0.597286 0.406239 0.607534 0.429749 0.609178 0.380881 0.420449 0.380881 0.411311 0.405559 0.411311 0.405559 0.420449 0.299733 0.690964 0.299733 0.675395 0.377933 0.675395 0.377933 0.690964 0.299733 0.702361 0.377933 0.702361 0.218585 0.702430 0.218585 0.691015 0.296912 0.691015 0.296912 0.702430 0.600846 0.766649 0.601933 0.751118 0.679942 0.756573 0.678856 0.772104 0.599760 0.782179 0.677770 0.787635 0.598965 0.793549 0.676975 0.799004 0.519699 0.756505 0.520785 0.740974 0.598794 0.746429 0.597708 0.761960 0.518613 0.772036 0.596622 0.777491 0.517818 0.783405 0.595827 0.788860 0.299733 0.659827 0.377933 0.659826 0.421454 0.526454 0.421454 0.514528 0.443760 0.514528 0.443760 0.526454 
						0.517818 0.501470 0.517818 0.492459 0.540840 0.492459 0.540840 0.501470 0.517818 0.513779 0.540840 0.513779 0.517818 0.526088 0.540840 0.526088 0.514463 0.389869 0.515092 0.380881 0.538058 0.382487 0.537429 0.391475 0.513605 0.402149 0.536570 0.403754 0.512746 0.414428 0.535712 0.416033 0.834650 0.963123 0.835289 0.953987 0.858629 0.955619 0.857991 0.964755 0.833777 0.975602 0.857118 0.977234 0.832904 0.988082 0.856245 0.989714 0.832266 0.997217 0.855606 0.998850 0.421454 0.502602 0.443760 0.502603 0.385952 0.400007 0.385952 0.387437 0.406841 0.387437 0.406841 0.400007 0.385952 0.409209 0.406841 0.409209 0.431598 0.550042 0.431598 0.538105 0.451436 0.538105 0.451436 0.550042 0.431598 0.561979 0.451436 0.561979 0.768729 0.704508 0.769370 0.695329 0.790209 0.696786 0.789567 0.705965 0.767852 0.717048 0.788690 0.718505 0.766975 0.729587 0.787813 0.731044 0.766333 0.738766 0.787171 0.740223 0.432431 0.621017 0.433263 0.609109 0.453053 0.610493 0.452220 0.622401 0.431598 0.632925 0.451387 0.634309 0.385952 0.374867 0.385952 0.365665 0.406841 0.365665 0.406841 0.374867 0.685185 0.716523 0.685185 0.700854 0.741728 0.700854 0.741728 0.716523 
						0.685185 0.727994 0.741728 0.727994 0.314948 0.487537 0.314948 0.472172 0.370395 0.472172 0.370395 0.487537 0.314948 0.502903 0.370395 0.502903 0.441732 0.658742 0.440923 0.670310 0.413387 0.668385 0.412810 0.668186 0.412430 0.668055 0.411436 0.668248 0.383900 0.666323 0.384708 0.654755 0.380881 0.709495 0.381689 0.697927 0.410201 0.699921 0.438713 0.701915 0.437904 0.713483 0.565356 0.710959 0.566449 0.695329 0.622854 0.699272 0.621761 0.714903 0.564263 0.726590 0.620668 0.730534 0.563463 0.738032 0.619868 0.741977 0.685185 0.685185 0.741728 0.685186 0.446813 0.597481 0.446813 0.585544 0.466651 0.585544 0.466651 0.597481 0.517818 0.465999 0.517818 0.456957 0.538344 0.456957 0.538344 0.465999 0.517818 0.478351 0.538344 0.478351 0.517818 0.490702 0.538344 0.490702 0.332559 0.542212 0.333201 0.533033 0.354039 0.534490 0.353397 0.543669 0.331682 0.554752 0.352520 0.556209 0.330805 0.567291 0.351643 0.568748 0.330163 0.576471 0.351001 0.577928 0.514238 0.428704 0.515100 0.416383 0.535576 0.417815 0.534715 0.430136 0.513377 0.441026 0.533853 0.442458 0.512746 0.450046 0.533222 0.451478 0.446813 0.573607 0.466651 0.573607 0.856862 0.881639 
						0.846408 0.887921 0.845452 0.884588 0.854368 0.879231 0.862775 0.870972 0.859411 0.870133 0.862563 0.858777 0.859230 0.859733 0.856281 0.848322 0.853872 0.850816 0.845613 0.842409 0.844774 0.845773 0.833418 0.842622 0.834374 0.845955 0.822964 0.848904 0.825458 0.851312 0.817050 0.859571 0.820415 0.860410 0.817263 0.871766 0.820596 0.870810 0.823545 0.882221 0.825954 0.879727 0.834213 0.888134 0.835051 0.884770 0.310414 0.564684 0.298367 0.562776 0.299778 0.559609 0.310051 0.561236 0.321801 0.560313 0.319763 0.557508 0.329476 0.550835 0.326309 0.549424 0.331384 0.538788 0.327936 0.539150 0.327013 0.527401 0.324208 0.529439 0.317535 0.519726 0.316124 0.522893 0.305488 0.517818 0.305850 0.521266 0.294101 0.522189 0.296139 0.524994 0.286426 0.531667 0.289593 0.533077 0.284518 0.543714 0.287966 0.543351 0.288888 0.555101 0.291694 0.553062 0.319258 0.607765 0.308803 0.614047 0.307847 0.610714 0.316763 0.605357 0.325171 0.597098 0.321806 0.596259 0.324958 0.584903 0.321625 0.585859 0.318676 0.574448 0.316267 0.576942 0.308009 0.568535 0.307170 0.571899 0.295814 0.568748 0.296769 0.572081 0.285359 0.575030 0.287853 0.577438 0.279446 0.585697 
						0.282810 0.586536 0.279659 0.597892 0.282992 0.596937 0.285940 0.608347 0.288349 0.605853 0.296608 0.614260 0.297447 0.610896 0.475259 0.715415 0.459667 0.712945 0.462488 0.706610 0.474534 0.708518 0.489997 0.709757 0.475259 0.715415 0.474534 0.708518 0.485921 0.704147 0.499932 0.697489 0.489997 0.709757 0.485921 0.704147 0.493597 0.694668 0.499932 0.697489 0.502401 0.681897 0.493597 0.694668 0.495505 0.682622 0.502401 0.681897 0.496744 0.667159 0.495505 0.682622 0.491134 0.671235 0.496744 0.667159 0.484476 0.657224 0.481655 0.663559 0.468883 0.654755 0.481655 0.663559 0.469608 0.661651 0.468883 0.654755 0.454146 0.660412 0.469608 0.661651 0.458222 0.666022 0.444211 0.672680 0.450546 0.675501 0.441741 0.688273 0.450546 0.675501 0.448638 0.687548 0.441741 0.688273 0.447399 0.703010 0.453009 0.698934 0.447399 0.703010 0.453009 0.698934 0.675853 0.735961 0.662322 0.744092 0.660410 0.737426 0.670865 0.731144 0.683507 0.722154 0.676778 0.720477 0.683231 0.706370 0.676565 0.708282 0.675100 0.692838 0.670283 0.697827 0.661294 0.685185 0.659616 0.691914 0.645509 0.685461 0.647421 0.692127 0.631978 0.693591 0.636966 0.698408 0.624324 0.707399 
						0.631053 0.709076 0.624600 0.723182 0.631266 0.721271 0.632730 0.736714 0.637548 0.731726 0.646538 0.744367 0.648215 0.737639 0.536120 0.730630 0.520528 0.728160 0.523349 0.721825 0.535395 0.723733 0.550858 0.724973 0.546782 0.719362 0.560793 0.712704 0.554458 0.709884 0.563262 0.697112 0.556366 0.697837 0.557605 0.682374 0.551995 0.686450 0.545337 0.672439 0.542516 0.678774 0.529745 0.669970 0.530469 0.676866 0.515007 0.675627 0.519083 0.681238 0.505072 0.687896 0.511407 0.690716 0.502602 0.703488 0.509499 0.702763 0.508260 0.718226 0.513870 0.714150 0.305616 0.507733 0.292084 0.515863 0.290173 0.509197 0.300628 0.502916 0.313269 0.493925 0.306541 0.492248 0.312994 0.478141 0.306328 0.480053 0.304863 0.464610 0.300046 0.469598 0.291056 0.456957 0.289378 0.463685 0.275272 0.457232 0.277184 0.463898 0.261740 0.465363 0.266729 0.470180 0.254087 0.479170 0.260816 0.480848 0.254362 0.494954 0.261028 0.493043 0.262493 0.508486 0.267310 0.503497 0.276300 0.516139 0.277978 0.509410 0.296912 0.675421 0.275125 0.675421 0.272773 0.668182 0.272180 0.666358 0.296912 0.659826 0.270444 0.665096 0.265271 0.661338 0.264471 0.660756 0.255852 0.660756 
						0.254941 0.660756 0.218585 0.659826 0.248483 0.665448 0.247232 0.666358 0.246065 0.669950 0.218585 0.675421 0.245081 0.672978 0.244287 0.675421 0.246639 0.682660 0.247232 0.684484 0.248126 0.685133 0.254140 0.689503 0.254941 0.690085 0.263560 0.690085 0.264471 0.690085 0.270929 0.685393 0.272180 0.684484 0.273618 0.680058 0.274331 0.677863 0.837875 0.818271 0.825828 0.816363 0.816350 0.808688 0.811979 0.797301 0.813887 0.785254 0.837875 0.818271 0.816350 0.808688 0.826236 0.801141 0.837875 0.818271 0.813887 0.785254 0.826042 0.800541 0.826236 0.801141 0.813887 0.785254 0.824433 0.795563 0.826042 0.800541 0.824555 0.794980 0.824433 0.795563 0.813887 0.785254 0.825632 0.789825 0.824555 0.794980 0.813887 0.785254 0.826061 0.789343 0.829514 0.785464 0.830245 0.785224 0.835037 0.783649 0.821562 0.775775 0.832949 0.771405 0.832949 0.771405 0.844996 0.773313 0.854474 0.780988 0.832949 0.771405 0.854474 0.780988 0.813887 0.785254 0.835952 0.783845 0.835037 0.783649 0.854474 0.780988 0.840722 0.784866 0.835952 0.783845 0.841536 0.785605 0.845045 0.788789 0.841536 0.785605 0.854474 0.780988 0.845418 0.789940 0.845045 0.788789 0.854474 0.780988 
						0.846849 0.794366 0.845418 0.789940 0.846596 0.795576 0.846849 0.794366 0.854474 0.780988 0.845650 0.800104 0.846596 0.795576 0.854474 0.780988 0.858845 0.792375 0.856937 0.804422 0.856937 0.804422 0.849262 0.813900 0.845650 0.800104 0.854474 0.780988 0.837875 0.818271 0.844870 0.800980 0.845650 0.800104 0.837875 0.818271 0.841768 0.804466 0.844870 0.800980 0.840777 0.804791 0.841768 0.804466 0.826236 0.801141 0.830014 0.804569 0.830560 0.805064 0.826236 0.801141 0.830560 0.805064 0.830560 0.805064 0.835379 0.806095 0.835379 0.806095 0.836245 0.806281 0.840777 0.804791 0.395579 0.682703 0.395641 0.683023 0.382794 0.682125 0.396710 0.679420 0.398240 0.674976 0.398369 0.674863 0.400179 0.673290 0.404408 0.669614 0.406309 0.669245 0.439818 0.686112 0.426971 0.685214 0.427078 0.684906 0.426144 0.680100 0.425518 0.676883 0.425406 0.676754 0.421621 0.672400 0.420157 0.670716 0.414106 0.668632 0.425922 0.688263 0.424417 0.692632 0.422416 0.694372 0.418249 0.697994 0.416263 0.698380 0.410227 0.699554 0.396493 0.687407 0.397138 0.690725 0.400971 0.695134 0.402500 0.696893 0.408463 0.698946 
					</float_array>
					<technique_common>
						<accessor count="509" offset="0" source="#meshId2-tex0-array" stride="2">
							<param name="S" type="float" />
							<param name="T" type="float" />
						</accessor>
					</technique_common>
				</source>
				<vertices id="meshId2-vertices">
					<input semantic="POSITION" source="#meshId2-positions" />
				</vertices>
				<polylist count="409" material="defaultMaterial">
					<input offset="0" semantic="VERTEX" source="#meshId2-vertices" />
					<input offset="0" semantic="NORMAL" source="#meshId2-normals" />
					<input offset="0" semantic="TANGENT" source="#meshId2-tangents" />
					<input offset="0" semantic="BINORMAL" source="#meshId2-bitangents" />
					<input offset="0" semantic="TEXCOORD" source="#meshId2-tex0" set="0" />
					<vcount>
						3 3 3 3 3 3 3 3 3 3 3 3 3 3 3 3 3 3 3 3 3 3 3 3 3 3 3 3 3 3 3 3 3 3 3 3 3 3 3 3 3 3 3 3 3 3 3 3 3 3 3 3 3 3 3 3 3 3 3 3 3 3 3 3 
						3 3 3 3 3 3 3 3 3 3 3 3 3 3 3 3 3 3 3 3 3 3 3 3 3 3 3 3 3 3 3 3 3 3 3 3 3 3 3 3 3 3 3 3 3 3 3 3 3 3 3 3 3 3 3 3 3 3 3 3 3 3 3 3 
						3 3 3 3 3 3 3 3 3 3 3 3 3 3 3 3 3 3 3 3 3 3 3 3 3 3 3 3 3 3 3 3 3 3 3 3 3 3 3 3 3 3 3 3 3 3 3 3 3 3 3 3 3 3 3 3 3 3 3 3 3 3 3 3 
						3 3 3 3 3 3 3 3 3 3 3 3 3 3 3 3 3 3 3 3 3 3 3 3 3 3 3 3 3 3 3 3 3 3 3 3 3 3 3 3 3 3 3 3 3 3 3 3 3 3 3 3 3 3 3 3 3 3 3 3 3 3 3 3 
						3 3 3 3 3 3 3 3 3 3 3 3 3 3 3 3 3 3 3 3 3 3 3 3 3 3 3 3 3 3 3 3 3 3 3 3 3 3 3 3 3 3 3 3 3 3 3 3 3 3 3 3 3 3 3 3 3 3 3 3 3 3 3 3 
						3 3 3 3 3 3 3 3 3 3 3 3 3 3 3 3 3 3 3 3 3 3 3 3 3 3 3 3 3 3 3 3 3 3 3 3 3 3 3 3 3 3 3 3 3 3 3 3 3 3 3 3 3 3 3 3 3 3 3 3 3 3 3 3 
						3 3 3 3 3 3 3 3 3 3 3 3 3 3 3 3 3 3 3 3 3 3 3 3 3 
					</vcount>
					<p>
						0 1 2 2 3 0 4 0 3 3 5 4 6 7 8 8 9 6 10 6 9 9 11 10 12 10 11 11 13 12 14 15 16 16 17 14 18 14 17 17 19 18 20 18 19 19 21 20 22 23 24 24 25 22 26 22 25 25 27 26 28 29 30 30 31 28 1 28 31 31 2 1 32 33 34 34 35 32 36 32 35 35 37 36 38 39 40 40 41 38 42 43 44 44 45 42 46 42 45 45 47 46 48 46 47 47 49 48 50 51 52 52 53 50 54 50 53 53 55 54 56 54 55 55 57 56 33 58 59 59 34 33 60 61 62 62 63 60 64 65 66 66 67 64 68 64 67 67 69 68 70 68 69 69 71 70 72 73 74 74 75 72 76 72 75 75 77 76 78 76 77 77 79 78 80 81 82 82 83 80 84 80 83 83 85 84 86 84 85 85 87 86 
						88 86 87 87 89 88 61 90 91 91 62 61 92 93 94 94 95 92 96 92 95 95 97 96 98 99 100 100 101 98 102 98 101 101 103 102 104 105 106 106 107 104 108 104 107 107 109 108 110 108 109 109 111 110 112 110 111 111 113 112 114 115 116 116 117 114 118 114 117 117 119 118 120 121 122 122 123 120 93 120 123 123 94 93 124 125 126 126 127 124 128 124 127 127 129 128 130 131 132 132 133 130 134 130 133 133 135 134 136 137 138 136 138 139 136 139 140 136 140 141 136 141 142 136 142 143 144 145 146 144 146 147 144 147 148 149 150 151 151 152 149 153 149 152 152 154 153 155 153 154 154 156 155 125 157 158 158 126 125 159 160 161 161 162 159 163 164 165 165 166 163 167 163 166 166 168 167 169 167 168 168 170 169 171 172 173 173 174 171 175 171 174 
						174 176 175 177 175 176 176 178 177 179 177 178 178 180 179 181 182 183 183 184 181 185 181 184 184 186 185 187 185 186 186 188 187 160 189 190 190 161 160 191 192 193 193 194 191 195 191 194 194 196 195 197 195 196 196 198 197 199 197 198 198 200 199 201 199 200 200 202 201 203 201 202 202 204 203 205 203 204 204 206 205 207 205 206 206 208 207 209 207 208 208 210 209 211 209 210 210 212 211 213 211 212 212 214 213 192 213 214 214 193 192 215 216 217 217 218 215 219 215 218 218 220 219 221 219 220 220 222 221 223 221 222 222 224 223 225 223 224 224 226 225 227 225 226 226 228 227 229 227 228 228 230 229 231 229 230 230 232 231 233 231 232 232 234 233 235 233 234 234 236 235 237 235 236 236 238 237 216 237 238 238 217 216 239 240 241 241 242 239 243 239 242 
						242 244 243 245 243 244 244 246 245 247 245 246 246 248 247 249 247 248 248 250 249 251 249 250 250 252 251 253 251 252 252 254 253 255 253 254 254 256 255 257 255 256 256 258 257 259 257 258 258 260 259 261 259 260 260 262 261 240 261 262 262 241 240 263 264 265 265 266 263 267 268 269 269 270 267 271 272 273 270 274 275 276 275 274 277 278 279 280 279 278 281 282 283 284 283 282 282 285 284 286 284 285 287 288 289 290 286 291 291 292 290 293 290 292 292 294 293 295 293 294 296 297 298 299 298 297 297 300 299 264 301 300 302 265 264 303 304 305 305 306 303 307 303 306 306 308 307 309 307 308 308 310 309 311 309 310 310 312 311 313 311 312 312 314 313 315 313 314 314 316 315 317 315 316 316 318 317 319 317 318 318 320 319 321 319 320 320 322 321 323 321 322 
						322 324 323 325 323 324 324 326 325 304 325 326 326 305 304 327 328 329 329 330 327 331 327 330 330 332 331 333 331 332 332 334 333 335 333 334 334 336 335 337 335 336 336 338 337 339 337 338 338 340 339 341 339 340 340 342 341 343 341 342 342 344 343 345 343 344 344 346 345 347 345 346 346 348 347 349 347 348 348 350 349 328 349 350 350 329 328 351 352 353 353 354 351 355 351 354 354 356 355 357 355 356 356 358 357 359 357 358 358 360 359 361 359 360 360 362 361 363 361 362 362 364 363 365 363 364 364 366 365 367 365 366 366 368 367 369 367 368 368 370 369 371 369 370 370 372 371 373 371 372 372 374 373 352 373 374 374 353 352 375 376 377 375 377 378 379 375 378 379 378 380 379 380 381 379 381 382 379 382 383 379 383 384 385 379 384 385 384 386 385 386 387 
						385 387 388 389 385 388 389 388 390 389 390 391 389 391 392 389 392 393 39 389 393 39 393 394 39 394 395 39 395 396 39 396 397 39 397 398 40 39 398 40 398 399 40 399 400 40 400 401 375 40 401 375 401 402 375 402 376 403 404 405 405 406 407 408 409 407 410 411 412 413 414 415 416 417 407 418 419 420 421 422 423 424 421 423 425 424 423 426 425 423 427 426 423 407 428 429 430 431 432 423 433 434 427 435 432 436 437 438 439 440 434 441 439 434 442 443 444 445 446 447 448 449 444 450 451 452 453 454 455 432 456 457 458 459 408 434 458 408 460 461 462 463 464 465 466 467 408 468 469 411 470 471 472 403 473 474 408 475 476 403 477 478 479 403 478 480 481 482 483 480 482 484 483 482 485 484 482 485 482 142 486 485 142 487 486 142 488 487 142 488 142 141 
						489 490 491 489 491 492 489 492 493 489 493 494 137 489 494 137 494 495 137 495 496 137 496 497 137 497 138 498 490 489 499 498 489 499 489 147 500 499 147 501 500 147 502 501 147 503 502 147 503 147 146 482 481 504 482 504 505 145 482 505 145 505 506 145 506 507 145 507 508 145 508 503 145 503 146 
					</p>
				</polylist>
			</mesh>
		</geometry>
		<geometry id="meshId3" name="meshId3_name" >
			<mesh>
				<source id="meshId3-positions" name="meshId3-positions">
					<float_array id="meshId3-positions-array" count="1923"> 
						1.758820 3.046362 27.623972 3.046365 1.758817 27.623972 3.046364 1.758820 23.962469 3.046363 1.758823 21.908955 3.046362 1.758825 20.104214 1.758814 3.046368 20.104214 0.000001 3.517636 27.623972 0.000001 3.517637 20.104214 -1.758827 3.046360 27.623972 -1.758818 3.046362 20.104214 -3.046365 1.758809 27.623972 -1.758827 3.046360 27.623972 -1.758818 3.046362 20.104214 -3.046363 1.758818 20.104214 -3.517638 -0.000005 27.623972 -3.517636 0.000005 20.104214 -3.046355 -1.758829 27.623972 -3.046368 -1.758806 20.104214 -1.758811 -3.046368 27.623972 -1.758828 -3.046363 20.104214 -0.000001 -3.517640 27.623972 -1.758811 -3.046368 27.623972 -1.758828 -3.046363 20.104214 -0.000001 -3.517641 20.104214 1.758812 -3.046373 27.623972 1.758818 -3.046368 20.104214 1.758818 -3.046368 20.104214 3.046366 -1.758815 20.104214 3.046365 -1.758818 21.908955 3.046365 -1.758820 23.962469 3.046364 -1.758824 27.623972 1.758812 -3.046373 27.623972 3.046369 1.758815 121.117332 3.517635 -0.000007 121.117332 3.517639 0.000011 116.703888 3.046357 1.758827 116.703888 1.758824 3.046360 121.117332 1.758812 3.046373 116.703888 -3.046365 1.758821 121.117332 -1.758820 3.046366 121.117332 -1.758839 3.046361 116.703888 -3.046363 1.758830 116.703888 -3.517641 -0.000005 121.117332 -3.517637 0.000010 116.703888 -3.046363 -1.758823 121.117332 -3.046369 -1.758801 116.703888 -1.758821 -3.046361 121.117332 -1.758832 -3.046358 116.703888 3.046360 -1.758827 121.117332 1.758817 -3.046363 121.117332 1.758805 -3.046366 116.703888 3.046366 -1.758802 116.703888 3.046360 -1.758827 121.117332 3.046366 -1.758802 116.703888 3.046362 1.758825 20.104214 3.517641 0.000006 20.104214 3.000001 -0.000002 20.104214 2.598077 1.499998 20.104214 1.758814 3.046368 20.104214 1.500001 2.598074 20.104214 0.000001 3.517637 20.104214 0.000001 2.999998 20.104214 -1.758818 3.046362 20.104214 -1.499999 2.598074 20.104214 
						-3.046363 1.758818 20.104214 -2.598075 1.499998 20.104214 -3.517636 0.000005 20.104214 -3.000000 -0.000002 20.104214 -3.046368 -1.758806 20.104214 -2.598076 -1.500002 20.104214 -1.758828 -3.046363 20.104214 -1.500000 -2.598078 20.104214 -0.000001 -3.517641 20.104214 -0.000001 -3.000002 20.104214 1.758818 -3.046368 20.104214 1.499999 -2.598079 20.104214 3.046366 -1.758815 20.104214 2.598076 -1.500004 20.104214 3.517637 -0.000010 27.623972 3.046365 1.758817 27.623972 2.598077 1.499997 27.623972 3.000001 -0.000003 27.623972 3.046364 -1.758824 27.623972 2.598076 -1.500005 27.623972 1.758812 -3.046373 27.623972 1.499999 -2.598080 27.623972 -0.000001 -3.517640 27.623972 -0.000000 -3.000002 27.623972 -1.758811 -3.046368 27.623972 -1.500000 -2.598078 27.623972 -3.046355 -1.758829 27.623972 -2.598076 -1.500002 27.623972 -3.517638 -0.000005 27.623972 -3.000000 -0.000002 27.623972 -3.046365 1.758809 27.623972 -2.598075 1.499997 27.623972 -1.758827 3.046360 27.623972 -1.499999 2.598074 27.623972 0.000001 3.517636 27.623972 0.000001 2.999997 27.623972 1.758820 3.046362 27.623972 1.500001 2.598074 27.623972 3.046357 1.758827 116.703888 3.517639 0.000011 116.703888 2.999999 0.000002 116.703888 2.598075 1.500003 116.703888 1.758812 3.046373 116.703888 1.499999 2.598079 116.703888 -0.000011 3.517638 116.703888 -0.000001 3.000003 116.703888 -1.758839 3.046361 116.703888 -1.500002 2.598078 116.703888 -3.046363 1.758830 116.703888 -2.598077 1.500003 116.703888 -3.517637 0.000010 116.703888 -3.000001 0.000003 116.703888 -3.046369 -1.758801 116.703888 -2.598078 -1.499997 116.703888 -1.758832 -3.046358 116.703888 -1.500002 -2.598073 116.703888 -0.000008 -3.517633 116.703888 -0.000002 -2.999997 116.703888 1.758805 -3.046366 116.703888 1.499997 -2.598075 116.703888 3.046366 -1.758802 116.703888 2.598074 -1.499999 116.703888 3.517635 -0.000007 121.117332 3.046369 1.758815 121.117332 
						2.598075 1.500001 121.117332 2.999999 0.000001 121.117332 3.046360 -1.758827 121.117332 2.598074 -1.500001 121.117332 1.758817 -3.046363 121.117332 1.499998 -2.598076 121.117332 -0.000002 -3.517636 121.117332 -0.000002 -2.999999 121.117332 -1.758821 -3.046361 121.117332 -1.500002 -2.598073 121.117332 -3.046363 -1.758823 121.117332 -2.598077 -1.499998 121.117332 -3.517641 -0.000005 121.117332 -3.000001 0.000002 121.117332 -3.046365 1.758821 121.117332 -2.598077 1.500002 121.117332 -1.758820 3.046366 121.117332 -1.500001 2.598078 121.117332 -0.000001 3.517640 121.117332 -0.000001 3.000002 121.117332 1.758824 3.046360 121.117332 1.499999 2.598078 121.117332 -0.000011 8.466804 119.437370 1.758812 8.466804 119.665634 1.758812 3.046373 116.703888 1.758812 3.046373 116.703888 -0.000011 3.517638 116.703888 -0.000011 8.466804 119.437370 -1.758839 8.466804 119.665634 -0.000011 8.466804 119.437370 -0.000011 3.517638 116.703888 -0.000011 3.517638 116.703888 -1.758839 3.046361 116.703888 -1.758839 8.466804 119.665634 3.517639 -0.000004 23.962469 3.046364 1.758820 23.962469 3.046365 1.758817 27.623972 3.517637 -0.000010 27.623972 3.046363 1.758823 21.908955 3.517640 0.000002 21.908955 3.517641 0.000006 20.104214 3.046362 1.758825 20.104214 11.072529 -0.000004 23.134392 10.601254 1.758820 23.134392 3.046364 1.758820 23.962469 3.517639 -0.000004 23.962469 10.601254 -1.758820 23.134392 11.072529 -0.000004 23.134392 3.517639 -0.000004 23.962469 3.046365 -1.758820 23.962469 2.567273 -8.299323 117.128296 1.482181 -7.214242 117.128204 1.482207 -7.214257 120.552498 1.482207 -7.214257 120.552498 2.567298 -8.299367 120.552498 2.567273 -8.299323 117.128296 -1.482178 -7.214242 117.128204 -2.567241 -8.299300 117.128204 -2.567225 -8.299273 120.552498 -2.567225 -8.299273 120.552498 -1.482144 -7.214223 120.552498 -1.482178 -7.214242 117.128204 -2.567241 -8.299300 117.128204 -2.964418 -9.781531 117.128204 
						-2.964418 -9.781522 120.552498 -2.567225 -8.299273 120.552498 2.964422 -9.781486 117.128296 2.567273 -8.299323 117.128296 2.567298 -8.299367 120.552498 2.964422 -9.781449 120.552498 -2.567225 -8.299273 120.552498 -2.964418 -9.781522 120.552498 -2.019103 -9.781554 120.552498 -2.013035 -9.758912 120.552498 -2.019103 -9.736268 120.552498 -1.806482 -8.942780 120.552498 -1.759085 -8.765895 120.552498 2.567273 -8.299323 117.128296 2.964422 -9.781486 117.128296 2.019106 -9.781476 117.128296 2.013039 -9.758830 117.128296 2.019106 -9.736190 117.128296 1.997044 -9.653852 117.128296 1.759124 -8.765927 117.128296 -2.964418 -13.628793 120.552460 -2.964418 -13.628800 117.128174 -2.019103 -13.628823 117.128174 -2.019103 -13.628823 117.128174 -2.019103 -13.628827 120.552460 -2.964418 -13.628793 120.552460 2.964422 -13.628757 117.128296 2.964422 -13.628720 120.552460 2.019106 -13.628745 120.552460 2.019106 -13.628745 120.552460 2.019106 -13.628745 117.128296 2.964422 -13.628757 117.128296 -2.964418 -13.628800 117.128174 -2.964418 -13.628793 120.552460 -2.964418 -9.781522 120.552498 -2.964418 -9.781531 117.128204 -2.019103 -13.628823 117.128174 -2.964418 -13.628800 117.128174 -2.964418 -9.781531 117.128204 -2.019103 -9.781554 117.128204 -2.019103 -13.628827 120.552460 -2.019103 -13.628823 117.128174 -2.019103 -9.781554 117.128204 -2.019103 -9.781554 120.552498 -2.964418 -13.628793 120.552460 -2.019103 -13.628827 120.552460 -2.019103 -9.781554 120.552498 2.964422 -13.628720 120.552460 2.964422 -13.628757 117.128296 2.964422 -9.781486 117.128296 2.964422 -9.781449 120.552498 2.019106 -13.628745 120.552460 2.964422 -13.628720 120.552460 2.964422 -9.781449 120.552498 2.019106 -9.781472 120.552498 2.019106 -13.628745 117.128296 2.019106 -13.628745 120.552460 2.019106 -9.781472 120.552498 2.019106 -9.781476 117.128296 2.964422 -13.628757 117.128296 2.019106 -13.628745 117.128296 0.000015 -6.817098 120.552498 1.482207 -7.214257 120.552498 1.758817 -3.046363 121.117332 
						-0.000002 -3.517636 121.117332 -1.482144 -7.214223 120.552498 -1.758821 -3.046361 121.117332 -1.482178 -7.214242 117.128204 -1.482144 -7.214223 120.552498 -1.758821 -3.046361 121.117332 -1.758832 -3.046358 116.703888 -0.000009 -6.817098 117.128204 -1.482178 -7.214242 117.128204 -1.758832 -3.046358 116.703888 -0.000008 -3.517633 116.703888 1.482181 -7.214242 117.128204 1.758805 -3.046366 116.703888 1.482207 -7.214257 120.552498 1.482181 -7.214242 117.128204 1.758805 -3.046366 116.703888 1.758817 -3.046363 121.117332 10.210272 -1.758818 22.015230 10.601256 -1.758818 22.013100 10.601254 -1.758820 23.134392 3.046365 -1.758820 23.962469 3.046365 -1.758818 21.908955 6.309466 -1.758818 21.908955 6.309466 -1.758818 22.036470 3.046365 -1.758820 23.962469 3.046365 -1.758818 21.908955 6.309466 -1.758818 22.036470 6.309466 -1.758818 22.036470 10.010262 -1.758818 22.016317 10.210272 -1.758818 22.015230 3.046365 -1.758820 23.962469 10.010262 -1.758818 22.016317 11.033382 0.146099 22.010748 10.601254 1.758823 22.013100 10.601254 1.758820 23.134392 11.072529 -0.000004 23.134392 11.072530 0.000001 22.010532 10.641223 -1.609654 22.012882 10.601254 -1.758820 23.134392 10.601256 -1.758818 22.013100 6.309466 0.693196 21.908955 6.309466 0.000002 21.908955 3.517640 0.000002 21.908955 3.046363 1.758823 21.908955 6.309466 1.758823 21.908955 6.309466 -1.043756 21.908955 6.309466 -1.758818 21.908955 3.046365 -1.758818 21.908955 -0.627446 6.533105 121.117332 -1.758820 6.533105 121.117332 -0.000001 6.533105 121.117332 1.071629 6.533105 121.117332 1.758824 6.533105 121.117332 -1.758821 8.175272 120.879959 -1.758823 8.466805 120.879959 -1.758839 8.466804 119.665634 -1.758839 3.046361 116.703888 -1.758820 3.046366 121.117332 -1.758820 6.533105 121.117332 -1.758821 6.532167 120.879959 -1.758839 3.046361 116.703888 -1.758820 3.046366 121.117332 -1.758821 6.532167 120.879959 -1.758839 3.046361 116.703888 
						-1.758821 6.532167 120.879959 -1.758821 6.925541 120.879959 -1.758839 3.046361 116.703888 -1.758821 6.925541 120.879959 -1.758821 7.119570 120.879959 -1.758821 8.175272 120.879959 -1.510307 8.466805 120.879959 -0.000002 8.466805 120.879959 -0.000011 8.466804 119.437370 -1.758839 8.466804 119.665634 -1.758823 8.466805 120.879959 0.287590 8.466805 120.879959 1.758822 8.466805 120.879959 1.758812 8.466804 119.665634 1.748614 -8.726708 117.128296 1.739270 -8.717362 117.128296 1.482181 -7.214242 117.128204 2.567273 -8.299323 117.128296 1.739270 -8.717362 117.128296 1.482181 -7.214242 117.128204 1.739270 -8.717362 117.128296 1.688334 -8.666425 117.128288 1.482181 -7.214242 117.128204 1.688334 -8.666425 117.128288 1.026113 -8.004207 117.128204 1.748614 -8.726707 120.552498 1.759124 -8.765929 120.552498 2.567298 -8.299367 120.552498 1.590414 -8.568507 120.552498 1.064169 -8.042262 120.552498 1.482207 -7.214257 120.552498 1.026114 -8.004207 120.552498 -1.009517 -7.987620 117.128204 -1.026094 -8.004197 117.128204 -1.482178 -7.214242 117.128204 -0.082339 -7.739188 117.128204 -0.071010 -7.736154 117.128204 -0.000009 -6.817098 117.128204 -0.000003 -7.717126 117.128204 -1.482144 -7.214223 120.552498 -1.026092 -8.004197 120.552498 -1.009517 -7.987620 120.552498 -0.961152 -7.974662 120.552498 0.000015 -6.817098 120.552498 -0.216091 -7.775027 120.552498 -0.000002 -7.717128 120.552498 -1.748576 -8.726676 117.128204 -1.759085 -8.765895 117.128204 -2.567241 -8.299300 117.128204 -1.069794 -8.047896 117.128204 -1.064148 -8.042251 117.128204 -1.748576 -8.726676 120.552498 -1.739233 -8.717334 120.552498 -1.167713 -8.145818 120.552498 -2.013035 -9.758910 117.128204 -2.019103 -9.781554 117.128204 -2.964418 -9.781531 117.128204 -2.019103 -9.736268 117.128204 -1.770640 -8.809018 117.128204 -1.764184 -8.784923 117.128204 -2.013035 -9.758910 117.205009 -2.013035 -9.758912 120.552498 -2.019103 -9.781554 120.552498 -2.019103 -9.781554 117.128204 
						-2.013035 -9.758910 117.128204 2.013039 -9.758830 120.475693 2.013039 -9.758830 117.128296 2.019106 -9.781476 117.128296 2.019106 -9.781472 120.552498 2.013039 -9.758830 120.552498 2.013039 -9.758830 120.552498 2.019106 -9.781472 120.552498 2.019106 -9.736190 120.552498 1.961207 -9.520108 120.552498 1.764222 -8.784955 120.552498 -5.687326 2.010146 59.212761 -4.014296 2.010146 59.212761 -3.994994 2.082186 58.943909 -5.687326 2.314111 58.078346 -3.942939 2.276454 58.218884 -3.905282 2.314111 58.078346 -4.166838 1.440855 59.782051 -4.014296 2.010146 59.212761 -5.687326 2.010146 59.212761 -5.687326 1.179699 60.043205 -4.236814 1.179699 60.043205 -4.232146 1.197121 60.025784 -4.411640 0.527239 60.218037 -4.540779 0.045286 60.347176 -5.687326 0.045286 60.347176 -5.687326 -1.089128 60.043205 -4.261108 -1.089036 60.043301 -4.386821 -0.619869 60.168945 -4.552914 -0.000001 60.335037 -4.102043 -1.682678 59.449657 -4.261108 -1.089036 60.043301 -5.687326 -1.089128 60.043205 -5.687326 -1.919574 59.212757 -4.038567 -1.919574 59.212757 -3.975714 -2.154140 58.337337 -5.687326 -2.223538 58.078346 -3.957119 -2.223539 58.078354 -4.018403 -1.994821 57.224762 -5.687326 -1.919573 56.943935 -4.038567 -1.919573 56.943935 -4.188894 -1.358541 56.382900 -4.038567 -1.919573 56.943935 -5.687326 -1.919573 56.943935 -5.687326 -1.089125 56.113491 -4.261113 -1.089020 56.113461 -4.432985 -0.447582 55.941586 -5.687326 0.045287 55.809525 -4.540779 0.045287 55.809525 -4.552914 -0.000001 55.821659 -4.358697 0.724825 55.991604 -5.687326 1.179699 56.113491 -4.236814 1.179699 56.113491 -5.687326 2.010147 56.943935 -4.014296 2.010147 56.943935 -4.075066 1.783351 56.717140 -5.687326 1.179699 56.113491 -4.232149 1.197109 56.130898 -4.236814 1.179699 56.113491 -5.687326 0.045287 55.809525 -5.687326 -1.089125 56.113491 -5.687326 -1.919573 56.943935 -5.687326 1.179699 56.113491 -5.687326 2.010147 56.943935 
						-7.956151 -1.919573 56.943935 -7.956151 2.010147 56.943935 -5.687326 2.010147 56.943935 -5.687326 -1.919573 56.943935 -7.956151 -2.223538 58.078346 -7.956151 2.314111 58.078346 -7.956151 2.010147 56.943935 -7.956151 -1.919573 56.943935 -7.956151 -1.919574 59.212757 -7.956151 2.010146 59.212761 -7.956151 2.010146 59.212761 -7.956151 -1.919574 59.212757 -5.687326 -1.919574 59.212757 -5.687326 2.010146 59.212761 -5.687326 0.045286 60.347176 -5.687326 1.179699 60.043205 -5.687326 2.010146 59.212761 -5.687326 -1.919574 59.212757 -5.687326 -1.089128 60.043205 3.046363 1.758823 21.908955 3.046364 1.758820 23.962469 10.601254 1.758820 23.134392 10.601254 1.758823 22.013100 7.890739 1.758823 22.027861 6.309466 1.758823 22.036470 3.046363 1.758823 21.908955 10.601254 1.758820 23.134392 6.309466 1.758823 21.908955 1.758824 3.046360 121.117332 1.758812 3.046373 116.703888 1.758812 8.466804 119.665634 1.758822 8.466805 120.879959 1.758822 7.119570 120.879959 1.758822 6.726197 120.879959 1.758812 8.466804 119.665634 1.758822 6.726197 120.879959 1.758822 6.532167 120.879959 1.758822 6.532167 120.879959 1.758824 3.046360 121.117332 1.758824 6.533105 121.117332 1.482181 -7.214242 117.128204 1.026113 -8.004207 117.128204 1.009537 -7.987630 117.128204 0.961173 -7.974669 117.128204 0.927200 -7.965568 117.128204 1.009537 -7.987630 120.552498 0.793444 -7.929729 120.552498 0.071005 -7.736154 120.552498 -3.950519 2.248167 57.832237 -3.942938 2.276456 57.937813 -3.920259 2.299135 58.022457 -7.956151 2.314111 58.078346 -7.213886 2.314111 58.078346 -7.257658 2.285796 57.972672 -7.956151 2.314111 58.078346 -7.257658 2.285796 57.972672 -7.177585 2.233997 57.779354 -7.956151 2.314111 58.078346 -7.177585 2.233997 57.779354 -7.111212 2.191061 57.619122 -7.956151 2.010147 56.943935 -7.956151 2.314111 58.078346 -7.111212 2.191061 57.619122 -7.956151 2.010147 56.943935 
						-6.920868 2.169935 57.540279 -7.956151 2.010147 56.943935 -6.920868 2.169935 57.540279 -6.834785 2.160381 57.504620 -6.257658 2.285796 57.972672 -6.301430 2.314111 58.078346 -5.687326 2.314111 58.078346 -6.324188 2.242758 57.812057 -6.257658 2.285796 57.972672 -5.687326 2.314111 58.078346 -6.351426 2.225139 57.746300 -6.324188 2.242758 57.812057 -5.687326 2.314111 58.078346 -6.351426 2.225139 57.746300 -5.687326 2.314111 58.078346 -5.687326 2.010147 56.943935 -6.404105 2.191061 57.619122 -6.351426 2.225139 57.746300 -5.687326 2.010147 56.943935 -6.567504 2.172926 57.551437 -6.404105 2.191061 57.619122 -5.687326 2.010147 56.943935 -6.757659 2.151822 57.472672 -6.567504 2.172926 57.551437 -5.687326 2.010147 56.943935 -6.834785 2.160381 57.504620 -6.757659 2.151822 57.472672 -5.687326 2.010147 56.943935 -6.834785 2.160381 57.504620 -7.192476 2.300261 58.130039 -7.213886 2.314111 58.078346 -7.956151 2.314111 58.078346 -7.111212 2.247693 58.326225 -7.192476 2.300261 58.130039 -7.956151 2.314111 58.078346 -6.950795 2.229888 58.392673 -7.111212 2.247693 58.326225 -7.956151 2.314111 58.078346 -6.757659 2.208452 58.472672 -6.950795 2.229888 58.392673 -7.956151 2.314111 58.078346 -7.956151 2.314111 58.078346 -7.956151 2.010146 59.212761 -5.687326 2.010146 59.212761 -6.757659 2.208452 58.472672 -5.687326 2.010146 59.212761 -6.596784 2.226308 58.406040 -6.757659 2.208452 58.472672 -5.687326 2.010146 59.212761 -6.404105 2.247693 58.326225 -6.596784 2.226308 58.406040 -5.687326 2.010146 59.212761 -6.338445 2.290167 58.167709 -6.404105 2.247693 58.326225 -6.301430 2.314111 58.078346 -6.338445 2.290167 58.167709 -5.687326 2.010146 59.212761 -6.301430 2.314111 58.078346 -5.687326 2.314111 58.078346 -5.687326 -2.223538 58.078346 -5.687326 -1.919574 59.212757 -7.956151 -1.919574 59.212757 -7.956151 -2.223538 58.078346 -7.213886 -2.223538 58.078346 
						-7.956151 -1.919574 59.212757 -7.213886 -2.223538 58.078346 -7.115775 -2.160071 58.315212 -7.956151 -1.919574 59.212757 -7.115775 -2.160071 58.315212 -7.111212 -2.157119 58.326229 -7.956151 -1.919574 59.212757 -7.111212 -2.157119 58.326229 -6.770090 -2.119259 58.467525 -7.956151 -1.919574 59.212757 -6.770090 -2.119259 58.467525 -6.757658 -2.117879 58.472672 -6.757658 -2.117879 58.472672 -6.414352 -2.155981 58.330475 -7.956151 -1.919574 59.212757 -6.414352 -2.155981 58.330475 -6.404105 -2.157119 58.326229 -5.687326 -2.223538 58.078346 -7.956151 -1.919574 59.212757 -6.404105 -2.157119 58.326229 -5.687326 -2.223538 58.078346 -6.404105 -2.157119 58.326229 -6.301430 -2.223538 58.078346 -7.257658 -2.195222 57.972672 -7.213886 -2.223538 58.078346 -7.956151 -2.223538 58.078346 -7.253766 -2.192704 57.963276 -7.257658 -2.195222 57.972672 -7.956151 -2.223538 58.078346 -7.130415 -2.112911 57.665482 -7.253766 -2.192704 57.963276 -7.130415 -2.112911 57.665482 -7.956151 -2.223538 58.078346 -7.956151 -1.919573 56.943935 -7.111212 -2.100489 57.619122 -7.098571 -2.099086 57.613884 -7.111212 -2.100489 57.619122 -7.956151 -1.919573 56.943935 -6.757659 -2.061249 57.472672 -7.098571 -2.099086 57.613884 -7.956151 -1.919573 56.943935 -6.750628 -2.062029 57.475586 -6.757659 -2.061249 57.472672 -7.956151 -1.919573 56.943935 -6.750628 -2.062029 57.475586 -5.687326 -1.919573 56.943935 -6.301430 -2.223538 58.078346 -6.260918 -2.197331 57.980545 -6.257658 -2.195222 57.972672 -5.687326 -2.223538 58.078346 -6.301430 -2.223538 58.078346 -6.257658 -2.195222 57.972672 -5.687326 -2.223538 58.078346 -6.257658 -2.195222 57.972672 -6.399335 -2.103575 57.630638 -5.687326 -2.223538 58.078346 -6.399335 -2.103575 57.630638 -6.404105 -2.100489 57.619122 -5.687326 -1.919573 56.943935 -6.404105 -2.100489 57.619122 -6.404105 -2.100489 57.619122 -6.744160 -2.062747 57.478264 -6.750628 -2.062029 57.475586 -5.687326 -1.919573 56.943935 
						-6.744160 -2.062747 57.478264 
					</float_array>
					<technique_common>
						<accessor count="641" offset="0" source="#meshId3-positions-array" stride="3">
							<param name="X" type="float" />
							<param name="Y" type="float" />
							<param name="Z" type="float" />
						</accessor>
					</technique_common>
				</source>
				<source id="meshId3-normals" name="meshId3-normals">
					<float_array id="meshId3-normals-array" count="1923"> 
						0.500000 0.866026 0.000001 0.866026 0.499999 0.000001 0.818111 0.575061 0.000000 0.818110 0.575061 0.000001 0.866024 0.500002 0.000000 0.499998 0.866027 0.000000 -0.000000 1.000000 0.000000 -0.000001 1.000000 0.000000 -0.500002 0.866024 -0.000000 -0.500000 0.866025 0.000000 -0.866026 0.499998 -0.000000 -0.500002 0.866024 -0.000000 -0.500000 0.866025 0.000000 -0.866025 0.500000 0.000000 -1.000000 -0.000002 -0.000000 -1.000000 0.000001 0.000000 -0.866024 -0.500003 -0.000001 -0.866028 -0.499996 0.000001 -0.500000 -0.866026 -0.000000 -0.500003 -0.866023 0.000001 -0.000002 -1.000000 -0.000000 -0.500000 -0.866026 -0.000000 -0.500003 -0.866023 0.000001 -0.000001 -1.000000 -0.000000 0.499999 -0.866026 -0.000000 0.500001 -0.866025 -0.000001 0.500001 -0.866025 -0.000001 0.866026 -0.499999 -0.000000 0.818111 -0.575060 -0.000000 0.818111 -0.575060 -0.000000 0.866025 -0.500000 -0.000000 0.499999 -0.866026 -0.000000 0.866026 0.499998 0.000001 1.000000 -0.000003 0.000001 1.000000 0.000002 -0.000001 0.866024 0.500003 -0.000001 0.707107 0.707107 0.000000 0.707107 0.707107 -0.000000 -0.866026 0.499999 0.000001 -0.707107 0.707107 0.000002 -0.707108 0.707105 0.000001 -0.866026 0.499999 0.000001 -1.000000 -0.000001 -0.000001 -1.000000 0.000001 -0.000000 -0.866024 -0.500002 -0.000002 -0.866028 -0.499996 0.000000 -0.707107 -0.707106 -0.000002 -0.707112 -0.707102 0.000001 0.866024 -0.500002 -0.000001 0.707105 -0.707109 -0.000001 0.707107 -0.707107 -0.000003 0.866026 -0.499999 -0.000002 0.866024 -0.500002 -0.000001 0.866026 -0.499999 -0.000002 0.000000 0.000000 -1.000000 0.000000 0.000000 -1.000000 0.000000 0.000000 -1.000000 0.000000 0.000000 -1.000000 0.000000 0.000000 -1.000000 0.000000 0.000000 -1.000000 0.000000 0.000000 -1.000000 0.000000 0.000000 -1.000000 0.000000 0.000000 -1.000000 0.000000 0.000000 -1.000000 
						0.000000 0.000000 -1.000000 0.000000 0.000000 -1.000000 0.000000 0.000000 -1.000000 0.000000 0.000000 -1.000000 0.000000 0.000000 -1.000000 0.000000 0.000000 -1.000000 0.000000 0.000000 -1.000000 0.000000 0.000000 -1.000000 0.000000 0.000000 -1.000000 0.000000 0.000000 -1.000000 0.000000 0.000000 -1.000000 0.000000 0.000000 -1.000000 0.000000 0.000000 -1.000000 0.000000 0.000000 -1.000000 0.000000 0.000000 1.000000 0.000000 0.000000 1.000000 0.000000 0.000000 1.000000 0.000000 0.000000 1.000000 0.000000 0.000000 1.000000 0.000000 0.000000 1.000000 0.000000 0.000000 1.000000 0.000000 0.000000 1.000000 0.000000 0.000000 1.000000 0.000000 0.000000 1.000000 0.000000 0.000000 1.000000 0.000000 0.000000 1.000000 0.000000 0.000000 1.000000 0.000000 0.000000 1.000000 0.000000 0.000000 1.000000 0.000000 0.000000 1.000000 0.000000 0.000000 1.000000 0.000000 0.000000 1.000000 0.000000 0.000000 1.000000 0.000000 0.000000 1.000000 0.000000 0.000000 1.000000 0.000000 0.000000 1.000000 0.000000 0.000000 1.000000 0.000000 0.000000 1.000000 0.000000 0.000000 -1.000000 0.000000 0.000000 -1.000000 0.000000 0.000000 -1.000000 0.000000 0.000000 -1.000000 0.000000 0.000000 -1.000000 0.000000 0.000000 -1.000000 0.000000 0.000000 -1.000000 0.000000 0.000000 -1.000000 0.000000 0.000000 -1.000000 0.000000 0.000000 -1.000000 0.000000 0.000000 -1.000000 0.000000 0.000000 -1.000000 0.000000 0.000000 -1.000000 0.000000 0.000000 -1.000000 0.000000 0.000000 -1.000000 0.000000 0.000000 -1.000000 0.000000 0.000000 -1.000000 0.000000 0.000000 -1.000000 0.000000 0.000000 -1.000000 0.000000 0.000000 -1.000000 0.000000 0.000000 -1.000000 0.000000 0.000000 -1.000000 0.000000 0.000000 -1.000000 0.000000 0.000000 -1.000000 0.000000 0.000000 1.000000 0.000000 0.000000 1.000000 
						0.000000 0.000000 1.000000 0.000000 0.000000 1.000000 0.000000 0.000000 1.000000 0.000000 0.000000 1.000000 0.000000 0.000000 1.000000 0.000000 0.000000 1.000000 0.000000 0.000000 1.000000 0.000000 0.000000 1.000000 0.000000 0.000000 1.000000 0.000000 0.000000 1.000000 0.000000 0.000000 1.000000 0.000000 0.000000 1.000000 0.000000 0.000000 1.000000 0.000000 0.000000 1.000000 0.000000 0.000000 1.000000 0.000000 0.000000 1.000000 0.000000 0.000000 1.000000 0.000000 0.000000 1.000000 0.000000 0.000000 1.000000 0.000000 0.000000 1.000000 0.000000 0.000000 1.000000 0.000000 0.000000 1.000000 0.113162 0.476415 -0.871908 0.113162 0.476415 -0.871908 0.113162 0.476415 -0.871908 0.128470 0.479465 -0.868106 0.128470 0.479465 -0.868106 0.128470 0.479465 -0.868106 -0.112883 0.480381 -0.869765 -0.112883 0.480381 -0.869765 -0.112883 0.480381 -0.869765 -0.127433 0.475585 -0.870391 -0.127433 0.475585 -0.870390 -0.127433 0.475585 -0.870391 1.000000 -0.000000 0.000000 0.818111 0.575061 0.000000 0.866026 0.499999 0.000001 1.000000 -0.000002 0.000000 0.818110 0.575061 0.000001 1.000000 0.000000 0.000001 1.000000 0.000001 0.000000 0.866024 0.500002 0.000000 0.108909 0.029182 0.993623 0.108909 0.029182 0.993623 0.108909 0.029182 0.993623 0.108909 0.029182 0.993623 0.108909 -0.029182 0.993623 0.108909 -0.029182 0.993623 0.108909 -0.029182 0.993623 0.108909 -0.029182 0.993623 0.707103 0.707110 -0.000002 0.707103 0.707110 -0.000002 0.707103 0.707110 -0.000002 0.707113 0.707101 0.000004 0.707113 0.707101 0.000004 0.707113 0.707101 0.000004 -0.707105 0.707109 -0.000002 -0.707105 0.707109 -0.000002 -0.707105 0.707109 -0.000002 -0.707097 0.707117 0.000003 -0.707097 0.707117 0.000003 -0.707097 0.707117 0.000003 -0.965923 0.258828 -0.000001 -0.965923 0.258828 -0.000001 
						-0.965923 0.258828 -0.000001 -0.965922 0.258835 0.000003 0.965925 0.258822 -0.000004 0.965925 0.258822 -0.000004 0.965925 0.258822 -0.000004 0.965926 0.258820 -0.000003 0.000000 0.000000 1.000000 0.000000 0.000000 1.000000 0.000000 0.000000 1.000000 0.000000 0.000000 1.000000 0.000000 0.000000 1.000000 0.000000 0.000000 1.000000 0.000000 0.000000 1.000000 0.000000 0.000000 -1.000000 0.000000 0.000000 -1.000000 0.000000 0.000000 -1.000000 0.000000 0.000000 -1.000000 0.000000 0.000000 -1.000000 0.000000 0.000000 -1.000000 0.000000 0.000000 -1.000000 -0.000025 -1.000000 0.000003 -0.000025 -1.000000 0.000003 -0.000025 -1.000000 0.000003 -0.000035 -1.000000 0.000000 -0.000035 -1.000000 0.000000 -0.000035 -1.000000 0.000000 0.000028 -1.000000 0.000012 0.000028 -1.000000 0.000012 0.000028 -1.000000 0.000012 -0.000013 -1.000000 0.000000 -0.000013 -1.000000 0.000000 -0.000013 -1.000000 0.000000 -1.000000 -0.000000 0.000000 -1.000000 -0.000000 0.000000 -1.000000 -0.000000 0.000000 -1.000000 -0.000000 0.000000 0.000000 0.000008 -1.000000 0.000000 0.000008 -1.000000 0.000000 0.000008 -1.000000 0.000000 0.000008 -1.000000 1.000000 0.000000 -0.000000 1.000000 0.000000 -0.000000 1.000000 0.000000 -0.000000 1.000000 0.000000 -0.000000 -0.000000 -0.000008 1.000000 -0.000000 -0.000008 1.000000 -0.000000 -0.000008 1.000000 1.000000 0.000000 0.000000 1.000000 0.000000 0.000000 1.000000 0.000000 0.000000 1.000000 0.000000 0.000000 0.000000 -0.000008 1.000000 0.000000 -0.000008 1.000000 0.000000 -0.000008 1.000000 0.000000 -0.000008 1.000000 -1.000000 0.000000 0.000000 -1.000000 0.000000 0.000000 -1.000000 0.000000 0.000000 -1.000000 0.000000 0.000000 0.000000 0.000000 -1.000000 0.000000 0.000000 -1.000000 0.014425 -0.154706 0.987855 -0.035345 -0.131907 0.990632 0.021503 -0.157911 0.987219 
						0.012721 -0.156017 0.987672 0.018883 -0.158415 0.987192 -0.036600 -0.136591 0.989951 -0.997804 -0.066235 0.000006 -0.997804 -0.066239 0.000010 -0.997804 -0.066235 0.000006 -0.997804 -0.066232 0.000002 -0.010960 -0.116865 -0.993087 0.026660 -0.099497 -0.994681 -0.016179 -0.119259 -0.992731 -0.009669 -0.117859 -0.992983 -0.014194 -0.119642 -0.992716 0.027615 -0.103060 -0.994292 0.997805 -0.066223 -0.000005 0.997805 -0.066226 -0.000008 0.997805 -0.066223 -0.000005 0.997805 -0.066221 -0.000003 -0.000000 -1.000000 -0.000002 -0.000000 -1.000000 -0.000002 -0.000000 -1.000000 -0.000002 -0.000000 -1.000000 -0.000002 0.000000 -1.000000 -0.000001 0.000000 -1.000000 -0.000001 0.000000 -1.000000 -0.000001 0.000000 -1.000000 -0.000001 0.000000 -1.000000 -0.000001 0.000000 -1.000000 -0.000001 -0.000000 -1.000000 -0.000001 -0.000000 -1.000000 -0.000001 -0.000000 -1.000000 -0.000001 -0.000000 -1.000000 -0.000001 -0.000000 -1.000000 -0.000001 0.965925 0.258821 0.000002 0.965926 0.258820 -0.000000 0.965926 0.258820 0.000001 1.000000 -0.000001 0.000001 1.000000 0.000002 0.000002 0.965926 -0.258818 0.000000 0.965926 -0.258819 -0.000000 0.965927 -0.258816 0.000000 0.000000 0.000000 -1.000000 0.000000 0.000000 -1.000000 0.000000 0.000000 -1.000000 0.000000 0.000000 -1.000000 0.000000 0.000000 -1.000000 0.000000 0.000000 -1.000000 0.000000 0.000000 -1.000000 0.000000 0.000000 -1.000000 0.000000 0.000000 1.000000 0.000000 0.000000 1.000000 0.000000 0.000000 1.000000 0.000000 0.000000 1.000000 0.000000 0.000000 1.000000 -1.000000 -0.000007 0.000013 -1.000000 -0.000007 0.000013 -1.000000 -0.000007 0.000013 -1.000000 -0.000007 0.000013 -1.000000 -0.000000 0.000004 -1.000000 -0.000000 0.000004 -1.000000 -0.000000 0.000004 -1.000000 0.000000 0.000004 -1.000000 0.000000 0.000004 -1.000000 0.000000 0.000004 -1.000000 -0.000000 0.000004 
						-1.000000 -0.000000 0.000004 -1.000000 -0.000000 0.000004 -1.000000 -0.000000 0.000004 -1.000000 -0.000000 0.000004 -1.000000 -0.000000 0.000004 -1.000000 -0.000000 0.000004 -0.000000 1.000000 -0.000001 0.000000 1.000000 -0.000001 0.000000 1.000000 -0.000001 -0.000000 1.000000 -0.000001 0.000000 1.000000 -0.000001 0.000000 1.000000 -0.000001 0.000000 1.000000 -0.000001 0.000000 1.000000 -0.000001 0.000000 0.000000 -1.000000 0.000000 0.000000 -1.000000 0.000028 -0.000056 -1.000000 0.000028 -0.000056 -1.000000 0.000028 -0.000056 -1.000000 0.000107 -0.000043 -1.000000 0.000107 -0.000043 -1.000000 0.000107 -0.000043 -1.000000 0.000080 -0.000046 -1.000000 0.000080 -0.000046 -1.000000 0.000080 -0.000046 -1.000000 0.000000 0.000000 1.000000 0.000000 0.000000 1.000000 0.000000 0.000000 1.000000 0.000000 0.000000 1.000000 0.000000 0.000000 1.000000 0.000000 0.000000 1.000000 0.000000 0.000000 1.000000 0.000000 0.000000 -1.000000 0.000000 0.000000 -1.000000 0.000000 0.000000 -1.000000 0.000000 0.000000 -1.000000 0.000000 0.000000 -1.000000 0.000000 0.000000 -1.000000 0.000000 0.000000 -1.000000 0.000000 0.000000 1.000000 0.000000 0.000000 1.000000 0.000000 0.000000 1.000000 0.000000 0.000000 1.000000 0.000000 0.000000 1.000000 0.000000 0.000000 1.000000 0.000000 0.000000 1.000000 0.000000 0.000000 -1.000000 0.000000 0.000000 -1.000000 0.000000 0.000000 -1.000000 0.000000 0.000000 -1.000000 0.000000 0.000000 -1.000000 0.000000 0.000000 1.000000 0.000000 0.000000 1.000000 0.000000 0.000000 1.000000 0.000000 0.000000 -1.000000 0.000000 0.000000 -1.000000 0.000000 0.000000 -1.000000 0.000000 0.000000 -1.000000 0.000000 0.000000 -1.000000 0.000000 0.000000 -1.000000 0.965925 -0.258821 -0.000000 0.965922 -0.258832 -0.000000 0.965922 -0.258832 -0.000000 0.965925 -0.258821 -0.000000 
						0.965925 -0.258822 0.000000 -0.965925 -0.258822 0.000000 -0.965925 -0.258822 0.000000 -0.965925 -0.258822 0.000000 -0.965927 -0.258815 0.000003 -0.965928 -0.258813 0.000003 0.000000 0.000000 1.000000 0.000000 0.000000 1.000000 0.000000 0.000000 1.000000 0.000000 0.000000 1.000000 0.000000 0.000000 1.000000 -0.000000 0.866025 0.500001 0.000000 0.877164 0.480191 -0.000000 0.965926 0.258819 -0.000000 1.000000 0.000000 -0.000000 0.965926 0.258818 0.000000 1.000000 -0.000002 -0.000000 0.707105 0.707108 0.000000 0.877164 0.480191 -0.000000 0.866025 0.500001 -0.000000 0.500000 0.866026 0.000000 0.532838 0.846217 -0.000000 0.707101 0.707113 -0.000001 0.258820 0.965926 -0.000000 0.043162 0.999068 -0.000001 0.000000 1.000000 -0.000006 -0.500002 0.866024 -0.000020 -0.532791 0.846247 -0.000022 -0.258766 0.965940 0.000000 -0.258818 0.965926 0.000000 -0.707107 0.707106 -0.000020 -0.532791 0.846247 -0.000006 -0.500002 0.866024 0.000000 -0.866026 0.499999 0.000000 -0.877164 0.480190 -0.000001 -0.965924 0.258824 0.000000 -1.000000 -0.000000 -0.000001 -1.000000 0.000006 -0.000000 -0.965926 -0.258819 -0.000000 -0.866025 -0.500001 0.000000 -0.877164 -0.480191 0.000014 -0.707066 -0.707147 0.000000 -0.877164 -0.480191 -0.000000 -0.866025 -0.500001 0.000003 -0.500000 -0.866026 0.000023 -0.532760 -0.846267 0.000000 -0.258821 -0.965925 0.000000 0.000000 -1.000000 0.000000 0.043167 -0.999068 -0.000000 -0.258816 -0.965927 0.000000 0.258820 -0.965926 0.000000 0.500001 -0.866025 0.000000 0.532851 -0.846209 0.000000 0.866026 -0.500000 0.000000 0.877163 -0.480192 0.000000 0.707107 -0.707107 0.000000 0.500001 -0.866025 0.000000 0.707111 -0.707102 0.000000 0.532851 -0.846209 -1.000000 0.000000 0.000000 -1.000000 0.000000 0.000000 -1.000000 0.000000 0.000000 -1.000000 0.000000 0.000000 -1.000000 0.000000 0.000000 
						0.000000 0.000001 -1.000000 0.000000 0.000001 -1.000000 0.000000 0.000001 -1.000000 0.000000 0.000001 -1.000000 -1.000000 0.000000 0.000000 -1.000000 0.000000 0.000000 -1.000000 0.000000 0.000000 -1.000000 0.000000 0.000000 -1.000000 0.000000 0.000000 -1.000000 0.000000 0.000000 0.000000 -0.000001 1.000000 0.000000 -0.000001 1.000000 0.000000 -0.000001 1.000000 0.000000 -0.000001 1.000000 -1.000000 0.000000 0.000000 -1.000000 0.000000 0.000000 -1.000000 0.000000 0.000000 -1.000000 0.000000 0.000000 -1.000000 0.000000 0.000000 0.000000 1.000000 0.000001 0.000000 1.000000 0.000001 0.000000 1.000000 0.000001 0.000000 1.000000 0.000002 0.000000 1.000000 0.000002 -0.000000 1.000000 0.000003 0.000000 1.000000 0.000002 0.000000 1.000000 0.000002 0.000000 1.000000 0.000003 1.000000 0.000002 -0.000003 1.000000 0.000002 -0.000003 1.000000 0.000002 -0.000003 1.000000 0.000000 -0.000009 1.000000 0.000000 -0.000009 1.000000 0.000000 -0.000009 1.000000 0.000000 -0.000009 1.000000 0.000000 -0.000009 1.000000 0.000000 -0.000009 1.000000 -0.000000 -0.000009 1.000000 0.000000 -0.000009 1.000000 0.000000 -0.000009 0.000000 0.000000 -1.000000 0.000000 0.000000 -1.000000 0.000000 0.000000 -1.000000 0.000000 0.000000 -1.000000 0.000000 0.000000 -1.000000 0.000000 0.000000 1.000000 0.000000 0.000000 1.000000 0.000000 0.000000 1.000000 -0.000000 0.965926 -0.258819 0.000000 0.965927 -0.258816 0.000000 0.965926 -0.258819 0.000000 0.965926 -0.258820 0.000000 0.965926 -0.258820 0.000000 0.965926 -0.258820 0.000001 0.965927 -0.258816 0.000001 0.965927 -0.258816 0.000001 0.965927 -0.258816 -0.000003 0.965925 -0.258824 -0.000003 0.965925 -0.258824 -0.000003 0.965925 -0.258824 0.000000 0.965926 -0.258819 0.000000 0.965926 -0.258819 0.000000 0.965926 -0.258819 0.000000 0.965926 -0.258819 
						0.000000 0.965926 -0.258820 0.000003 0.965925 -0.258823 0.000003 0.965925 -0.258823 0.000003 0.965925 -0.258823 0.000000 0.965926 -0.258820 0.000000 0.965926 -0.258820 0.000000 0.965926 -0.258820 -0.000000 0.965926 -0.258819 -0.000000 0.965926 -0.258819 -0.000000 0.965926 -0.258819 -0.000003 0.965927 -0.258813 -0.000003 0.965927 -0.258813 -0.000003 0.965927 -0.258813 0.000000 0.965926 -0.258819 0.000000 0.965926 -0.258819 0.000000 0.965926 -0.258819 -0.000002 0.965925 -0.258821 -0.000002 0.965925 -0.258821 -0.000002 0.965925 -0.258821 -0.000002 0.965925 -0.258821 -0.000002 0.965925 -0.258821 -0.000002 0.965925 -0.258821 0.000001 0.965926 -0.258817 0.000001 0.965926 -0.258817 0.000001 0.965926 -0.258817 -0.000041 0.965905 -0.258897 -0.000041 0.965905 -0.258897 -0.000041 0.965905 -0.258897 0.000000 0.965926 -0.258818 0.000000 0.965925 0.258822 0.000000 0.965925 0.258822 0.000000 0.965925 0.258822 0.000000 0.965926 0.258818 0.000000 0.965926 0.258818 0.000000 0.965926 0.258818 0.000005 0.965930 0.258803 0.000005 0.965930 0.258803 0.000005 0.965930 0.258803 -0.000007 0.965921 0.258838 -0.000007 0.965921 0.258838 -0.000007 0.965921 0.258838 0.000000 0.965926 0.258819 0.000000 0.965926 0.258819 0.000000 0.965926 0.258819 0.000000 0.965926 0.258819 0.000000 0.965926 0.258819 -0.000001 0.965925 0.258821 -0.000001 0.965925 0.258821 -0.000001 0.965925 0.258821 0.000001 0.965926 0.258818 0.000001 0.965926 0.258818 0.000001 0.965926 0.258818 -0.000002 0.965926 0.258820 -0.000002 0.965926 0.258820 0.000004 0.965927 0.258817 0.000004 0.965926 0.258817 0.000004 0.965926 0.258817 0.000000 0.965926 0.258819 0.000000 0.965926 0.258819 0.000000 -0.965926 0.258819 0.000000 -0.965926 0.258819 0.000000 -0.965926 0.258819 0.000000 -0.965926 0.258819 0.000000 -0.965926 0.258819 
						0.000000 -0.965926 0.258819 0.000000 -0.965926 0.258819 0.000000 -0.965926 0.258819 -0.000006 -0.965927 0.258814 -0.000006 -0.965927 0.258814 -0.000006 -0.965927 0.258814 -0.000000 -0.965926 0.258819 -0.000000 -0.965926 0.258819 -0.000000 -0.965926 0.258819 0.000003 -0.965925 0.258824 0.000003 -0.965925 0.258824 0.000003 -0.965925 0.258824 -0.000002 -0.965927 0.258816 -0.000002 -0.965927 0.258816 0.000052 -0.965903 0.258903 0.000052 -0.965903 0.258903 0.000052 -0.965903 0.258903 -0.000000 -0.965926 0.258818 -0.000000 -0.965926 0.258818 -0.000000 -0.965926 0.258818 0.000000 -0.965926 0.258819 0.000000 -0.965926 0.258819 0.000000 -0.965926 0.258819 0.000000 -0.965926 -0.258820 0.000000 -0.965926 -0.258820 0.000000 -0.965926 -0.258820 0.000007 -0.965936 -0.258779 0.000007 -0.965936 -0.258779 0.000007 -0.965936 -0.258779 -0.000001 -0.965925 -0.258821 -0.000001 -0.965925 -0.258821 0.000000 -0.965926 -0.258819 0.000000 -0.965926 -0.258819 0.000000 -0.965926 -0.258819 -0.000001 -0.965926 -0.258818 -0.000016 -0.965931 -0.258801 -0.000016 -0.965931 -0.258801 -0.000016 -0.965931 -0.258801 0.000000 -0.965926 -0.258820 0.000000 -0.965926 -0.258820 0.000000 -0.965926 -0.258820 -0.000996 -0.966487 -0.256714 -0.000996 -0.966487 -0.256714 -0.000996 -0.966487 -0.256714 0.000000 -0.965926 -0.258820 0.000000 -0.965926 -0.258820 -0.829735 0.519435 -0.204272 -0.829735 0.519435 -0.204272 -0.829735 0.519435 -0.204272 0.000000 -0.965926 -0.258820 0.000000 -0.965926 -0.258820 0.000000 -0.965926 -0.258820 -0.000000 -0.965926 -0.258819 -0.000000 -0.965926 -0.258819 -0.000000 -0.965926 -0.258819 -0.000000 -0.965926 -0.258819 -0.000000 -0.965926 -0.258819 -0.000000 -0.965926 -0.258819 0.000000 -0.965926 -0.258819 0.000000 -0.965926 -0.258819 -0.000000 -0.965926 -0.258820 -0.000000 -0.965926 -0.258820 0.000056 -0.965953 -0.258716 0.000056 -0.965953 -0.258716 
						0.000056 -0.965953 -0.258716 
					</float_array>
					<technique_common>
						<accessor count="641" offset="0" source="#meshId3-normals-array" stride="3">
							<param name="X" type="float" />
							<param name="Y" type="float" />
							<param name="Z" type="float" />
						</accessor>
					</technique_common>
				</source>
				<source id="meshId3-tangents" name="meshId3-tangents">
					<float_array id="meshId3-tangents-array" count="1923"> 
						-0.000001 0.000001 -1.000000 0.000000 0.000001 -1.000000 -0.000000 0.000001 -1.000000 -0.000000 0.000001 -1.000000 -0.000000 0.000001 -1.000000 -0.000001 0.000000 -1.000000 -0.000000 0.000000 -1.000000 0.000000 0.000000 -1.000000 0.000000 -0.000000 -1.000000 0.000001 0.000001 -1.000000 0.041215 0.071386 -0.996597 0.082350 0.047545 -0.995469 0.082348 0.047544 -0.995469 0.041214 0.071386 -0.996597 0.000000 0.069756 -0.997564 -0.000000 0.069756 -0.997564 -0.041214 0.071385 -0.996597 -0.041215 0.071385 -0.996597 -0.082348 0.047544 -0.995469 -0.082349 0.047544 -0.995469 -0.069758 0.000000 -0.997564 -0.060412 0.034879 -0.997564 -0.060413 0.034879 -0.997564 -0.069758 0.000000 -0.997564 -0.060413 -0.034879 -0.997564 -0.060411 -0.034877 -0.997564 -0.000003 -0.000001 -1.000000 -0.000002 -0.000003 -1.000000 -0.000001 -0.000001 -1.000000 -0.000001 -0.000001 -1.000000 -0.000000 -0.000000 -1.000000 0.000001 0.000001 -1.000000 0.000001 0.000000 -1.000000 0.000001 -0.000000 -1.000000 -0.000001 -0.000000 -1.000000 -0.000001 -0.000000 -1.000000 -0.000000 0.000000 -1.000000 0.000001 -0.000001 -1.000000 0.041213 0.071386 -0.996597 0.069585 0.069589 -0.995146 0.069585 0.069587 -0.995146 0.041214 0.071385 -0.996597 0.000001 0.069756 -0.997564 0.000000 0.069758 -0.997564 -0.041214 0.071388 -0.996597 -0.041215 0.071387 -0.996597 -0.069587 0.069589 -0.995146 -0.069586 0.069585 -0.995146 -0.047545 -0.082348 -0.995469 -0.069590 -0.069587 -0.995146 -0.069585 -0.069582 -0.995146 -0.047542 -0.082342 -0.995470 -0.000001 0.000000 -1.000000 -0.000002 0.000000 -1.000000 -0.406737 0.913545 0.000000 -0.406754 0.913538 0.000000 -0.406757 0.913536 -0.000000 -0.406732 0.913547 0.000000 -0.406752 0.913539 0.000000 -0.406751 0.913539 -0.000000 -0.406752 0.913539 0.000000 -0.406751 0.913539 -0.000000 -0.406733 0.913547 0.000000 -0.406732 0.913548 -0.000000 
						-0.406746 0.913541 0.000000 -0.406745 0.913542 0.000000 -0.406726 0.913550 0.000000 -0.406724 0.913551 -0.000000 -0.406730 0.913548 0.000000 -0.406733 0.913547 -0.000000 -0.406719 0.913553 -0.000000 -0.406720 0.913553 -0.000000 -0.406726 0.913550 0.000000 -0.406725 0.913551 -0.000000 -0.406702 0.913561 -0.000000 -0.406701 0.913562 -0.000000 -0.406714 0.913556 0.000000 -0.406720 0.913553 0.000000 0.719350 -0.694648 -0.000000 0.719347 -0.694651 0.000000 0.719347 -0.694651 -0.000000 0.719348 -0.694650 0.000000 0.719321 -0.694677 -0.000000 0.719322 -0.694677 -0.000000 0.719355 -0.694643 -0.000000 0.719361 -0.694637 0.000000 0.719360 -0.694637 -0.000000 0.719359 -0.694638 0.000000 0.719334 -0.694664 0.000000 0.719332 -0.694667 0.000000 0.719338 -0.694660 -0.000000 0.719339 -0.694659 -0.000000 0.719342 -0.694656 0.000000 0.719343 -0.694655 0.000000 0.719350 -0.694648 0.000000 0.719354 -0.694644 -0.000000 0.719377 -0.694620 0.000000 0.719378 -0.694619 0.000000 0.719345 -0.694653 0.000000 0.719339 -0.694659 0.000000 0.719329 -0.694670 0.000000 0.719326 -0.694673 0.000000 -0.406737 0.913545 -0.000000 -0.406752 0.913539 -0.000000 -0.406756 0.913537 0.000000 -0.406733 0.913547 0.000000 -0.406754 0.913538 0.000000 -0.406754 0.913538 0.000000 -0.406755 0.913537 0.000000 -0.406753 0.913538 -0.000000 -0.406735 0.913546 0.000000 -0.406734 0.913547 -0.000000 -0.406746 0.913541 0.000000 -0.406745 0.913542 -0.000000 -0.406722 0.913552 -0.000000 -0.406721 0.913553 0.000000 -0.406732 0.913548 0.000000 -0.406735 0.913546 0.000000 -0.406725 0.913551 0.000000 -0.406726 0.913550 -0.000000 -0.406732 0.913547 0.000000 -0.406730 0.913548 0.000000 -0.406699 0.913562 0.000000 -0.406697 0.913563 0.000000 -0.406721 0.913552 -0.000000 -0.406728 0.913549 -0.000000 0.719339 -0.694659 0.000000 0.719341 -0.694657 0.000000 
						0.719341 -0.694657 -0.000000 0.719340 -0.694659 0.000000 0.719350 -0.694648 0.000000 0.719350 -0.694647 -0.000000 0.719341 -0.694657 0.000000 0.719342 -0.694657 -0.000000 0.719355 -0.694643 -0.000000 0.719355 -0.694643 0.000000 0.719332 -0.694666 0.000000 0.719330 -0.694669 0.000000 0.719337 -0.694661 0.000000 0.719338 -0.694660 0.000000 0.719331 -0.694668 -0.000000 0.719331 -0.694668 -0.000000 0.719332 -0.694667 0.000000 0.719333 -0.694665 -0.000000 0.719343 -0.694655 0.000000 0.719345 -0.694654 -0.000000 0.719340 -0.694658 -0.000000 0.719337 -0.694661 -0.000000 0.719336 -0.694662 0.000000 0.719333 -0.694666 -0.000000 -0.371412 0.834209 0.407613 -0.371412 0.834209 0.407613 -0.371412 0.834209 0.407613 -0.371689 0.834832 0.406082 -0.371689 0.834832 0.406082 -0.371689 0.834832 0.406082 -0.355279 0.797974 0.486841 -0.355279 0.797974 0.486841 -0.355279 0.797974 0.486841 -0.355073 0.797511 0.487749 -0.355073 0.797511 0.487749 -0.355073 0.797511 0.487749 0.000000 -0.000001 -1.000000 0.000001 -0.000001 -1.000000 0.000001 -0.000001 -1.000000 0.000000 -0.000001 -1.000000 0.000001 -0.000001 -1.000000 0.000001 -0.000003 -1.000000 0.000000 -0.000002 -1.000000 -0.000000 0.000001 -1.000000 0.718118 -0.693471 -0.058345 0.718118 -0.693471 -0.058345 0.718118 -0.693471 -0.058345 0.718114 -0.693475 -0.058344 0.715820 -0.691265 -0.098762 0.715820 -0.691265 -0.098762 0.715820 -0.691265 -0.098762 0.715824 -0.691261 -0.098762 -0.000005 0.000002 -1.000000 -0.000005 0.000002 -1.000000 -0.000005 0.000002 -1.000000 0.000003 0.000002 -1.000000 0.000003 0.000002 -1.000000 0.000003 0.000002 -1.000000 -0.000000 -0.000003 -1.000000 -0.000000 -0.000003 -1.000000 -0.000000 -0.000003 -1.000000 -0.000003 0.000001 -1.000000 -0.000003 0.000001 -1.000000 -0.000003 0.000001 -1.000000 0.018689 0.069743 -0.997390 0.018689 0.069743 -0.997390 
						0.018689 0.069743 -0.997390 0.018687 0.069745 -0.997390 -0.000004 0.000002 -1.000000 -0.000004 0.000002 -1.000000 -0.000004 0.000002 -1.000000 -0.000004 0.000002 -1.000000 0.719343 -0.694655 0.000000 0.719344 -0.694654 0.000000 0.719398 -0.694598 0.000000 0.719481 -0.694512 -0.000000 0.718998 -0.695012 -0.000000 0.719348 -0.694650 0.000000 0.719368 -0.694629 0.000000 -0.406744 0.913542 0.000000 -0.406735 0.913546 0.000000 -0.406613 0.913601 0.000000 -0.406135 0.913813 0.000000 -0.407825 0.913060 -0.000000 -0.406706 0.913559 0.000000 -0.406712 0.913556 0.000000 -0.069754 -0.000001 -0.997564 -0.069754 -0.000001 -0.997564 -0.069754 -0.000001 -0.997564 -0.069754 0.000002 -0.997564 -0.069754 0.000002 -0.997564 -0.069754 0.000002 -0.997564 -0.069754 -0.000014 -0.997564 -0.069754 -0.000014 -0.997564 -0.069754 -0.000014 -0.997564 -0.069760 0.000001 -0.997564 -0.069760 0.000001 -0.997564 -0.069760 0.000001 -0.997564 -0.000000 0.069758 -0.997564 -0.000000 0.069758 -0.997564 -0.000000 0.069758 -0.997564 -0.000000 0.069755 -0.997564 -0.406741 0.913544 0.000007 -0.406741 0.913544 0.000007 -0.406741 0.913544 0.000007 -0.406741 0.913544 0.000007 -0.000000 0.000001 -1.000000 -0.000000 0.000001 -1.000000 -0.000000 0.000001 -1.000000 -0.000000 -0.000000 -1.000000 0.719342 -0.694656 -0.000006 0.719342 -0.694656 -0.000006 0.719343 -0.694655 -0.000006 0.000000 0.000003 -1.000000 0.000000 0.000004 -1.000000 0.000000 0.000003 -1.000000 0.000000 0.000002 -1.000000 0.719339 -0.694660 -0.000006 0.719339 -0.694660 -0.000006 0.719339 -0.694660 -0.000006 0.719340 -0.694658 -0.000006 0.000000 0.069759 -0.997564 0.000000 0.069759 -0.997564 0.000000 0.069759 -0.997564 0.000000 0.069758 -0.997564 -0.406738 0.913545 0.000000 -0.406739 0.913545 0.000000 0.714283 -0.689760 -0.118452 0.717737 -0.693114 -0.066683 0.713628 -0.689141 -0.125775 
						0.714307 -0.689785 -0.118161 0.713775 -0.689264 -0.124259 0.717625 -0.692994 -0.069086 -0.004636 0.069754 -0.997553 -0.004641 0.069755 -0.997553 -0.004636 0.069754 -0.997553 -0.004632 0.069753 -0.997554 -0.404598 0.908735 -0.102473 -0.404630 0.908802 -0.101752 -0.404595 0.908725 -0.102574 -0.404537 0.908600 -0.103904 -0.404543 0.908618 -0.103723 -0.404471 0.908457 -0.105396 -0.000005 0.000002 -1.000000 -0.000008 0.000002 -1.000000 -0.000005 0.000002 -1.000000 -0.000003 0.000001 -1.000000 -0.069757 0.000002 -0.997564 -0.069757 0.000002 -0.997564 -0.069757 0.000002 -0.997564 -0.069766 0.000002 -0.997563 -0.069712 0.000001 -0.997567 -0.069712 0.000001 -0.997567 -0.069712 0.000001 -0.997567 -0.069747 0.000001 -0.997565 -0.069747 0.000001 -0.997565 -0.069747 0.000001 -0.997565 -0.069765 0.000001 -0.997563 -0.069765 0.000001 -0.997563 -0.069722 0.000001 -0.997566 -0.069722 0.000001 -0.997566 -0.069722 0.000001 -0.997566 0.000003 -0.000003 -1.000000 0.000001 -0.000005 -1.000000 0.000002 -0.000004 -1.000000 0.000001 -0.000004 -1.000000 0.000002 -0.000003 -1.000000 -0.000000 -0.000002 -1.000000 -0.000002 -0.000006 -1.000000 0.000001 0.000003 -1.000000 -0.406740 0.913544 0.000000 -0.406743 0.913543 0.000000 -0.406735 0.913546 -0.000000 -0.406739 0.913544 0.000000 -0.406737 0.913545 0.000000 -0.406724 0.913551 -0.000000 -0.406708 0.913558 0.000000 -0.406723 0.913551 -0.000000 0.719335 -0.694663 0.000000 0.719339 -0.694659 0.000000 0.719339 -0.694660 -0.000000 0.719349 -0.694649 0.000000 0.719351 -0.694647 0.000000 -0.000013 0.069765 -0.997563 -0.000013 0.069765 -0.997563 -0.000013 0.069765 -0.997563 -0.000013 0.069768 -0.997563 -0.000004 0.069723 -0.997566 -0.000004 0.069723 -0.997566 -0.000004 0.069723 -0.997566 -0.000004 0.069758 -0.997564 -0.000004 0.069758 -0.997564 -0.000004 0.069758 -0.997564 -0.000004 0.069779 -0.997562 
						-0.000004 0.069779 -0.997562 -0.000004 0.069779 -0.997562 -0.000004 0.069748 -0.997565 -0.000004 0.069748 -0.997565 -0.000004 0.069748 -0.997565 -0.000004 0.069756 -0.997564 -0.000002 -0.000001 -1.000000 -0.000006 -0.000001 -1.000000 0.000002 -0.000001 -1.000000 -0.000005 -0.000001 -1.000000 0.000002 -0.000001 -1.000000 0.000000 -0.000001 -1.000000 -0.000009 -0.000001 -1.000000 0.000002 -0.000001 -1.000000 -0.407060 0.913401 0.000000 -0.407449 0.913228 0.000000 -0.406728 0.913549 -0.000063 -0.406728 0.913549 -0.000063 -0.406728 0.913549 -0.000063 -0.406621 0.913597 -0.000082 -0.406620 0.913597 -0.000082 -0.406621 0.913597 -0.000082 -0.406746 0.913541 -0.000075 -0.406746 0.913541 -0.000075 -0.406746 0.913541 -0.000075 0.719456 -0.694538 -0.000000 0.719748 -0.694235 0.000000 0.719343 -0.694655 0.000000 0.719320 -0.694679 0.000000 0.719351 -0.694647 -0.000000 0.719340 -0.694659 0.000000 0.719413 -0.694583 0.000000 -0.406677 0.913572 0.000000 -0.406693 0.913565 0.000000 -0.406732 0.913548 -0.000000 -0.407340 0.913276 -0.000000 -0.406947 0.913452 -0.000000 -0.406735 0.913546 0.000000 -0.406823 0.913507 -0.000000 0.719341 -0.694657 -0.000000 0.719326 -0.694673 0.000000 0.719317 -0.694682 0.000000 0.719325 -0.694673 0.000000 0.719336 -0.694662 -0.000000 0.719348 -0.694650 0.000000 0.719332 -0.694667 0.000000 -0.406783 0.913525 -0.000000 -0.406736 0.913546 -0.000000 -0.406726 0.913550 0.000000 -0.406820 0.913508 0.000000 -0.406761 0.913535 0.000000 0.719328 -0.694670 0.000000 0.719314 -0.694685 0.000000 0.719350 -0.694648 0.000000 -0.406490 0.913655 0.000000 -0.406261 0.913757 0.000000 -0.406722 0.913552 0.000000 -0.406733 0.913547 -0.000000 -0.405898 0.913918 0.000000 -0.406492 0.913654 0.000000 -0.000000 -0.000000 -1.000000 -0.000000 0.000000 -1.000000 -0.000000 0.000000 -1.000000 -0.000000 -0.000000 -1.000000 
						-0.000000 -0.000000 -1.000000 -0.018691 0.069753 -0.997389 -0.018687 0.069739 -0.997390 -0.018687 0.069739 -0.997390 -0.018690 0.069742 -0.997390 -0.018689 0.069739 -0.997390 0.719185 -0.694819 0.000000 0.719364 -0.694634 0.000000 0.719200 -0.694803 0.000000 0.719351 -0.694647 -0.000000 0.719545 -0.694445 -0.000000 -0.000004 0.500001 -0.866025 -0.000044 0.480191 -0.877164 -0.000019 0.258819 -0.965926 0.000000 0.000000 -1.000000 0.000002 0.258818 -0.965926 0.000079 -0.000002 -1.000000 0.590800 -0.570508 0.570505 0.606536 -0.381779 0.697395 0.604105 -0.398453 0.690139 0.663698 -0.647788 0.374000 0.654735 -0.639621 0.402750 0.590725 -0.570550 0.570541 0.707192 -0.682930 0.182992 0.719011 -0.694351 0.029998 0.719344 -0.694654 0.000001 0.719351 -0.601584 -0.347321 0.723192 -0.584465 -0.367958 0.707201 -0.682935 -0.182936 0.707191 -0.682931 -0.182990 -0.049402 -0.706243 -0.706244 -0.050641 -0.845161 -0.532108 -0.051139 -0.864891 -0.499348 -0.060444 -0.499085 -0.864442 -0.061197 -0.479290 -0.875520 -0.067378 -0.258236 -0.963729 -0.069750 0.000000 -0.997564 -0.069759 -0.000006 -0.997564 -0.067395 0.258231 -0.963730 -0.069763 0.498783 -0.863915 -0.069353 0.479035 -0.875052 -0.300314 0.674503 -0.674431 -0.311672 0.456273 -0.833472 -0.309893 0.475386 -0.823392 -0.358795 0.808362 -0.466709 -0.351746 0.792182 -0.498721 -0.395068 0.887349 -0.237767 -0.406729 0.913549 0.000000 -0.406558 0.912773 0.039438 -0.395217 0.887289 -0.237745 -0.395052 0.887356 0.237767 -0.406729 0.791156 0.456775 -0.410471 0.771636 0.485892 -0.000001 -0.500000 -0.866026 -0.000012 -0.480192 -0.877163 -0.000010 -0.707107 -0.707107 0.000009 -0.866025 -0.500001 0.000022 -0.707102 -0.707111 0.000012 -0.846209 -0.532850 0.000000 0.069759 -0.997564 0.000000 0.069739 -0.997565 0.000000 0.069754 -0.997564 0.000000 0.069761 -0.997564 0.000000 0.069761 -0.997564 
						-0.406736 0.913546 0.000001 -0.406732 0.913548 0.000001 -0.406734 0.913547 0.000001 -0.406738 0.913545 0.000001 0.000000 0.069757 -0.997564 0.000000 0.069756 -0.997564 0.000000 0.069750 -0.997565 0.000000 0.069761 -0.997564 0.000000 0.069758 -0.997564 0.000000 0.069767 -0.997563 0.719339 -0.694659 -0.000001 0.719336 -0.694662 -0.000001 0.719338 -0.694661 -0.000001 0.719341 -0.694658 -0.000001 0.000000 0.069752 -0.997564 0.000000 0.069761 -0.997564 0.000000 0.069754 -0.997564 0.000000 0.069752 -0.997564 0.000000 0.069754 -0.997564 -0.000001 0.000001 -1.000000 -0.000001 0.000001 -1.000000 -0.000001 0.000001 -1.000000 -0.000001 0.000002 -1.000000 -0.000001 0.000002 -1.000000 0.000007 0.000003 -1.000000 0.000015 0.000002 -1.000000 0.000015 0.000002 -1.000000 0.000000 0.000003 -1.000000 -0.000003 -0.000001 -1.000000 -0.000003 -0.000001 -1.000000 -0.000003 -0.000001 -1.000000 -0.000009 -0.000001 -1.000000 -0.000009 -0.000001 -1.000000 -0.000009 0.000007 -1.000000 -0.000009 -0.000025 -1.000000 -0.000009 -0.000025 -1.000000 -0.000009 -0.000025 -1.000000 -0.000009 -0.000003 -1.000000 -0.000009 -0.000032 -1.000000 -0.000009 -0.000032 -1.000000 -0.406728 0.913549 0.000000 -0.406423 0.913685 0.000000 -0.406604 0.913604 -0.000000 -0.406723 0.913552 0.000000 -0.406618 0.913598 0.000000 0.719384 -0.694613 -0.000000 0.719336 -0.694663 0.000000 0.719318 -0.694681 0.000000 0.000016 -0.258819 -0.965926 -0.000037 -0.258816 -0.965927 0.000044 -0.258819 -0.965926 0.000109 -0.258820 -0.965926 0.000109 -0.258820 -0.965926 0.000109 -0.258820 -0.965926 -0.000082 -0.258816 -0.965927 -0.000082 -0.258816 -0.965927 -0.000082 -0.258816 -0.965927 0.000035 -0.258824 -0.965925 0.000035 -0.258824 -0.965925 0.000035 -0.258824 -0.965925 0.000000 -0.258819 -0.965926 0.000000 -0.258819 -0.965926 0.000000 -0.258819 -0.965926 0.000037 -0.258819 -0.965926 
						0.000037 -0.258820 -0.965926 -0.000055 -0.258823 -0.965925 -0.000055 -0.258823 -0.965925 -0.000055 -0.258823 -0.965925 0.000045 -0.258820 -0.965926 0.000045 -0.258820 -0.965926 0.000045 -0.258820 -0.965926 0.000011 -0.258819 -0.965926 0.000011 -0.258819 -0.965926 0.000011 -0.258819 -0.965926 0.000058 -0.258813 -0.965927 0.000058 -0.258813 -0.965927 0.000058 -0.258813 -0.965927 -0.000000 -0.258819 -0.965926 -0.000000 -0.258819 -0.965926 -0.000000 -0.258819 -0.965926 -0.000066 -0.258821 -0.965925 -0.000066 -0.258821 -0.965925 -0.000066 -0.258821 -0.965925 0.000064 -0.258821 -0.965925 0.000064 -0.258821 -0.965925 0.000064 -0.258821 -0.965925 -0.000048 -0.258817 -0.965926 -0.000048 -0.258817 -0.965926 -0.000048 -0.258817 -0.965926 -0.001143 -0.258897 -0.965904 -0.001143 -0.258897 -0.965904 -0.001143 -0.258897 -0.965904 0.000004 -0.258818 -0.965926 -0.000094 0.258822 -0.965925 -0.000094 0.258822 -0.965925 -0.000094 0.258822 -0.965925 0.000015 0.258818 -0.965926 0.000015 0.258818 -0.965926 0.000015 0.258818 -0.965926 0.000024 0.258803 -0.965930 0.000024 0.258803 -0.965930 0.000024 0.258803 -0.965930 -0.000636 0.258838 -0.965920 -0.000636 0.258838 -0.965920 -0.000636 0.258838 -0.965920 0.000000 0.258819 -0.965926 0.000000 0.258819 -0.965926 0.000000 0.258819 -0.965926 0.000021 0.258819 -0.965926 0.000021 0.258819 -0.965926 0.000054 0.258821 -0.965925 0.000054 0.258821 -0.965925 0.000054 0.258821 -0.965925 -0.000049 0.258818 -0.965926 -0.000049 0.258818 -0.965926 -0.000049 0.258818 -0.965926 0.000057 0.258820 -0.965926 0.000057 0.258820 -0.965926 -0.000078 0.258817 -0.965927 -0.000078 0.258817 -0.965926 -0.000078 0.258817 -0.965926 0.000000 0.258819 -0.965926 0.000000 0.258819 -0.965926 -0.067368 -0.258231 -0.963732 -0.067368 -0.258231 -0.963732 -0.067368 -0.258231 -0.963732 -0.067377 -0.258230 -0.963731 -0.067377 -0.258230 -0.963731 
						-0.067351 -0.258231 -0.963733 -0.067351 -0.258231 -0.963733 -0.067351 -0.258231 -0.963733 -0.067222 -0.258228 -0.963742 -0.067222 -0.258228 -0.963742 -0.067222 -0.258228 -0.963742 -0.067392 -0.258230 -0.963730 -0.067392 -0.258230 -0.963730 -0.067392 -0.258230 -0.963730 -0.066410 -0.258253 -0.963792 -0.066410 -0.258253 -0.963792 -0.066410 -0.258253 -0.963792 -0.067357 -0.258228 -0.963733 -0.067357 -0.258228 -0.963733 -0.069450 -0.258281 -0.963570 -0.069450 -0.258281 -0.963570 -0.069450 -0.258281 -0.963570 -0.067379 -0.258230 -0.963731 -0.067379 -0.258230 -0.963731 -0.067379 -0.258230 -0.963731 -0.067464 -0.258229 -0.963725 -0.067464 -0.258229 -0.963725 -0.067464 -0.258229 -0.963725 -0.067439 0.258231 -0.963727 -0.067439 0.258230 -0.963727 -0.067439 0.258231 -0.963727 -0.067931 0.258181 -0.963705 -0.067931 0.258181 -0.963705 -0.067931 0.258181 -0.963705 -0.067430 0.258232 -0.963727 -0.067430 0.258232 -0.963727 -0.067390 0.258231 -0.963730 -0.067390 0.258231 -0.963730 -0.067390 0.258231 -0.963730 -0.067392 0.258230 -0.963730 -0.067454 0.258212 -0.963730 -0.067454 0.258212 -0.963730 -0.067454 0.258212 -0.963730 -0.067368 0.258232 -0.963731 -0.067368 0.258232 -0.963731 -0.067368 0.258232 -0.963731 -0.089271 0.255775 -0.962606 -0.089271 0.255775 -0.962606 1.000000 0.000000 0.000000 -0.067381 0.258232 -0.963730 -0.067381 0.258232 -0.963730 1.000000 0.000000 0.000000 0.467588 0.447024 -0.762582 1.000000 0.000000 0.000000 -0.067408 0.258231 -0.963729 -0.067408 0.258231 -0.963729 -0.067408 0.258231 -0.963729 -0.067339 0.258232 -0.963733 -0.067339 0.258232 -0.963733 -0.067339 0.258231 -0.963733 -0.067960 0.258220 -0.963693 -0.067960 0.258220 -0.963693 -0.067960 0.258220 -0.963693 -0.067399 0.258231 -0.963729 -0.067399 0.258231 -0.963729 -0.067380 0.258231 -0.963731 -0.067380 0.258231 -0.963731 -0.067564 0.258121 -0.963747 -0.067564 0.258121 -0.963747 
						-0.067564 0.258121 -0.963747 
					</float_array>
					<technique_common>
						<accessor count="641" offset="0" source="#meshId3-tangents-array" stride="3">
							<param name="X" type="float" />
							<param name="Y" type="float" />
							<param name="Z" type="float" />
						</accessor>
					</technique_common>
				</source>
				<source id="meshId3-bitangents" name="meshId3-bitangents">
					<float_array id="meshId3-bitangents-array" count="1923"> 
						-0.866026 0.500000 0.000001 -0.499999 0.866026 0.000001 -0.575061 0.818111 0.000001 -0.575061 0.818110 0.000001 -0.500002 0.866024 0.000001 -0.866027 0.499998 0.000001 -1.000000 -0.000000 0.000000 -1.000000 -0.000001 -0.000000 -0.866024 -0.500002 -0.000000 -0.866025 -0.500000 -0.000001 -0.498297 -0.863079 -0.082429 -0.862100 -0.497737 -0.095090 -0.862101 -0.497735 -0.095088 -0.498299 -0.863078 -0.082429 0.000002 -0.997564 -0.069756 -0.000001 -0.997564 -0.069756 0.498301 -0.863077 -0.082429 0.498295 -0.863081 -0.082428 0.862102 -0.497734 -0.095087 0.862099 -0.497738 -0.095088 0.997564 -0.000002 -0.069758 0.863916 -0.498782 -0.069758 0.863914 -0.498785 -0.069759 0.997564 -0.000001 -0.069758 0.863917 0.498781 -0.069759 0.863916 0.498783 -0.069756 0.866025 0.500001 -0.000003 0.499999 0.866026 -0.000004 0.575060 0.818111 -0.000001 0.575060 0.818111 -0.000001 0.500000 0.866025 -0.000000 0.866026 0.499999 0.000001 -0.499998 0.866026 -0.000000 0.000003 1.000000 -0.000000 -0.000002 1.000000 -0.000000 -0.500003 0.866024 0.000000 -0.707107 0.707107 0.000000 -0.707107 0.707107 -0.000001 -0.498298 -0.863079 -0.082429 -0.703674 -0.703674 -0.098411 -0.703673 -0.703676 -0.098409 -0.498298 -0.863079 -0.082428 0.000001 -0.997564 -0.069756 -0.000001 -0.997564 -0.069758 0.498300 -0.863077 -0.082431 0.498295 -0.863080 -0.082430 0.703674 -0.703675 -0.098412 0.703669 -0.703680 -0.098409 0.497736 0.862100 -0.095088 0.703676 0.703672 -0.098413 0.703675 0.703675 -0.098406 0.497734 0.862103 -0.095081 0.500002 0.866024 -0.000000 0.499999 0.866026 -0.000001 0.913545 0.406737 0.000000 0.913538 0.406754 -0.000000 0.913536 0.406757 0.000000 0.913547 0.406732 0.000000 0.913539 0.406752 -0.000000 0.913539 0.406751 0.000000 0.913539 0.406752 0.000000 0.913539 0.406751 0.000000 0.913547 0.406733 -0.000000 0.913548 0.406732 -0.000000 
						0.913541 0.406746 0.000000 0.913542 0.406745 0.000000 0.913550 0.406726 -0.000000 0.913551 0.406724 0.000000 0.913548 0.406730 0.000000 0.913547 0.406733 0.000000 0.913553 0.406719 0.000000 0.913553 0.406720 0.000000 0.913550 0.406726 0.000000 0.913551 0.406725 0.000000 0.913561 0.406702 0.000000 0.913562 0.406701 0.000000 0.913556 0.406714 0.000000 0.913553 0.406720 0.000000 0.694648 0.719350 0.000000 0.694651 0.719347 0.000000 0.694651 0.719347 0.000000 0.694650 0.719348 0.000000 0.694677 0.719321 0.000000 0.694677 0.719322 0.000000 0.694643 0.719355 0.000000 0.694637 0.719361 0.000000 0.694637 0.719360 0.000000 0.694638 0.719359 -0.000000 0.694664 0.719334 0.000000 0.694667 0.719332 0.000000 0.694660 0.719338 0.000000 0.694659 0.719339 0.000000 0.694656 0.719342 0.000000 0.694655 0.719343 0.000000 0.694648 0.719350 0.000000 0.694644 0.719354 0.000000 0.694620 0.719377 0.000000 0.694619 0.719378 0.000000 0.694653 0.719345 0.000000 0.694659 0.719339 0.000000 0.694670 0.719329 0.000000 0.694673 0.719326 0.000000 0.913545 0.406737 0.000000 0.913539 0.406752 -0.000000 0.913537 0.406756 0.000000 0.913547 0.406733 0.000000 0.913538 0.406754 0.000000 0.913538 0.406754 0.000000 0.913537 0.406755 0.000000 0.913538 0.406753 0.000000 0.913546 0.406735 0.000000 0.913547 0.406734 -0.000000 0.913541 0.406746 0.000000 0.913542 0.406745 0.000000 0.913552 0.406722 0.000000 0.913553 0.406721 0.000000 0.913548 0.406732 -0.000000 0.913546 0.406735 0.000000 0.913551 0.406725 0.000000 0.913550 0.406726 -0.000000 0.913547 0.406732 0.000000 0.913548 0.406730 0.000000 0.913562 0.406699 0.000000 0.913563 0.406697 0.000000 0.913552 0.406721 0.000000 0.913549 0.406728 0.000000 0.694659 0.719339 0.000000 0.694657 0.719341 0.000000 
						0.694657 0.719341 0.000000 0.694659 0.719340 -0.000000 0.694648 0.719350 0.000000 0.694647 0.719350 0.000000 0.694657 0.719341 0.000000 0.694657 0.719342 0.000000 0.694643 0.719355 0.000000 0.694643 0.719355 0.000000 0.694666 0.719332 0.000000 0.694669 0.719330 0.000000 0.694661 0.719337 0.000000 0.694660 0.719338 0.000000 0.694668 0.719331 0.000000 0.694668 0.719331 0.000000 0.694667 0.719332 0.000000 0.694665 0.719333 0.000000 0.694655 0.719343 0.000000 0.694654 0.719345 0.000000 0.694658 0.719340 0.000000 0.694661 0.719337 -0.000000 0.694662 0.719336 0.000000 0.694666 0.719333 0.000000 0.921546 0.277711 0.271347 0.921546 0.277711 0.271347 0.921546 0.277711 0.271347 0.919425 0.270496 0.285462 0.919425 0.270496 0.285462 0.919425 0.270496 0.285462 0.927919 0.363966 0.080591 0.927919 0.363966 0.080591 0.927919 0.363966 0.080591 0.926112 0.371207 0.067238 0.926112 0.371207 0.067238 0.926112 0.371207 0.067238 0.000000 1.000000 -0.000001 -0.575061 0.818111 -0.000001 -0.499999 0.866026 -0.000001 0.000002 1.000000 -0.000001 -0.575061 0.818110 -0.000001 -0.000000 1.000000 -0.000003 -0.000001 1.000000 -0.000002 -0.500002 0.866024 0.000001 0.687347 0.719893 -0.096481 0.687347 0.719893 -0.096481 0.687347 0.719893 -0.096481 0.687351 0.719889 -0.096482 0.689739 0.722012 -0.054396 0.689739 0.722012 -0.054396 0.689739 0.722012 -0.054396 0.689736 0.722015 -0.054395 -0.707110 0.707103 0.000005 -0.707110 0.707103 0.000005 -0.707110 0.707103 0.000005 -0.707101 0.707113 -0.000001 -0.707101 0.707113 -0.000001 -0.707101 0.707113 -0.000001 -0.707109 -0.707105 0.000003 -0.707109 -0.707105 0.000003 -0.707109 -0.707105 0.000003 -0.707117 -0.707097 0.000001 -0.707117 -0.707097 0.000001 -0.707117 -0.707097 0.000001 -0.258153 -0.963402 -0.072203 -0.258153 -0.963402 -0.072203 
						-0.258153 -0.963402 -0.072203 -0.258159 -0.963400 -0.072205 -0.258822 0.965925 0.000003 -0.258822 0.965925 0.000003 -0.258822 0.965925 0.000003 -0.258820 0.965926 0.000003 0.694655 0.719343 0.000000 0.694654 0.719344 0.000000 0.694598 0.719398 0.000000 0.694512 0.719481 0.000000 0.695012 0.718998 0.000000 0.694650 0.719348 0.000000 0.694629 0.719368 0.000000 0.913542 0.406744 0.000000 0.913546 0.406735 0.000000 0.913601 0.406613 0.000000 0.913813 0.406135 0.000000 0.913060 0.407825 0.000000 0.913559 0.406706 0.000000 0.913556 0.406712 -0.000000 0.997564 -0.000025 -0.069754 0.997564 -0.000025 -0.069754 0.997564 -0.000025 -0.069754 0.997564 -0.000035 -0.069754 0.997564 -0.000035 -0.069754 0.997564 -0.000035 -0.069754 0.997564 0.000027 -0.069754 0.997564 0.000027 -0.069754 0.997564 0.000027 -0.069754 0.997564 -0.000013 -0.069760 0.997564 -0.000013 -0.069760 0.997564 -0.000013 -0.069760 -0.000000 -0.997564 -0.069758 -0.000000 -0.997564 -0.069758 -0.000000 -0.997564 -0.069758 -0.000000 -0.997564 -0.069755 0.913544 0.406741 0.000003 0.913544 0.406741 0.000003 0.913544 0.406741 0.000003 0.913544 0.406741 0.000003 -0.000000 1.000000 0.000001 -0.000000 1.000000 0.000001 -0.000000 1.000000 0.000001 -0.000000 1.000000 -0.000000 0.694656 0.719342 0.000006 0.694656 0.719342 0.000006 0.694655 0.719343 0.000006 0.000000 1.000000 0.000003 0.000000 1.000000 0.000004 0.000000 1.000000 0.000003 0.000000 1.000000 0.000002 0.694660 0.719339 0.000006 0.694660 0.719339 0.000006 0.694660 0.719339 0.000006 0.694658 0.719340 0.000006 -0.000000 -0.997564 -0.069759 -0.000000 -0.997564 -0.069759 -0.000000 -0.997564 -0.069759 -0.000000 -0.997564 -0.069758 0.913545 0.406738 0.000000 0.913545 0.406739 0.000000 0.699708 0.707317 0.100554 0.695417 0.708656 0.119172 0.700194 0.707212 0.097872 
						0.699717 0.707005 0.102670 0.700120 0.706980 0.100057 0.695467 0.707886 0.123384 0.066073 -0.995363 -0.069908 0.066076 -0.995363 -0.069909 0.066072 -0.995363 -0.069908 0.066069 -0.995363 -0.069907 0.914429 0.400678 -0.057243 0.914092 0.405190 -0.016031 0.914353 0.399995 -0.062954 0.914470 0.400694 -0.056463 0.914409 0.400124 -0.061297 0.914134 0.405073 -0.016598 0.066223 0.997805 0.000001 0.066226 0.997805 0.000001 0.066223 0.997805 0.000001 0.066221 0.997805 0.000001 0.997564 -0.000000 -0.069757 0.997564 -0.000000 -0.069757 0.997564 -0.000000 -0.069757 0.997563 -0.000000 -0.069766 0.997567 0.000000 -0.069712 0.997567 0.000000 -0.069712 0.997567 0.000000 -0.069712 0.997565 0.000000 -0.069747 0.997565 0.000000 -0.069747 0.997565 0.000000 -0.069747 0.997563 0.000000 -0.069765 0.997563 0.000000 -0.069765 0.997566 0.000000 -0.069722 0.997566 0.000000 -0.069722 0.997566 0.000000 -0.069722 -0.258821 0.965925 -0.000004 -0.258820 0.965926 -0.000006 -0.258820 0.965926 -0.000005 0.000001 1.000000 -0.000004 -0.000002 1.000000 -0.000003 0.258818 0.965926 -0.000002 0.258819 0.965926 -0.000006 0.258816 0.965927 0.000003 0.913544 0.406740 0.000000 0.913543 0.406743 0.000000 0.913546 0.406735 0.000000 0.913544 0.406739 0.000000 0.913545 0.406737 0.000000 0.913551 0.406724 0.000000 0.913558 0.406708 -0.000000 0.913551 0.406723 0.000000 0.694663 0.719335 0.000000 0.694659 0.719339 0.000000 0.694660 0.719339 0.000000 0.694649 0.719349 0.000000 0.694647 0.719351 0.000000 0.000006 -0.997563 -0.069765 0.000006 -0.997563 -0.069765 0.000006 -0.997563 -0.069765 0.000006 -0.997563 -0.069768 -0.000000 -0.997566 -0.069723 -0.000000 -0.997566 -0.069723 -0.000000 -0.997566 -0.069723 -0.000000 -0.997564 -0.069758 -0.000000 -0.997564 -0.069758 -0.000000 -0.997564 -0.069758 -0.000000 -0.997562 -0.069779 
						-0.000000 -0.997562 -0.069779 -0.000000 -0.997562 -0.069779 -0.000000 -0.997565 -0.069748 -0.000000 -0.997565 -0.069748 -0.000000 -0.997565 -0.069748 -0.000000 -0.997564 -0.069756 -1.000000 -0.000000 0.000002 -1.000000 0.000000 0.000006 -1.000000 0.000000 -0.000002 -1.000000 -0.000000 0.000005 -1.000000 -0.000000 -0.000002 -1.000000 0.000000 -0.000000 -1.000000 0.000000 0.000009 -1.000000 0.000000 -0.000002 0.913401 0.407060 -0.000000 0.913228 0.407449 0.000000 0.913549 0.406728 0.000003 0.913549 0.406728 0.000003 0.913549 0.406728 0.000003 0.913597 0.406621 0.000081 0.913597 0.406620 0.000081 0.913597 0.406621 0.000081 0.913541 0.406746 0.000055 0.913541 0.406746 0.000055 0.913541 0.406746 0.000055 0.694538 0.719456 0.000000 0.694235 0.719748 0.000000 0.694655 0.719343 0.000000 0.694679 0.719320 0.000000 0.694647 0.719351 0.000000 0.694659 0.719340 0.000000 0.694583 0.719413 0.000000 0.913572 0.406677 0.000000 0.913565 0.406693 0.000000 0.913548 0.406732 0.000000 0.913276 0.407340 -0.000000 0.913452 0.406947 0.000000 0.913546 0.406735 0.000000 0.913507 0.406823 0.000000 0.694657 0.719341 0.000000 0.694673 0.719326 0.000000 0.694682 0.719317 0.000000 0.694673 0.719325 0.000000 0.694662 0.719336 0.000000 0.694650 0.719348 0.000000 0.694667 0.719332 0.000000 0.913525 0.406783 0.000000 0.913546 0.406736 0.000000 0.913550 0.406726 0.000000 0.913508 0.406820 0.000000 0.913535 0.406761 0.000000 0.694670 0.719328 0.000000 0.694685 0.719314 0.000000 0.694648 0.719350 0.000000 0.913655 0.406490 0.000000 0.913757 0.406261 0.000000 0.913552 0.406722 0.000000 0.913547 0.406733 -0.000000 0.913918 0.405898 0.000000 0.913654 0.406492 0.000000 0.258821 0.965925 -0.000000 0.258832 0.965922 0.000000 0.258832 0.965922 0.000000 0.258821 0.965925 -0.000000 
						0.258822 0.965925 -0.000000 0.258146 -0.963403 -0.072214 0.258147 -0.963404 -0.072199 0.258147 -0.963404 -0.072199 0.258139 -0.963406 -0.072203 0.258137 -0.963407 -0.072200 0.694819 0.719185 0.000000 0.694634 0.719364 -0.000000 0.694803 0.719200 0.000000 0.694647 0.719351 0.000000 0.694445 0.719545 0.000000 -1.000000 -0.000002 0.000004 -1.000000 -0.000021 0.000038 -1.000000 -0.000005 0.000018 -1.000000 -0.000000 -0.000000 -1.000000 0.000000 -0.000002 -1.000000 -0.000000 -0.000079 0.806818 0.417760 -0.417758 0.795056 0.291253 -0.532031 0.796905 0.302053 -0.523170 0.748001 0.574780 -0.331849 0.755859 0.554048 -0.348868 0.806873 0.417709 -0.417702 0.707022 0.683095 -0.183035 0.694999 0.718341 -0.031034 0.694654 0.719344 0.000000 0.694647 0.622973 0.359680 0.690647 0.611992 0.385322 0.707012 0.683110 0.183015 0.707022 0.683095 0.183034 0.998779 -0.034933 -0.034933 0.998717 -0.042865 -0.026964 0.998692 -0.044291 -0.025565 0.998172 -0.030222 -0.052346 0.998126 -0.029386 -0.053680 0.997728 -0.017440 -0.065082 0.997564 0.000000 -0.069750 0.997564 -0.000002 -0.069759 0.997726 0.017443 -0.065099 0.997564 0.034881 -0.060416 0.997592 0.033303 -0.060834 0.953840 0.212375 -0.212332 0.950190 0.149662 -0.273388 0.950771 0.154947 -0.268375 0.933416 0.310727 -0.179395 0.936095 0.297683 -0.187378 0.918652 0.381606 -0.102252 0.913549 0.406729 0.000000 0.913625 0.406179 0.017550 0.918588 0.381750 -0.102289 0.918659 0.381590 0.102247 0.913549 0.352237 0.203365 0.911874 0.347344 0.218720 -1.000000 0.000000 0.000001 -1.000000 0.000006 0.000010 -1.000000 0.000007 0.000007 -1.000000 -0.000008 -0.000005 -1.000000 -0.000015 -0.000015 -1.000000 -0.000010 -0.000006 -0.000000 -0.997564 -0.069759 -0.000000 -0.997565 -0.069739 -0.000000 -0.997564 -0.069754 -0.000000 -0.997564 -0.069761 -0.000000 -0.997564 -0.069761 
						0.913546 0.406736 0.000000 0.913548 0.406732 0.000000 0.913547 0.406734 0.000000 0.913545 0.406738 0.000000 -0.000000 -0.997564 -0.069757 -0.000000 -0.997564 -0.069756 -0.000000 -0.997565 -0.069750 -0.000000 -0.997564 -0.069761 -0.000000 -0.997564 -0.069758 -0.000000 -0.997563 -0.069767 0.694659 0.719339 0.000001 0.694662 0.719336 0.000001 0.694661 0.719338 0.000001 0.694658 0.719341 0.000001 -0.000000 -0.997564 -0.069752 -0.000000 -0.997564 -0.069761 -0.000000 -0.997564 -0.069754 -0.000000 -0.997564 -0.069752 -0.000000 -0.997564 -0.069754 -1.000000 0.000000 0.000001 -1.000000 0.000000 0.000001 -1.000000 0.000000 0.000001 -1.000000 0.000000 0.000001 -1.000000 0.000000 0.000001 -1.000000 -0.000000 -0.000007 -1.000000 0.000000 -0.000015 -1.000000 0.000000 -0.000015 -1.000000 0.000000 0.000000 -0.000002 1.000000 -0.000001 -0.000002 1.000000 -0.000001 -0.000002 1.000000 -0.000001 -0.000000 1.000000 -0.000001 -0.000000 1.000000 -0.000001 0.000000 1.000000 0.000007 -0.000000 1.000000 -0.000025 -0.000000 1.000000 -0.000025 -0.000000 1.000000 -0.000025 0.000000 1.000000 -0.000003 -0.000000 1.000000 -0.000032 -0.000000 1.000000 -0.000032 0.913549 0.406728 0.000000 0.913685 0.406423 0.000000 0.913604 0.406604 0.000000 0.913552 0.406723 0.000000 0.913598 0.406618 0.000000 0.694613 0.719384 0.000000 0.694663 0.719336 0.000000 0.694681 0.719318 0.000000 -1.000000 -0.000004 -0.000016 -1.000000 0.000010 0.000036 -1.000000 -0.000011 -0.000042 -1.000000 -0.000028 -0.000105 -1.000000 -0.000028 -0.000105 -1.000000 -0.000028 -0.000105 -1.000000 0.000022 0.000079 -1.000000 0.000022 0.000079 -1.000000 0.000022 0.000079 -1.000000 -0.000012 -0.000033 -1.000000 -0.000012 -0.000033 -1.000000 -0.000012 -0.000033 -1.000000 0.000000 -0.000000 -1.000000 0.000000 -0.000000 -1.000000 0.000000 -0.000000 -1.000000 -0.000009 -0.000036 
						-1.000000 -0.000009 -0.000036 -1.000000 0.000017 0.000052 -1.000000 0.000017 0.000052 -1.000000 0.000017 0.000052 -1.000000 -0.000012 -0.000043 -1.000000 -0.000012 -0.000043 -1.000000 -0.000012 -0.000043 -1.000000 -0.000003 -0.000010 -1.000000 -0.000003 -0.000010 -1.000000 -0.000003 -0.000010 -1.000000 -0.000018 -0.000055 -1.000000 -0.000018 -0.000055 -1.000000 -0.000018 -0.000055 -1.000000 0.000000 -0.000000 -1.000000 0.000000 -0.000000 -1.000000 0.000000 -0.000000 -1.000000 0.000015 0.000064 -1.000000 0.000015 0.000064 -1.000000 0.000015 0.000064 -1.000000 -0.000018 -0.000062 -1.000000 -0.000018 -0.000062 -1.000000 -0.000018 -0.000062 -1.000000 0.000014 0.000046 -1.000000 0.000014 0.000046 -1.000000 0.000014 0.000046 -0.999999 0.000256 0.001115 -0.999999 0.000256 0.001115 -0.999999 0.000256 0.001115 -1.000000 -0.000001 -0.000004 -1.000000 -0.000024 0.000091 -1.000000 -0.000024 0.000091 -1.000000 -0.000024 0.000091 -1.000000 0.000004 -0.000015 -1.000000 0.000004 -0.000015 -1.000000 0.000004 -0.000015 -1.000000 0.000011 -0.000022 -1.000000 0.000011 -0.000022 -1.000000 0.000011 -0.000022 -1.000000 -0.000171 0.000613 -1.000000 -0.000171 0.000613 -1.000000 -0.000171 0.000613 -1.000000 0.000000 0.000000 -1.000000 0.000000 0.000000 -1.000000 0.000000 0.000000 -1.000000 0.000006 -0.000021 -1.000000 0.000006 -0.000021 -1.000000 0.000013 -0.000052 -1.000000 0.000013 -0.000052 -1.000000 0.000013 -0.000052 -1.000000 -0.000011 0.000048 -1.000000 -0.000011 0.000048 -1.000000 -0.000011 0.000048 -1.000000 0.000013 -0.000055 -1.000000 0.000013 -0.000055 -1.000000 -0.000016 0.000076 -1.000000 -0.000016 0.000076 -1.000000 -0.000016 0.000076 -1.000000 0.000000 0.000000 -1.000000 0.000000 0.000000 0.997728 -0.017436 -0.065073 0.997728 -0.017436 -0.065073 0.997728 -0.017436 -0.065073 0.997728 -0.017438 -0.065081 0.997728 -0.017438 -0.065081 
						0.997729 -0.017431 -0.065056 0.997729 -0.017431 -0.065056 0.997729 -0.017431 -0.065056 0.997738 -0.017404 -0.064930 0.997738 -0.017404 -0.064930 0.997738 -0.017404 -0.064930 0.997727 -0.017442 -0.065095 0.997727 -0.017442 -0.065095 0.997727 -0.017442 -0.065095 0.997792 -0.017185 -0.064148 0.997792 -0.017185 -0.064148 0.997792 -0.017185 -0.064148 0.997729 -0.017435 -0.065062 0.997729 -0.017435 -0.065062 0.997585 -0.017931 -0.067095 0.997585 -0.017931 -0.067095 0.997585 -0.017931 -0.067095 0.997727 -0.017439 -0.065083 0.997727 -0.017439 -0.065083 0.997728 -0.017439 -0.065083 0.997722 -0.017461 -0.065165 0.997722 -0.017461 -0.065165 0.997722 -0.017461 -0.065165 0.997723 0.017455 -0.065141 0.997723 0.017455 -0.065141 0.997723 0.017455 -0.065141 0.997690 0.017585 -0.065615 0.997690 0.017585 -0.065615 0.997690 0.017585 -0.065615 0.997724 0.017451 -0.065132 0.997724 0.017451 -0.065132 0.997727 0.017442 -0.065094 0.997727 0.017442 -0.065094 0.997727 0.017442 -0.065094 0.997727 0.017442 -0.065096 0.997722 0.017442 -0.065160 0.997722 0.017442 -0.065160 0.997722 0.017442 -0.065160 0.997728 0.017437 -0.065072 0.997728 0.017437 -0.065072 0.997728 0.017437 -0.065072 0.996007 0.021959 -0.086534 0.996007 0.021959 -0.086534 0.000000 0.000000 1.000000 0.997727 0.017440 -0.065085 0.997727 0.017440 -0.065085 0.000000 0.000000 1.000000 -0.304797 -0.728256 -0.613793 0.000000 0.000000 1.000000 0.997726 0.017447 -0.065111 0.997726 0.017447 -0.065111 0.997726 0.017447 -0.065111 0.997730 0.017428 -0.065044 0.997730 0.017428 -0.065044 0.997730 0.017428 -0.065044 0.997688 0.017589 -0.065645 0.997688 0.017589 -0.065645 0.997688 0.017589 -0.065645 0.997726 0.017444 -0.065102 0.997726 0.017444 -0.065102 0.997727 0.017439 -0.065084 0.997727 0.017439 -0.065084 0.997715 0.017534 -0.065249 0.997715 0.017534 -0.065249 
						0.997715 0.017534 -0.065249 
					</float_array>
					<technique_common>
						<accessor count="641" offset="0" source="#meshId3-bitangents-array" stride="3">
							<param name="X" type="float" />
							<param name="Y" type="float" />
							<param name="Z" type="float" />
						</accessor>
					</technique_common>
				</source>
				<source id="meshId3-tex0" name="meshId3-tex0">
					<float_array id="meshId3-tex0-array" count="1282"> 
						0.167867 0.608542 0.167867 0.599763 0.192834 0.599763 0.206837 0.599763 0.219142 0.599763 0.219142 0.608542 0.167867 0.620535 0.219142 0.620535 0.167867 0.632528 0.219142 0.632528 0.804154 0.623067 0.804776 0.614181 0.856677 0.617810 0.856056 0.626697 0.803305 0.635207 0.855207 0.638836 0.802457 0.647346 0.854358 0.650975 0.801835 0.656233 0.853737 0.659862 0.802663 0.671657 0.803490 0.659826 0.854073 0.663363 0.853246 0.675195 0.801835 0.683488 0.852418 0.687026 0.853675 0.690257 0.853675 0.699133 0.841234 0.699133 0.827077 0.699133 0.801835 0.699133 0.801835 0.690257 0.406239 0.232582 0.406239 0.220512 0.436528 0.220512 0.436528 0.232582 0.406239 0.241419 0.436528 0.241419 0.743286 0.898586 0.743905 0.889728 0.774268 0.891852 0.773648 0.900709 0.742440 0.910686 0.772802 0.912809 0.741594 0.922786 0.771956 0.924909 0.740974 0.931644 0.771337 0.933767 0.375809 0.359859 0.376467 0.350450 0.408716 0.352705 0.408059 0.362114 0.406239 0.208441 0.436528 0.208442 0.650221 0.630617 0.638174 0.628709 0.639584 0.625541 0.649858 0.627168 0.661607 0.626246 0.659569 0.623441 0.669283 0.616767 0.666115 0.615357 0.671191 0.604721 0.667743 0.605083 
						0.666820 0.593334 0.664015 0.595372 0.657341 0.585658 0.655931 0.588826 0.645295 0.583750 0.645657 0.587198 0.633908 0.588121 0.635946 0.590926 0.626232 0.597600 0.629400 0.599010 0.624324 0.609646 0.627773 0.609284 0.628695 0.621033 0.631500 0.618995 0.856862 0.942500 0.846408 0.948782 0.845452 0.945449 0.854368 0.940092 0.862775 0.931833 0.859411 0.930994 0.862562 0.919638 0.859229 0.920594 0.856281 0.909183 0.853872 0.911677 0.845613 0.903270 0.844774 0.906634 0.833418 0.903483 0.834374 0.906816 0.822963 0.909765 0.825458 0.912173 0.817050 0.920432 0.820415 0.921271 0.817263 0.932627 0.820596 0.931671 0.823545 0.943082 0.825954 0.940588 0.834213 0.948995 0.835051 0.945631 0.689763 0.385127 0.677468 0.383180 0.678908 0.379948 0.689393 0.381608 0.701383 0.380667 0.699303 0.377804 0.709217 0.370993 0.705984 0.369554 0.711164 0.358699 0.707645 0.359069 0.706703 0.347078 0.703841 0.349158 0.697030 0.339244 0.695590 0.342477 0.684736 0.337297 0.685105 0.340816 0.673115 0.341758 0.675195 0.344621 0.665281 0.351431 0.668514 0.352871 0.663334 0.363726 0.666853 0.363356 0.667795 0.375347 0.670658 0.373267 0.173041 0.456541 0.162574 0.462831 
						0.161617 0.459494 0.170544 0.454130 0.178962 0.445861 0.175593 0.445021 0.178749 0.433651 0.175412 0.434608 0.172459 0.423183 0.170048 0.425681 0.161779 0.417263 0.160939 0.420631 0.149569 0.417476 0.150526 0.420813 0.139101 0.423766 0.141598 0.426177 0.133181 0.434446 0.136549 0.435286 0.133394 0.446656 0.136731 0.445699 0.139683 0.457124 0.142095 0.454626 0.150364 0.463044 0.151204 0.459676 0.740125 0.384754 0.735235 0.395738 0.701383 0.380667 0.701383 0.380667 0.709217 0.370993 0.740125 0.384754 0.745015 0.373770 0.740125 0.384754 0.709217 0.370993 0.709217 0.370993 0.711164 0.358699 0.745015 0.373770 0.827077 0.711258 0.827077 0.723383 0.801835 0.723383 0.801835 0.711258 0.841234 0.723383 0.841234 0.711258 0.853675 0.711258 0.853675 0.723383 0.803273 0.797160 0.792768 0.803472 0.756189 0.768149 0.766695 0.761837 0.809215 0.786441 0.803273 0.797160 0.766695 0.761837 0.772636 0.751118 0.854464 0.564395 0.854465 0.571813 0.831055 0.571813 0.831055 0.571813 0.831055 0.564395 0.854464 0.564395 0.603902 0.979346 0.603902 0.987339 0.578678 0.987339 0.578678 0.987339 0.578678 0.979346 0.603902 0.979346 0.512867 0.301340 0.512172 0.311287 
						0.489192 0.309680 0.489888 0.299733 0.854464 0.554262 0.854464 0.564395 0.831055 0.564395 0.831055 0.554263 0.182351 0.388155 0.187340 0.379154 0.191901 0.383558 0.191824 0.383695 0.191690 0.383776 0.189019 0.388595 0.188423 0.389669 0.628281 0.354169 0.617920 0.352528 0.620549 0.346624 0.620707 0.346649 0.620832 0.346750 0.621407 0.346841 0.627614 0.347825 0.609551 0.979346 0.632432 0.980946 0.631990 0.987262 0.631990 0.987262 0.609109 0.985663 0.609551 0.979346 0.657348 0.987263 0.634468 0.985663 0.634909 0.979346 0.634909 0.979346 0.657790 0.980946 0.657348 0.987263 0.510367 0.337105 0.487387 0.335498 0.489192 0.309680 0.512172 0.311287 0.607750 0.310708 0.610379 0.304804 0.634405 0.315502 0.631776 0.321405 0.487387 0.609109 0.510326 0.609109 0.510326 0.634881 0.487387 0.634881 0.205264 0.360594 0.209824 0.364997 0.191901 0.383558 0.831055 0.527961 0.854464 0.527961 0.854464 0.554262 0.831055 0.554263 0.229305 0.383811 0.233866 0.388215 0.215942 0.406775 0.211382 0.402371 0.510269 0.590924 0.487387 0.589324 0.489185 0.563615 0.512067 0.565215 0.593894 0.341831 0.596522 0.335927 0.187831 0.407266 0.196832 0.412255 0.178749 0.433651 
						0.172459 0.423183 0.182530 0.398445 0.161779 0.417263 0.766413 0.962236 0.742855 0.960588 0.740974 0.931644 0.771337 0.933767 0.644676 0.342257 0.646317 0.331897 0.673115 0.341758 0.665281 0.351431 0.638074 0.350409 0.663334 0.363726 0.831055 0.571813 0.854465 0.571813 0.857366 0.600306 0.827194 0.600306 0.786141 0.627458 0.785972 0.630071 0.778480 0.629547 0.776476 0.578678 0.790198 0.579638 0.788673 0.601442 0.787821 0.601383 0.776476 0.578678 0.790198 0.579638 0.787821 0.601383 0.787821 0.601383 0.786227 0.626121 0.786141 0.627458 0.776476 0.578678 0.786227 0.626121 0.444358 0.586641 0.444342 0.597677 0.436670 0.597677 0.436670 0.585642 0.444360 0.585642 0.444344 0.574628 0.436670 0.573607 0.444342 0.573607 0.426316 0.432887 0.422074 0.430999 0.429680 0.413915 0.441727 0.415823 0.432836 0.435791 0.415687 0.428155 0.411311 0.426207 0.420201 0.406239 0.122608 0.468748 0.117150 0.463477 0.125635 0.471671 0.130805 0.476664 0.134120 0.479865 0.748006 0.854558 0.748146 0.852553 0.756500 0.853137 0.774268 0.891852 0.743905 0.889728 0.745583 0.865741 0.747215 0.865862 0.774268 0.891852 0.743905 0.889728 0.747215 0.865862 0.774268 0.891852 
						0.747215 0.865862 0.747404 0.863156 0.774268 0.891852 0.747404 0.863156 0.747498 0.861821 0.748006 0.854558 0.472172 0.595505 0.472172 0.585388 0.481835 0.585388 0.480306 0.597169 0.472172 0.597169 0.472172 0.583462 0.472172 0.573607 0.480306 0.573607 0.627888 0.347868 0.627972 0.347836 0.638074 0.350409 0.628281 0.354169 0.627972 0.347836 0.638074 0.350409 0.627972 0.347836 0.628432 0.347659 0.638074 0.350409 0.628432 0.347659 0.634409 0.345365 0.205163 0.406200 0.205396 0.406059 0.207122 0.412075 0.203663 0.406226 0.198672 0.406313 0.196832 0.412255 0.198311 0.406319 0.640173 0.332698 0.640115 0.332549 0.646317 0.331897 0.639146 0.339179 0.639134 0.339259 0.644676 0.342257 0.639055 0.339755 0.182530 0.398445 0.188411 0.396759 0.188414 0.396916 0.188587 0.397204 0.187831 0.407266 0.191251 0.401638 0.192024 0.402924 0.637612 0.326028 0.637396 0.325853 0.642557 0.322103 0.639964 0.332154 0.639983 0.332205 0.188291 0.389907 0.188293 0.389996 0.188387 0.395415 0.631901 0.321506 0.631776 0.321405 0.634405 0.315502 0.632059 0.321531 0.637159 0.325661 0.637292 0.325768 0.509812 0.635033 0.487387 0.635033 0.487387 0.634881 0.510326 0.634881 
						0.510326 0.635033 0.489709 0.563499 0.512078 0.565063 0.512067 0.565215 0.489185 0.563615 0.489195 0.563463 0.211247 0.402452 0.211382 0.402371 0.211171 0.402590 0.209885 0.403362 0.205510 0.405991 0.482315 0.545374 0.482315 0.533788 0.484177 0.533654 0.490171 0.545374 0.489198 0.533294 0.490171 0.533033 0.377077 0.547618 0.375104 0.551178 0.366793 0.543152 0.370777 0.539027 0.377983 0.545985 0.377922 0.546094 0.380244 0.541905 0.381915 0.538891 0.376219 0.533391 0.381661 0.527756 0.388746 0.534598 0.385871 0.536326 0.382072 0.538608 0.486341 0.529119 0.482315 0.527733 0.483005 0.517878 0.488743 0.518280 0.487947 0.529672 0.493965 0.530529 0.496582 0.518827 0.495746 0.530783 0.501674 0.530772 0.504421 0.519376 0.503624 0.530768 0.339197 0.624310 0.335235 0.623683 0.339866 0.613280 0.345106 0.615613 0.341100 0.624612 0.345630 0.625329 0.352263 0.618800 0.349043 0.626034 0.348791 0.625830 0.352819 0.629091 0.359421 0.621986 0.355346 0.631138 0.498027 0.545374 0.498027 0.533788 0.499598 0.534209 0.503778 0.545374 0.503658 0.535297 0.503778 0.535329 0.029285 0.769849 0.026724 0.777287 0.020787 0.782448 0.027784 0.762127 0.022623 0.756189 
						0.346240 0.598965 0.371034 0.610004 0.364660 0.624319 0.339866 0.613280 0.144875 0.649573 0.146995 0.619253 0.154434 0.621814 0.152597 0.648072 0.137437 0.647012 0.139273 0.620753 0.355522 0.532268 0.374374 0.512746 0.385645 0.523630 0.366793 0.543152 0.431598 0.347834 0.434159 0.340396 0.440096 0.335235 0.438260 0.361494 0.433099 0.355556 0.206837 0.599763 0.192834 0.599763 0.198481 0.548248 0.206126 0.548248 0.206026 0.566730 0.205967 0.577513 0.206837 0.599763 0.198481 0.548248 0.206837 0.577513 0.406239 0.241419 0.436528 0.241419 0.416202 0.278618 0.407868 0.278618 0.407868 0.269372 0.407868 0.266673 0.416202 0.278618 0.407868 0.266673 0.407868 0.265341 0.407868 0.265341 0.406239 0.241419 0.406239 0.265347 0.638074 0.350409 0.634409 0.345365 0.634559 0.345307 0.634774 0.345041 0.634925 0.344855 0.198154 0.406322 0.196842 0.405594 0.192455 0.403163 0.491876 0.533346 0.491144 0.533294 0.490558 0.533137 0.490171 0.561086 0.490171 0.555945 0.490903 0.556248 0.490171 0.561086 0.490903 0.556248 0.492242 0.555694 0.490171 0.561086 0.492242 0.555694 0.493351 0.555234 0.498027 0.561086 0.490171 0.561086 0.493351 0.555234 0.498027 0.561086 
						0.493897 0.553916 0.498027 0.561086 0.493897 0.553916 0.494144 0.553320 0.490903 0.549323 0.490171 0.549626 0.490171 0.545374 0.492015 0.549784 0.490903 0.549323 0.490171 0.545374 0.492471 0.549973 0.492015 0.549784 0.490171 0.545374 0.492471 0.549973 0.490171 0.545374 0.498027 0.545374 0.493351 0.550337 0.492471 0.549973 0.498027 0.545374 0.493820 0.551469 0.493351 0.550337 0.498027 0.545374 0.494366 0.552786 0.493820 0.551469 0.498027 0.545374 0.494144 0.553320 0.494366 0.552786 0.498027 0.545374 0.494144 0.553320 0.489813 0.555797 0.490171 0.555945 0.490171 0.561086 0.488455 0.555234 0.489813 0.555797 0.490171 0.561086 0.487995 0.554123 0.488455 0.555234 0.490171 0.561086 0.487441 0.552786 0.487995 0.554123 0.490171 0.561086 0.490171 0.561086 0.482315 0.561086 0.482315 0.545374 0.487441 0.552786 0.482315 0.545374 0.487902 0.551672 0.487441 0.552786 0.482315 0.545374 0.488455 0.550337 0.487902 0.551672 0.482315 0.545374 0.489552 0.549883 0.488455 0.550337 0.490171 0.549626 0.489552 0.549883 0.482315 0.545374 0.490171 0.549626 0.490171 0.545374 0.496582 0.518827 0.488743 0.518280 0.489840 0.502602 0.497678 0.503150 0.497320 0.508279 
						0.489840 0.502602 0.497320 0.508279 0.495635 0.508843 0.489840 0.502602 0.495635 0.508843 0.495557 0.508869 0.489840 0.502602 0.495557 0.508869 0.494416 0.511158 0.489840 0.502602 0.494416 0.511158 0.494374 0.511241 0.494374 0.511241 0.495191 0.513682 0.489840 0.502602 0.495191 0.513682 0.495215 0.513755 0.496582 0.518827 0.489840 0.502602 0.495215 0.513755 0.496582 0.518827 0.495215 0.513755 0.496879 0.514584 0.498071 0.508028 0.497320 0.508279 0.497678 0.503150 0.498134 0.508059 0.498071 0.508028 0.497678 0.503150 0.500132 0.509056 0.498134 0.508059 0.500132 0.509056 0.497678 0.503150 0.505517 0.503699 0.500443 0.509211 0.500473 0.509301 0.500443 0.509211 0.505517 0.503699 0.501284 0.511724 0.500473 0.509301 0.505517 0.503699 0.501261 0.511772 0.501284 0.511724 0.505517 0.503699 0.501261 0.511772 0.504421 0.519376 0.496879 0.514584 0.497535 0.514911 0.497588 0.514938 0.496582 0.518827 0.496879 0.514584 0.497588 0.514938 0.496582 0.518827 0.497588 0.514938 0.500020 0.514124 0.496582 0.518827 0.500020 0.514124 0.500102 0.514097 0.504421 0.519376 0.500102 0.514097 0.500102 0.514097 0.501239 0.511815 0.501261 0.511772 0.504421 0.519376 
						0.501239 0.511815 
					</float_array>
					<technique_common>
						<accessor count="641" offset="0" source="#meshId3-tex0-array" stride="2">
							<param name="S" type="float" />
							<param name="T" type="float" />
						</accessor>
					</technique_common>
				</source>
				<vertices id="meshId3-vertices">
					<input semantic="POSITION" source="#meshId3-positions" />
				</vertices>
				<polylist count="417" material="defaultMaterial">
					<input offset="0" semantic="VERTEX" source="#meshId3-vertices" />
					<input offset="0" semantic="NORMAL" source="#meshId3-normals" />
					<input offset="0" semantic="TANGENT" source="#meshId3-tangents" />
					<input offset="0" semantic="BINORMAL" source="#meshId3-bitangents" />
					<input offset="0" semantic="TEXCOORD" source="#meshId3-tex0" set="0" />
					<vcount>
						3 3 3 3 3 3 3 3 3 3 3 3 3 3 3 3 3 3 3 3 3 3 3 3 3 3 3 3 3 3 3 3 3 3 3 3 3 3 3 3 3 3 3 3 3 3 3 3 3 3 3 3 3 3 3 3 3 3 3 3 3 3 3 3 
						3 3 3 3 3 3 3 3 3 3 3 3 3 3 3 3 3 3 3 3 3 3 3 3 3 3 3 3 3 3 3 3 3 3 3 3 3 3 3 3 3 3 3 3 3 3 3 3 3 3 3 3 3 3 3 3 3 3 3 3 3 3 3 3 
						3 3 3 3 3 3 3 3 3 3 3 3 3 3 3 3 3 3 3 3 3 3 3 3 3 3 3 3 3 3 3 3 3 3 3 3 3 3 3 3 3 3 3 3 3 3 3 3 3 3 3 3 3 3 3 3 3 3 3 3 3 3 3 3 
						3 3 3 3 3 3 3 3 3 3 3 3 3 3 3 3 3 3 3 3 3 3 3 3 3 3 3 3 3 3 3 3 3 3 3 3 3 3 3 3 3 3 3 3 3 3 3 3 3 3 3 3 3 3 3 3 3 3 3 3 3 3 3 3 
						3 3 3 3 3 3 3 3 3 3 3 3 3 3 3 3 3 3 3 3 3 3 3 3 3 3 3 3 3 3 3 3 3 3 3 3 3 3 3 3 3 3 3 3 3 3 3 3 3 3 3 3 3 3 3 3 3 3 3 3 3 3 3 3 
						3 3 3 3 3 3 3 3 3 3 3 3 3 3 3 3 3 3 3 3 3 3 3 3 3 3 3 3 3 3 3 3 3 3 3 3 3 3 3 3 3 3 3 3 3 3 3 3 3 3 3 3 3 3 3 3 3 3 3 3 3 3 3 3 
						3 3 3 3 3 3 3 3 3 3 3 3 3 3 3 3 3 3 3 3 3 3 3 3 3 3 3 3 3 3 3 3 3 
					</vcount>
					<p>
						0 1 2 0 2 3 0 3 4 0 4 5 6 0 5 5 7 6 8 6 7 7 9 8 10 11 12 12 13 10 14 10 13 13 15 14 16 14 15 15 17 16 18 16 17 17 19 18 20 21 22 22 23 20 24 20 23 23 25 24 26 27 28 26 28 29 26 29 30 26 30 31 32 33 34 34 35 32 36 32 35 35 37 36 38 39 40 40 41 38 42 38 41 41 43 42 44 42 43 43 45 44 46 44 45 45 47 46 48 49 50 50 51 48 33 52 53 53 34 33 54 55 56 56 57 54 58 54 57 57 59 58 60 58 59 59 61 60 62 60 61 61 63 62 64 62 63 63 65 64 66 64 65 65 67 66 68 66 67 67 69 68 70 68 69 69 71 70 72 70 71 71 73 72 74 72 73 73 75 74 76 74 75 75 77 76 55 76 77 77 56 55 
						78 79 80 80 81 78 82 78 81 81 83 82 84 82 83 83 85 84 86 84 85 85 87 86 88 86 87 87 89 88 90 88 89 89 91 90 92 90 91 91 93 92 94 92 93 93 95 94 96 94 95 95 97 96 98 96 97 97 99 98 100 98 99 99 101 100 79 100 101 101 80 79 102 103 104 104 105 102 106 102 105 105 107 106 108 106 107 107 109 108 110 108 109 109 111 110 112 110 111 111 113 112 114 112 113 113 115 114 116 114 115 115 117 116 118 116 117 117 119 118 120 118 119 119 121 120 122 120 121 121 123 122 124 122 123 123 125 124 103 124 125 125 104 103 126 127 128 128 129 126 130 126 129 129 131 130 132 130 131 131 133 132 134 132 133 133 135 134 136 134 135 135 137 136 138 136 137 137 139 138 140 138 139 139 141 140 142 140 141 141 143 142 
						144 142 143 143 145 144 146 144 145 145 147 146 148 146 147 147 149 148 127 148 149 149 128 127 150 151 152 153 154 155 156 157 158 159 160 161 162 163 164 164 165 162 166 167 168 168 169 166 29 162 165 165 30 29 167 28 27 27 168 167 170 171 172 172 173 170 174 175 176 176 177 174 178 179 180 181 182 183 184 185 186 187 188 189 190 191 192 192 193 190 194 195 196 196 197 194 198 199 200 198 200 201 198 201 202 198 202 203 198 203 204 205 206 207 205 207 208 205 208 209 205 209 210 205 210 211 212 213 214 215 216 217 218 219 220 221 222 223 224 225 226 226 227 224 228 229 230 230 231 228 232 233 234 234 235 232 236 237 238 238 199 236 239 240 241 241 242 239 243 244 245 245 246 243 247 248 249 249 250 247 251 252 207 207 206 251 253 254 255 255 256 253 
						257 253 256 256 258 257 259 260 261 261 262 259 263 264 265 265 266 263 267 263 266 266 268 267 269 270 271 271 272 269 273 274 275 273 275 276 277 278 279 280 281 282 276 283 284 285 286 287 288 289 290 288 290 291 288 291 292 293 292 291 293 291 294 293 294 295 296 297 298 296 298 299 296 299 300 301 302 303 301 303 298 301 298 297 304 305 144 304 144 146 304 146 306 307 306 146 307 146 148 307 148 308 309 310 311 309 311 312 313 314 315 316 317 318 319 320 321 322 323 324 325 322 324 326 327 328 326 328 329 326 329 330 331 332 333 331 333 328 331 328 327 205 211 334 205 334 335 336 337 338 339 340 341 342 343 344 345 346 347 348 345 347 349 348 347 349 347 350 349 350 351 352 353 354 355 352 354 356 355 354 356 354 357 356 357 358 359 360 361 359 361 362 
						363 359 362 363 362 364 363 364 365 366 367 368 369 366 368 370 369 368 370 368 354 370 354 353 198 204 371 198 371 372 359 198 372 359 372 373 359 373 360 374 375 376 377 374 376 378 377 376 379 378 376 379 376 368 379 368 367 380 381 382 380 382 383 384 380 383 385 386 387 385 387 388 385 388 389 390 391 245 392 390 245 393 392 245 394 393 245 394 245 347 394 347 346 395 396 397 398 395 397 398 397 399 398 399 400 401 402 403 401 403 404 404 405 406 401 404 406 407 405 404 408 407 404 408 404 409 410 411 412 409 410 412 409 412 413 409 413 408 414 415 416 414 416 417 414 417 418 419 418 417 419 417 420 419 420 421 422 421 420 422 420 423 422 423 424 425 426 427 425 427 428 425 428 429 430 429 428 430 428 431 431 432 433 430 431 433 434 432 431 434 431 435 
						434 435 436 437 438 439 440 437 439 440 439 441 440 441 442 443 444 445 446 443 445 447 446 445 448 449 450 450 451 448 452 453 454 454 455 452 456 457 453 453 452 456 458 459 460 460 461 458 462 463 464 462 464 465 462 465 466 467 468 469 469 470 471 469 471 472 473 474 472 467 472 475 476 477 478 478 479 480 478 480 481 482 483 484 476 478 485 486 484 487 488 489 490 488 490 491 492 358 357 491 492 357 488 491 357 493 351 350 494 493 350 363 365 495 350 363 495 494 350 495 496 438 437 496 437 398 497 496 398 498 497 398 498 398 400 499 500 501 502 503 504 505 506 507 508 509 510 511 507 512 513 514 515 516 517 518 519 520 521 522 523 524 525 526 527 528 529 530 531 532 533 534 535 536 537 538 539 508 540 527 541 542 543 544 545 546 547 548 549 550 551 552 
						553 554 555 556 546 557 558 559 560 561 562 563 564 565 560 566 567 568 569 555 570 571 572 573 573 574 575 576 577 578 579 580 581 582 583 584 585 586 587 576 588 589 590 591 592 593 594 595 596 597 598 599 600 601 602 603 604 605 606 601 607 608 609 610 607 609 611 612 613 614 615 616 617 618 619 620 609 621 622 623 624 625 626 627 628 629 630 631 632 633 634 625 635 621 636 637 638 639 640 
					</p>
				</polylist>
			</mesh>
		</geometry>
		<geometry id="meshId4" name="meshId4_name" >
			<mesh>
				<source id="meshId4-positions" name="meshId4-positions">
					<float_array id="meshId4-positions-array" count="1356"> 
						0.000002 4.252393 34.560211 -4.493546 3.530769 34.560211 -4.493546 3.530768 35.643215 0.000000 4.252393 35.643215 -4.493549 3.530766 46.096054 -0.000002 4.252390 46.096054 0.000000 4.252393 35.643215 -0.000002 4.252390 46.096054 -4.493550 3.530765 47.299355 -0.000003 4.252390 47.299355 4.493545 3.530765 47.299355 5.349794 0.045287 47.299355 5.349794 0.045268 46.096054 4.493545 3.530766 46.096054 5.349797 0.045273 35.643215 4.493547 3.530768 35.643215 4.493547 3.530768 35.643215 5.349797 0.045273 35.643215 5.349802 0.045397 34.560211 5.349802 0.045397 34.560211 4.493548 3.530769 34.560211 4.493548 3.530769 34.560211 0.000002 4.252393 34.560211 0.000000 4.252393 35.643215 4.493547 3.530768 35.643215 5.349794 0.045268 46.096054 4.493546 -3.440228 46.096054 4.493547 -3.440224 35.643215 5.349797 0.045273 35.643215 4.493547 -3.440224 35.643215 4.493546 -3.440228 46.096054 3.108243 -4.867845 45.130920 3.219322 -4.711791 36.305328 4.493547 -3.440224 35.643215 3.219322 -4.711791 36.305328 4.554906 -3.328016 34.560165 2.079398 -6.431848 45.214729 2.227102 -6.805140 39.040104 -0.000001 -5.043531 35.643215 2.079353 -4.812920 35.360863 1.234990 -7.128619 38.112000 -0.000000 -7.129897 38.112659 -1.215665 -7.129064 38.112225 -2.079353 -4.812920 35.360863 0.000003 -3.439877 33.611694 -0.000001 -5.043531 35.643215 -2.079353 -4.812920 35.360863 -2.079353 -4.812920 35.360863 -3.618069 -3.439875 33.611694 0.000003 -3.439877 33.611694 -3.108245 -4.867842 45.130928 -3.219324 -4.711790 36.305325 -2.227103 -6.805139 39.040104 -2.079400 -6.431849 45.214729 -0.000001 -5.043535 46.096054 -2.203268 -5.043535 46.096058 -1.261275 -6.113927 46.148918 -0.000001 -6.125164 46.154133 1.261273 -6.113927 46.148918 2.203266 -5.043536 46.096054 0.866976 -7.507266 47.621479 1.261273 -6.113927 46.148918 -0.000001 -6.125164 46.154133 0.000000 -7.507266 47.621479 
						0.551483 -10.534369 45.467064 0.866976 -7.507266 47.621479 0.000000 -7.507266 47.621479 0.000000 -10.534368 45.467064 -0.000000 -16.125820 44.108860 0.551811 -16.140003 44.103035 -0.000001 -21.469234 40.899361 0.713574 -21.469234 40.899361 1.499624 -16.670166 37.966515 1.501661 -15.761395 43.221283 1.633019 -20.521164 40.362492 1.633314 -20.521149 35.684361 0.714920 -21.469231 34.020142 -0.000001 -21.469231 34.020142 -0.000000 -16.186611 37.150513 0.551899 -16.164898 37.161968 -0.000000 -13.037229 38.618172 0.655720 -13.019876 38.621262 0.000000 -9.266427 38.302063 0.859535 -9.165792 38.293385 1.536089 -10.135118 44.588619 1.576095 -13.208236 39.584259 1.789708 -9.174342 39.244781 1.821101 -7.642219 46.378555 -0.000000 -7.129897 38.112659 1.234990 -7.128619 38.112000 -0.859535 -9.165792 38.293385 -1.215665 -7.129064 38.112225 -0.654732 -13.027562 38.619892 -1.790432 -9.168952 39.244404 -1.576095 -13.208236 39.584259 -1.536089 -10.135118 44.588623 -1.821100 -7.642220 46.378555 -0.866975 -7.507266 47.621479 -0.554759 -10.497409 45.483944 -1.501662 -15.761392 43.221283 -1.498760 -16.587231 38.010277 -1.633020 -20.521164 40.362492 -1.633316 -20.521149 35.684361 -0.713576 -21.469231 34.020142 -0.000001 -21.469231 34.020142 -0.000001 -21.469234 40.899361 -0.713999 -21.469234 40.899361 -0.713576 -21.469231 34.020142 -0.551814 -16.205986 37.140289 -0.713999 -21.469234 40.899361 -0.551484 -16.125816 44.108860 0.714920 -21.469231 34.020142 0.713574 -21.469234 40.899361 -0.866975 -7.507266 47.621479 -1.261275 -6.113927 46.148918 -2.203268 -5.043535 46.096058 -0.000001 -5.043535 46.096054 -0.000001 -3.440175 48.247871 -0.000001 -3.440175 48.247871 -3.616820 -3.440175 48.247871 -2.203268 -5.043535 46.096058 2.203266 -5.043536 46.096054 2.203266 -5.043536 46.096054 3.616818 -3.440177 48.247871 -0.000001 -3.440175 48.247871 -4.493548 -3.440228 46.096054 -4.493548 -3.440222 35.643211 -3.219324 -4.711790 36.305325 
						-4.493548 -3.440222 35.643211 -4.554903 -3.328016 34.560165 -4.554903 -3.328016 34.560165 -4.493548 -3.440222 35.643211 -5.349796 0.045273 35.643215 -5.349796 0.045273 35.643215 -5.349798 0.045400 34.560219 -4.554903 -3.328016 34.560165 -4.493548 -3.440228 46.096054 -5.349799 0.045268 46.096054 -5.349796 0.045273 35.643215 -4.493548 -3.440222 35.643211 -4.493549 3.530766 46.096054 -4.493546 3.530768 35.643215 -5.349796 0.045273 35.643215 -5.349799 0.045268 46.096054 -5.349799 0.045268 46.096054 -4.493548 -3.440228 46.096054 -4.557467 -3.323502 47.299362 -4.557467 -3.323502 47.299362 -5.349799 0.045288 47.299355 -5.349799 0.045268 46.096054 -4.493548 -3.440228 46.096054 -3.108245 -4.867842 45.130928 -4.557467 -3.323502 47.299362 2.079353 -4.812920 35.360863 -0.000001 -5.043531 35.643215 0.000003 -3.439877 33.611694 0.000003 -3.439877 33.611694 3.618076 -3.439877 33.611694 2.079353 -4.812920 35.360863 3.108243 -4.867845 45.130920 4.493546 -3.440228 46.096054 4.557466 -3.323503 47.299362 4.557466 -3.323503 47.299362 4.493546 -3.440228 46.096054 5.349794 0.045268 46.096054 5.349794 0.045268 46.096054 5.349794 0.045287 47.299355 4.557466 -3.323503 47.299362 5.349797 0.045273 35.643215 4.493547 -3.440224 35.643215 4.554906 -3.328016 34.560165 4.554906 -3.328016 34.560165 5.349802 0.045397 34.560211 5.349797 0.045273 35.643215 4.493545 3.530766 46.096054 -0.000002 4.252390 46.096054 -0.000003 4.252390 47.299355 4.493545 3.530765 47.299355 -5.349799 0.045288 47.299355 -4.493550 3.530765 47.299355 -4.493546 3.530769 34.560211 -4.493546 3.530769 34.560211 -5.349798 0.045400 34.560219 -5.349796 0.045273 35.643215 4.373078 0.045446 33.611694 2.987823 0.045446 33.611694 2.897260 0.383430 33.611694 2.598077 1.499997 33.611694 2.317385 1.780690 33.611694 1.116568 2.700815 33.611694 0.000001 2.999998 33.611694 0.000002 3.291724 33.611694 
						1.500001 2.598075 33.611694 3.722415 2.693938 33.611694 2.282364 1.815711 33.611694 3.000001 -0.000003 33.611694 2.700817 -1.116571 33.611694 2.598076 -1.500004 33.611694 2.333556 -1.764524 33.611694 3.618076 -3.439877 33.611694 1.780691 -2.317388 33.611694 1.499999 -2.598079 33.611694 0.000003 -3.439877 33.611694 0.383432 -2.897262 33.611694 -0.000001 -3.000003 33.611694 -4.373071 0.045448 33.611702 -2.987821 0.045447 33.611702 -3.000000 -0.000002 33.611702 -2.897259 -0.383434 33.611702 -2.598076 -1.500001 33.611702 -3.618069 -3.439875 33.611694 -2.333552 -1.764525 33.611694 -2.317384 -1.780694 33.611694 -1.500000 -2.598079 33.611694 -1.116568 -2.700818 33.611694 -2.700816 1.116566 33.611702 -2.598075 1.499998 33.611702 -2.282361 1.815713 33.611694 -3.722411 2.693938 33.611694 -0.383432 2.897257 33.611694 -1.499999 2.598075 33.611694 -1.780692 2.317383 33.611694 -1.320681 2.646123 48.247871 0.000000 2.999999 48.247871 -0.000003 3.291719 48.247871 -1.500000 2.598075 48.247871 -3.722409 2.693933 48.247871 -2.282408 1.815668 48.247871 -4.373079 0.045296 48.247871 -2.987863 0.045295 48.247871 -2.951952 0.179318 48.247871 -2.598076 1.500000 48.247871 -2.466805 1.631269 48.247871 -3.000000 0.000000 48.247871 -2.646124 -1.320681 48.247871 -2.598077 -1.500001 48.247871 -2.333426 -1.764652 48.247868 -3.616820 -3.440175 48.247871 -1.631271 -2.466806 48.247871 -1.500001 -2.598077 48.247871 -0.000001 -3.440175 48.247871 -0.179320 -2.951952 48.247871 -0.000001 -3.000001 48.247871 4.373075 0.045293 48.247871 2.987864 0.045294 48.247871 3.000000 -0.000001 48.247871 2.951952 -0.179320 48.247871 2.598076 -1.500003 48.247871 3.616818 -3.440177 48.247871 2.466805 -1.631273 48.247871 2.333424 -1.764653 48.247868 1.499999 -2.598079 48.247871 1.320680 -2.646127 48.247871 2.646125 1.320681 48.247871 2.598076 1.499999 48.247871 2.282406 1.815670 48.247871 
						3.722403 2.693933 48.247871 0.179319 2.951951 48.247871 1.500000 2.598076 48.247871 1.631271 2.466805 48.247871 -4.493546 3.530769 34.560211 0.000002 4.252393 34.560211 0.000002 4.012227 33.848824 0.000002 4.012227 33.848824 -4.300763 3.321562 33.848824 -4.493546 3.530769 34.560211 -0.000003 4.252390 47.299355 -4.493550 3.530765 47.299355 -4.300766 3.321558 48.010742 -4.300766 3.321558 48.010742 -0.000003 4.012222 48.010742 -0.000003 4.252390 47.299355 5.349794 0.045287 47.299355 4.493545 3.530765 47.299355 4.300759 3.321558 48.010742 4.300759 3.321558 48.010742 5.105615 0.045292 48.010742 5.349794 0.045287 47.299355 4.493548 3.530769 34.560211 5.349802 0.045397 34.560211 5.105620 0.045433 33.848824 5.105620 0.045433 33.848824 4.300766 3.321562 33.848824 4.493548 3.530769 34.560211 0.000002 4.252393 34.560211 4.493548 3.530769 34.560211 4.300766 3.321562 33.848824 4.300766 3.321562 33.848824 0.000002 4.012227 33.848824 0.000002 4.252393 34.560211 4.554906 -3.328016 34.560165 3.219322 -4.711791 36.305328 2.860188 -4.949806 35.706512 2.860188 -4.949806 35.706512 4.290020 -3.411912 33.848812 4.554906 -3.328016 34.560165 2.788932 -4.993446 45.820892 1.910202 -6.199026 45.917980 1.940557 -7.048387 38.344353 2.860188 -4.949806 35.706512 2.860188 -4.949806 35.706512 1.940557 -7.048387 38.344353 -1.935726 -7.048499 38.344414 -2.823771 -4.917428 35.728371 -3.618069 -3.439875 33.611694 -2.079353 -4.812920 35.360863 -2.823771 -4.917428 35.728371 -2.823771 -4.917428 35.728371 -4.290015 -3.411911 33.848812 -3.618069 -3.439875 33.611694 -2.823771 -4.917428 35.728371 -1.935726 -7.048499 38.344414 -1.910204 -6.199028 45.917980 -2.862329 -5.014254 45.935204 -2.862329 -5.014254 45.935204 -1.910204 -6.199028 45.917980 1.910202 -6.199026 45.917980 2.788932 -4.993446 45.820892 1.574029 -7.541005 47.310745 1.910202 -6.199026 45.917980 
						1.271893 -10.434556 45.247452 1.574029 -7.541005 47.310745 1.263368 -16.038261 43.885509 1.417694 -21.232220 40.765144 1.263368 -16.038261 43.885509 1.417694 -21.232220 40.765144 1.418104 -21.232208 34.436195 1.262880 -16.302071 37.357376 1.262880 -16.302071 37.357376 1.418104 -21.232208 34.436195 1.359356 -13.075641 38.860466 1.564321 -9.218247 38.535576 1.359356 -13.075641 38.860466 1.564321 -9.218247 38.535576 1.574029 -7.541005 47.310745 1.271893 -10.434556 45.247452 1.940557 -7.048387 38.344353 -1.564502 -9.216899 38.535477 -1.935726 -7.048499 38.344414 -1.359109 -13.077565 38.860123 -1.564502 -9.216899 38.535477 -1.359109 -13.077565 38.860123 -1.272711 -10.425315 45.251678 -1.574029 -7.541005 47.310745 -1.574029 -7.541005 47.310745 -1.272711 -10.425315 45.251678 -1.263287 -16.034714 43.886963 -1.262643 -16.291611 37.362900 -1.417801 -21.232220 40.765144 -1.417770 -21.232208 34.436195 -1.417801 -21.232220 40.765144 -1.417770 -21.232208 34.436195 -1.417770 -21.232208 34.436195 -1.262643 -16.291611 37.362900 -1.263287 -16.034714 43.886963 -1.417801 -21.232220 40.765144 1.418104 -21.232208 34.436195 1.417694 -21.232220 40.765144 -1.910204 -6.199028 45.917980 -1.574029 -7.541005 47.310745 -2.203268 -5.043535 46.096058 -3.616820 -3.440175 48.247871 -4.290345 -3.411007 48.010742 -4.290345 -3.411007 48.010742 -2.862329 -5.014254 45.935204 -2.203268 -5.043535 46.096058 3.616818 -3.440177 48.247871 2.203266 -5.043536 46.096054 2.788932 -4.993446 45.820892 2.788932 -4.993446 45.820892 4.290344 -3.411009 48.010742 3.616818 -3.440177 48.247871 -3.219324 -4.711790 36.305325 -4.554903 -3.328016 34.560165 -4.290015 -3.411911 33.848812 -4.290015 -3.411911 33.848812 -2.823771 -4.917428 35.728371 -3.219324 -4.711790 36.305325 -4.554903 -3.328016 34.560165 -5.349798 0.045400 34.560219 -5.105614 0.045435 33.848827 -5.105614 0.045435 33.848827 -4.290015 -3.411911 33.848812 -4.554903 -3.328016 34.560165 
						-5.349799 0.045288 47.299355 -4.557467 -3.323502 47.299362 -4.290345 -3.411007 48.010742 -4.290345 -3.411007 48.010742 -5.105619 0.045294 48.010742 -5.349799 0.045288 47.299355 -4.557467 -3.323502 47.299362 -3.108245 -4.867842 45.130928 -2.862329 -5.014254 45.935204 -2.862329 -5.014254 45.935204 -4.290345 -3.411007 48.010742 -4.557467 -3.323502 47.299362 2.079353 -4.812920 35.360863 3.618076 -3.439877 33.611694 4.290020 -3.411912 33.848812 4.290020 -3.411912 33.848812 2.860188 -4.949806 35.706512 2.079353 -4.812920 35.360863 3.108243 -4.867845 45.130920 4.557466 -3.323503 47.299362 4.290344 -3.411009 48.010742 4.290344 -3.411009 48.010742 2.788932 -4.993446 45.820892 3.108243 -4.867845 45.130920 4.557466 -3.323503 47.299362 5.349794 0.045287 47.299355 5.105615 0.045292 48.010742 5.105615 0.045292 48.010742 4.290344 -3.411009 48.010742 4.557466 -3.323503 47.299362 5.349802 0.045397 34.560211 4.554906 -3.328016 34.560165 4.290020 -3.411912 33.848812 4.290020 -3.411912 33.848812 5.105620 0.045433 33.848824 5.349802 0.045397 34.560211 4.493545 3.530765 47.299355 -0.000003 4.252390 47.299355 -0.000003 4.012222 48.010742 -0.000003 4.012222 48.010742 4.300759 3.321558 48.010742 4.493545 3.530765 47.299355 -4.493550 3.530765 47.299355 -5.349799 0.045288 47.299355 -5.105619 0.045294 48.010742 -5.105619 0.045294 48.010742 -4.300766 3.321558 48.010742 -4.493550 3.530765 47.299355 -5.349798 0.045400 34.560219 -4.493546 3.530769 34.560211 -4.300763 3.321562 33.848824 -4.300763 3.321562 33.848824 -5.105614 0.045435 33.848827 -5.349798 0.045400 34.560219 0.000002 4.012227 33.848824 4.300766 3.321562 33.848824 5.105620 0.045433 33.848824 4.290020 -3.411912 33.848812 -4.290015 -3.411911 33.848812 -5.105614 0.045435 33.848827 -4.300763 3.321562 33.848824 -0.000003 4.012222 48.010742 -4.300766 3.321558 48.010742 -5.105619 0.045294 48.010742 
						-4.290345 -3.411007 48.010742 4.290344 -3.411009 48.010742 5.105615 0.045292 48.010742 4.300759 3.321558 48.010742 
					</float_array>
					<technique_common>
						<accessor count="452" offset="0" source="#meshId4-positions-array" stride="3">
							<param name="X" type="float" />
							<param name="Y" type="float" />
							<param name="Z" type="float" />
						</accessor>
					</technique_common>
				</source>
				<source id="meshId4-normals" name="meshId4-normals">
					<float_array id="meshId4-normals-array" count="1356"> 
						-0.158560 0.987349 0.000000 -0.158560 0.987349 0.000000 -0.158560 0.987349 0.000000 -0.158560 0.987349 0.000000 -0.158560 0.987349 0.000000 -0.000000 1.000000 0.000000 0.000000 1.000000 0.000000 -0.158560 0.987349 0.000000 -0.158560 0.987349 0.000000 -0.158560 0.987349 0.000000 0.971126 0.238569 -0.000004 0.971126 0.238569 -0.000004 0.971126 0.238569 -0.000004 0.971126 0.238567 0.000000 0.971126 0.238567 0.000000 0.971126 0.238567 0.000000 0.971126 0.238567 0.000032 0.971126 0.238567 0.000032 0.971126 0.238567 0.000032 0.971124 0.238577 0.000001 0.971124 0.238577 0.000001 0.158560 0.987349 0.000001 0.158560 0.987349 0.000001 0.158560 0.987349 0.000001 0.158560 0.987349 0.000001 0.971126 -0.238567 0.000000 0.971126 -0.238567 0.000000 0.971126 -0.238567 0.000000 0.971126 -0.238567 0.000000 0.707505 -0.706701 -0.003034 0.717662 -0.696392 -0.000000 0.794879 -0.601081 0.082880 0.772162 -0.629234 -0.088496 0.696839 -0.716386 -0.034741 0.696839 -0.716385 -0.034741 0.696839 -0.716386 -0.034741 0.933298 -0.327322 0.147702 0.930590 -0.357940 -0.076694 0.000026 -0.764466 -0.644664 0.072156 -0.773861 -0.629233 0.161850 -0.497355 -0.852316 0.000011 -0.460644 -0.887585 -0.164135 -0.489635 -0.856339 -0.102991 -0.782389 -0.614216 -0.002916 -0.784912 -0.619600 -0.002916 -0.784912 -0.619600 -0.002916 -0.784912 -0.619600 -0.000000 -0.786602 -0.617460 -0.000000 -0.786602 -0.617460 -0.000000 -0.786602 -0.617460 -0.785563 -0.615379 0.064804 -0.747704 -0.655502 -0.106092 -0.929553 -0.358707 -0.085212 -0.934451 -0.321263 0.153593 0.000000 0.051694 0.998663 -0.178097 -0.108435 0.978020 -0.153084 0.353198 0.922939 -0.000000 0.422512 0.906358 0.156664 0.354131 0.921980 0.301549 -0.165041 0.939058 0.184103 0.080070 0.979640 0.156664 0.354131 0.921980 -0.000000 0.422512 0.906358 -0.000438 0.097754 0.995211 
						0.159754 -0.416384 0.895044 0.184103 0.080070 0.979640 -0.000438 0.097754 0.995211 0.000084 -0.411722 0.911310 0.000045 -0.378769 0.925491 0.158053 -0.375432 0.913275 0.000000 -0.514903 0.857249 0.153909 -0.505488 0.848996 0.987045 0.083188 -0.137194 0.984132 -0.061499 0.166441 0.987127 -0.131908 0.090442 0.992401 -0.035495 -0.117818 0.131665 0.508385 -0.851005 -0.000056 0.509866 -0.860254 0.000095 0.466609 -0.884464 0.158174 0.459264 -0.874104 0.000206 0.178362 -0.983965 0.170280 0.161130 -0.972133 0.000099 -0.086207 -0.996277 0.153768 -0.102907 -0.982734 0.980480 -0.131592 0.146087 0.993698 -0.010893 -0.111559 0.982746 -0.130140 -0.131432 0.968723 -0.147856 0.199285 0.000011 -0.460644 -0.887585 0.161850 -0.497355 -0.852316 -0.153575 -0.102632 -0.982793 -0.164135 -0.489635 -0.856339 -0.169931 0.163680 -0.971768 -0.982747 -0.127996 -0.133508 -0.993807 -0.010463 -0.110622 -0.980844 -0.131102 0.144076 -0.970199 -0.137830 0.199290 -0.183681 0.079125 0.979796 -0.159985 -0.423525 0.891645 -0.984305 -0.061848 0.165283 -0.987357 0.079913 -0.136894 -0.987167 -0.132118 0.089698 -0.992466 -0.037718 -0.116567 -0.130203 -0.991487 -0.000002 0.000000 -1.000000 -0.000000 0.000000 -1.000000 -0.000000 -0.151944 -0.988389 -0.000010 -0.131467 0.508507 -0.850963 -0.158124 0.461585 -0.872890 -0.154015 -0.505382 0.849040 -0.157965 -0.373450 0.914102 0.130344 -0.991469 0.000025 0.151875 -0.988400 0.000011 -0.183681 0.079125 0.979796 -0.153084 0.353198 0.922939 0.000001 -0.801875 0.597492 0.000001 -0.801875 0.597492 0.000001 -0.801875 0.597492 -0.000000 -0.801874 0.597493 -0.000000 -0.801874 0.597493 -0.000000 -0.801874 0.597493 -0.000000 -0.801875 0.597492 -0.000000 -0.801875 0.597492 -0.000000 -0.801875 0.597492 -0.000000 -0.801875 0.597492 -0.717662 -0.696391 -0.000000 -0.707506 -0.706701 -0.003035 -0.696839 -0.716385 -0.034743 
						-0.696839 -0.716385 -0.034743 -0.696839 -0.716385 -0.034743 -0.970681 -0.238458 0.030285 -0.970681 -0.238458 0.030285 -0.970681 -0.238458 0.030285 -0.973343 -0.229354 -0.000025 -0.973343 -0.229354 -0.000025 -0.973343 -0.229354 -0.000025 -0.971126 -0.238568 -0.000000 -0.971126 -0.238568 -0.000000 -0.971126 -0.238568 -0.000000 -0.971126 -0.238567 -0.000000 -0.971126 0.238567 -0.000000 -0.971126 0.238567 -0.000000 -0.971126 0.238567 -0.000000 -0.971126 0.238567 -0.000000 -0.970733 -0.238471 -0.028432 -0.970733 -0.238471 -0.028432 -0.970733 -0.238471 -0.028432 -0.973438 -0.228950 0.000003 -0.973438 -0.228950 0.000003 -0.973438 -0.228950 0.000003 -0.706756 -0.706778 0.031017 -0.706756 -0.706778 0.031017 -0.706756 -0.706778 0.031017 0.002918 -0.784912 -0.619600 0.002918 -0.784912 -0.619600 0.002918 -0.784912 -0.619600 -0.000000 -0.786603 -0.617459 -0.000000 -0.786603 -0.617459 -0.000000 -0.786603 -0.617459 0.706756 -0.706777 0.031017 0.706756 -0.706777 0.031017 0.706756 -0.706777 0.031017 0.970733 -0.238471 -0.028433 0.970733 -0.238471 -0.028433 0.970733 -0.238471 -0.028433 0.973438 -0.228949 0.000003 0.973438 -0.228950 0.000003 0.973438 -0.228950 0.000003 0.970680 -0.238458 0.030288 0.970680 -0.238458 0.030288 0.970680 -0.238458 0.030288 0.973343 -0.229354 -0.000021 0.973343 -0.229354 -0.000021 0.973343 -0.229354 -0.000021 0.158560 0.987349 0.000000 0.158560 0.987349 0.000000 0.158560 0.987349 0.000000 0.158560 0.987349 0.000000 -0.971126 0.238569 -0.000000 -0.971126 0.238569 -0.000000 -0.971126 0.238567 -0.000000 -0.971124 0.238576 0.000030 -0.971124 0.238576 0.000030 -0.971124 0.238576 0.000030 0.177716 0.002870 -0.984078 0.000000 0.000000 -1.000000 0.000000 0.000000 -1.000000 0.000000 0.000000 -1.000000 0.000000 0.000000 -1.000000 0.000000 0.000000 -1.000000 0.000000 0.000000 -1.000000 0.000000 0.173869 -0.984769 
						0.000000 0.000000 -1.000000 0.124447 0.135050 -0.982993 0.000000 0.000000 -1.000000 0.000000 0.000000 -1.000000 0.000000 0.000000 -1.000000 0.000000 0.000000 -1.000000 0.000000 0.000000 -1.000000 0.143318 -0.033422 -0.989112 0.000000 0.000000 -1.000000 0.000000 0.000000 -1.000000 0.000000 0.000000 -1.000000 0.000000 0.000000 -1.000000 0.000000 0.000000 -1.000000 -0.178621 0.001176 -0.983917 0.000000 0.000000 -1.000000 0.000000 0.000000 -1.000000 0.000000 0.000000 -1.000000 -0.000002 0.000003 -1.000000 -0.145096 -0.031430 -0.988918 -0.000004 0.000003 -1.000000 0.000000 0.000000 -1.000000 0.000000 0.000000 -1.000000 0.000000 0.000000 -1.000000 0.000000 0.000000 -1.000000 0.000046 -0.000056 -1.000000 0.000001 -0.000002 -1.000000 -0.124448 0.135049 -0.982993 0.000000 0.000000 -1.000000 0.000000 0.000000 -1.000000 0.000000 0.000000 -1.000000 0.000000 0.000000 1.000000 0.000000 0.000000 1.000000 -0.000000 0.173869 0.984769 0.000000 0.000000 1.000000 -0.124448 0.135049 0.982993 0.000000 0.000000 1.000000 -0.177732 0.002833 0.984075 0.000000 0.000000 1.000000 0.000000 0.000000 1.000000 0.000000 0.000000 1.000000 0.000000 0.000000 1.000000 0.000000 0.000000 1.000000 0.000000 0.000000 1.000000 -0.000081 -0.000093 1.000000 -0.000001 -0.000003 1.000000 -0.142963 -0.033344 0.989166 0.000000 0.000000 1.000000 0.000000 0.000000 1.000000 0.000000 0.000000 1.000000 0.000000 0.000000 1.000000 0.000000 0.000000 1.000000 0.178620 0.001173 0.983918 0.000000 0.000000 1.000000 0.000000 0.000000 1.000000 0.000000 0.000000 1.000000 0.000001 -0.000001 1.000000 0.144701 -0.031398 0.988977 -0.000006 -0.000006 1.000000 -0.000009 -0.000007 1.000000 0.000000 0.000000 1.000000 0.000000 0.000000 1.000000 0.000000 0.000000 1.000000 0.000000 0.000000 1.000000 0.000000 0.000000 1.000000 
						0.124448 0.135049 0.982993 0.000000 0.000000 1.000000 0.000000 0.000000 1.000000 0.000000 0.000000 1.000000 -0.150423 0.936682 -0.316227 -0.150423 0.936682 -0.316227 -0.150423 0.936682 -0.316227 -0.150423 0.936682 -0.316227 -0.150423 0.936682 -0.316227 -0.150423 0.936682 -0.316227 -0.150423 0.936682 0.316228 -0.150423 0.936682 0.316228 -0.150423 0.936682 0.316228 -0.150423 0.936682 0.316228 -0.150423 0.936682 0.316229 -0.150423 0.936682 0.316228 0.921291 0.226326 0.316228 0.921291 0.226326 0.316228 0.921291 0.226326 0.316228 0.921291 0.226327 0.316226 0.921291 0.226327 0.316226 0.921291 0.226327 0.316226 0.921292 0.226334 -0.316219 0.921292 0.226334 -0.316219 0.921292 0.226334 -0.316219 0.921289 0.226335 -0.316227 0.921289 0.226335 -0.316227 0.921289 0.226335 -0.316227 0.150423 0.936682 -0.316227 0.150423 0.936682 -0.316227 0.150423 0.936682 -0.316227 0.150423 0.936682 -0.316227 0.150423 0.936682 -0.316227 0.150423 0.936682 -0.316227 0.654325 -0.750325 -0.094189 0.654325 -0.750325 -0.094189 0.654325 -0.750325 -0.094189 0.631073 -0.762028 -0.145121 0.631073 -0.762028 -0.145121 0.631073 -0.762028 -0.145121 0.800004 -0.520441 0.298555 0.923278 -0.234895 0.303945 0.888615 -0.394053 -0.234704 0.764178 -0.607458 -0.216858 0.151260 -0.781331 -0.605510 0.316165 -0.545932 -0.775885 -0.306333 -0.529451 -0.791102 -0.177490 -0.791644 -0.584635 -0.144049 -0.835986 -0.529507 -0.144049 -0.835986 -0.529507 -0.144049 -0.835986 -0.529507 -0.212799 -0.836879 -0.504332 -0.212799 -0.836879 -0.504332 -0.212799 -0.836879 -0.504332 -0.727103 -0.644546 -0.236395 -0.894131 -0.379202 -0.238193 -0.928651 -0.249889 0.274159 -0.772703 -0.622757 0.122896 -0.260664 -0.195786 0.945369 -0.345126 0.093721 0.933865 0.365659 0.112289 0.923951 0.429431 -0.242962 0.869804 0.403798 0.087642 0.910641 0.365659 0.112289 0.923951 
						0.317184 -0.410869 0.854741 0.403798 0.087642 0.910641 0.319311 -0.355989 0.878244 0.317809 -0.481399 0.816855 0.949412 -0.109230 0.294424 0.966892 -0.214647 0.138009 0.988742 -0.048948 -0.141400 0.949448 0.148080 -0.276804 0.315984 0.443805 -0.838565 0.314981 0.491126 -0.812147 0.328072 0.148021 -0.932984 0.314732 -0.117122 -0.941927 0.958480 0.010981 -0.284947 0.945703 -0.135706 -0.295348 0.953590 -0.142990 0.264992 0.938903 -0.180539 0.293030 0.316165 -0.545932 -0.775885 -0.315479 -0.117252 -0.941661 -0.306333 -0.529451 -0.791102 -0.328751 0.147600 -0.932811 -0.947145 -0.130503 -0.293061 -0.958039 0.014576 -0.286266 -0.937671 -0.184515 0.294496 -0.954294 -0.139528 0.264301 -0.404099 0.086124 0.910652 -0.317706 -0.407387 0.856212 -0.948798 -0.110831 0.295803 -0.948730 0.149548 -0.278474 -0.966760 -0.215376 0.137800 -0.988569 -0.049851 -0.142288 -0.319141 -0.947707 -0.000019 -0.319001 -0.947755 -0.000002 -0.314518 0.491194 -0.812285 -0.316454 0.440978 -0.839878 -0.319398 -0.357397 0.877640 -0.317854 -0.481233 0.816936 0.319358 -0.947634 0.000060 0.319028 -0.947745 0.000020 -0.345126 0.093721 0.933865 -0.404099 0.086124 0.910652 -0.209762 -0.845032 0.491855 -0.209762 -0.845032 0.491855 -0.209762 -0.845032 0.491855 -0.166028 -0.832385 0.528743 -0.166028 -0.832385 0.528743 -0.166028 -0.832385 0.528743 0.282541 -0.848814 0.446863 0.282541 -0.848814 0.446863 0.282541 -0.848814 0.446863 0.204966 -0.854640 0.477054 0.204966 -0.854640 0.477054 0.204966 -0.854640 0.477053 -0.618901 -0.773019 -0.139295 -0.618901 -0.773019 -0.139295 -0.618901 -0.773019 -0.139295 -0.613312 -0.776666 -0.143661 -0.613312 -0.776666 -0.143661 -0.613312 -0.776666 -0.143661 -0.923179 -0.217529 -0.316893 -0.923179 -0.217529 -0.316893 -0.923179 -0.217529 -0.316893 -0.922781 -0.217685 -0.317945 -0.922781 -0.217685 -0.317945 -0.922781 -0.217685 -0.317945 
						-0.922364 -0.216937 0.319660 -0.922364 -0.216937 0.319660 -0.922364 -0.216937 0.319660 -0.923137 -0.217750 0.316864 -0.923137 -0.217750 0.316864 -0.923137 -0.217750 0.316864 -0.674487 -0.734720 0.072483 -0.674487 -0.734720 0.072483 -0.674487 -0.734720 0.072483 -0.637160 -0.756745 0.146166 -0.637160 -0.756745 0.146166 -0.637160 -0.756745 0.146166 0.206584 -0.849642 -0.485213 0.206584 -0.849642 -0.485214 0.206584 -0.849642 -0.485213 0.115038 -0.806868 -0.579423 0.115038 -0.806868 -0.579423 0.115038 -0.806868 -0.579423 0.618847 -0.773430 0.137238 0.618847 -0.773430 0.137238 0.618847 -0.773430 0.137238 0.612547 -0.777588 0.141928 0.612547 -0.777588 0.141928 0.612547 -0.777588 0.141928 0.923264 -0.217148 0.316907 0.923264 -0.217148 0.316907 0.923264 -0.217148 0.316907 0.922261 -0.217543 0.319546 0.922261 -0.217543 0.319546 0.922261 -0.217543 0.319546 0.922823 -0.217445 -0.317986 0.922823 -0.217446 -0.317986 0.922823 -0.217446 -0.317986 0.923129 -0.217768 -0.316874 0.923129 -0.217768 -0.316874 0.923129 -0.217768 -0.316874 0.150423 0.936682 0.316229 0.150423 0.936682 0.316229 0.150423 0.936682 0.316228 0.150423 0.936682 0.316228 0.150423 0.936682 0.316228 0.150423 0.936682 0.316228 -0.921291 0.226326 0.316227 -0.921291 0.226326 0.316227 -0.921291 0.226326 0.316227 -0.921291 0.226326 0.316227 -0.921291 0.226326 0.316227 -0.921291 0.226326 0.316227 -0.921289 0.226333 -0.316227 -0.921289 0.226333 -0.316227 -0.921289 0.226333 -0.316227 -0.921291 0.226335 -0.316222 -0.921291 0.226335 -0.316222 -0.921291 0.226335 -0.316222 -0.000000 0.312621 -0.949878 0.181409 0.196864 -0.963502 0.309860 0.003375 -0.950776 0.334653 -0.078943 -0.939029 -0.331315 -0.072477 -0.940732 -0.307973 0.001256 -0.951394 -0.181409 0.196863 -0.963502 -0.000000 0.312621 0.949878 -0.181409 0.196862 0.963502 -0.309825 0.003334 0.950788 
						-0.334088 -0.078805 0.939242 0.330812 -0.072472 0.940910 0.307974 0.001257 0.951394 0.181409 0.196862 0.963502 
					</float_array>
					<technique_common>
						<accessor count="452" offset="0" source="#meshId4-normals-array" stride="3">
							<param name="X" type="float" />
							<param name="Y" type="float" />
							<param name="Z" type="float" />
						</accessor>
					</technique_common>
				</source>
				<source id="meshId4-tangents" name="meshId4-tangents">
					<float_array id="meshId4-tangents-array" count="1356"> 
						0.000000 0.000000 -1.000000 0.000000 0.000000 -1.000000 0.000000 0.000000 -1.000000 0.000001 0.000000 -1.000000 0.000000 0.000000 -1.000000 0.000000 0.000000 -1.000000 0.000000 0.000000 -1.000000 0.000001 0.000000 -1.000000 0.000001 0.000000 -1.000000 0.000001 0.000000 -1.000000 -0.000004 -0.000000 -1.000000 -0.000004 -0.000000 -1.000000 -0.000004 -0.000000 -1.000000 0.000000 0.000001 -1.000000 0.000000 -0.000001 -1.000000 0.000000 -0.000001 -1.000000 0.000027 0.000026 -1.000000 0.000027 0.000026 -1.000000 0.000027 0.000026 -1.000000 0.000001 0.000000 -1.000000 0.000001 0.000000 -1.000000 0.000001 0.000000 -1.000000 0.000001 0.000000 -1.000000 0.000001 0.000000 -1.000000 0.000001 0.000000 -1.000000 -0.000000 -0.000000 -1.000000 -0.000000 -0.000000 -1.000000 -0.000000 -0.000000 -1.000000 0.000000 -0.000000 -1.000000 -0.001395 0.002897 -0.999995 -0.000001 -0.000000 -1.000000 0.100203 -0.004680 -0.994956 -0.098174 0.019460 -0.994979 0.056105 0.102735 -0.993125 0.056105 0.102735 -0.993125 0.056105 0.102735 -0.993125 0.141680 -0.042309 -0.989008 -0.090014 -0.020674 -0.995726 -0.055269 0.643677 -0.763299 -0.017631 0.629789 -0.776566 -0.070039 0.855736 -0.512651 -0.060293 0.885970 -0.459807 -0.019226 0.869536 -0.493496 -0.084644 0.622153 -0.778306 -0.056765 0.618734 -0.783547 -0.056765 0.618734 -0.783547 -0.056765 0.618734 -0.783547 -0.050030 0.616687 -0.785617 -0.050030 0.616687 -0.785617 -0.050030 0.616687 -0.785617 -0.143148 0.078844 -0.986556 0.048883 0.105000 -0.993270 0.069984 0.055251 -0.996017 -0.178976 0.050843 -0.982539 0.754984 -0.654866 0.033898 0.758255 -0.648592 0.066167 0.757362 -0.558007 0.339162 0.763908 -0.584896 0.272658 0.667192 -0.726249 0.165581 0.322342 -0.909264 -0.263315 0.191472 0.974661 -0.115646 0.110075 0.921431 -0.372624 0.000001 0.906358 -0.422512 -0.000383 0.995211 -0.097754 
						0.628141 -0.656570 -0.417558 0.743237 -0.663550 -0.085441 0.754547 -0.653071 0.064480 0.675775 -0.671710 -0.303535 0.687166 -0.672359 -0.275204 0.637320 -0.667668 -0.384763 0.664148 -0.640880 -0.384942 0.633085 -0.609250 -0.477512 -0.151206 0.196337 -0.968808 0.173383 0.133875 -0.975713 0.079436 -0.086451 -0.993084 -0.115204 0.068377 -0.990986 -0.351276 0.826699 0.439516 -0.358827 0.802954 0.475928 -0.370767 0.821441 0.433321 -0.324395 0.860281 0.393300 -0.403360 0.900384 0.163126 -0.347778 0.932882 0.093707 -0.405655 0.910620 -0.078835 -0.348514 0.924996 -0.151393 0.179050 0.290602 -0.939942 -0.109037 0.136747 -0.984587 -0.122162 0.076851 -0.989530 0.205152 0.025391 -0.978401 -0.455471 0.790171 -0.410093 -0.296684 0.799220 -0.522710 -0.376412 0.925679 -0.037848 -0.478873 0.798508 -0.364783 -0.354371 0.909996 0.215243 0.117485 0.125492 -0.985114 0.106669 0.188977 -0.976171 -0.181028 0.340334 -0.922714 -0.219000 0.146816 -0.964616 0.642109 -0.745051 0.180543 0.631078 -0.738458 -0.237530 -0.174250 0.192346 -0.965733 0.152555 0.244533 -0.957565 -0.082031 -0.062378 -0.994676 0.108332 0.174219 -0.978730 -0.064775 0.008508 -0.997864 -0.069856 0.000000 -0.997557 -0.069693 0.000000 -0.997569 -0.060877 0.009368 -0.998101 -0.305265 0.795934 0.522784 -0.327567 0.809429 0.487365 0.592117 -0.735114 -0.330159 0.634680 -0.747575 -0.195738 -0.061753 -0.008144 -0.998058 -0.063229 -0.009727 -0.997952 -0.183158 0.976545 -0.113199 -0.124007 0.919699 -0.372526 -0.065773 -0.596198 -0.800138 -0.065773 -0.596198 -0.800139 -0.065773 -0.596198 -0.800138 -0.158439 -0.589946 -0.791746 -0.158439 -0.589946 -0.791746 -0.158439 -0.589946 -0.791746 -0.065773 -0.596198 -0.800139 0.045088 -0.596884 -0.801059 0.045088 -0.596884 -0.801059 0.045088 -0.596884 -0.801059 -0.066958 0.069004 -0.995367 -0.063720 0.068068 -0.995644 -0.122102 0.166225 -0.978499 
						-0.122102 0.166225 -0.978499 -0.122102 0.166225 -0.978499 -0.072509 0.170353 -0.982712 -0.072509 0.170353 -0.982712 -0.072509 0.170353 -0.982712 -0.015891 0.067545 -0.997590 -0.015891 0.067545 -0.997590 -0.015891 0.067545 -0.997590 -0.017134 0.069747 -0.997418 -0.017134 0.069747 -0.997418 -0.017134 0.069747 -0.997418 -0.017134 0.069747 -0.997418 0.017134 0.069746 -0.997418 0.017134 0.069746 -0.997418 0.017134 0.069746 -0.997418 0.017134 0.069748 -0.997418 0.035899 -0.027025 -0.998990 0.035899 -0.027025 -0.998990 0.035899 -0.027025 -0.998990 -0.015860 0.067417 -0.997599 -0.015860 0.067417 -0.997599 -0.015860 0.067417 -0.997599 -0.011678 -0.032182 -0.999414 -0.011678 -0.032182 -0.999414 -0.011678 -0.032182 -0.999414 -0.057916 0.618430 -0.783703 -0.057916 0.618430 -0.783703 -0.057916 0.618430 -0.783703 -0.081087 0.615426 -0.784013 -0.081087 0.615426 -0.784013 -0.081087 0.615426 -0.784013 -0.052778 -0.096396 -0.993943 -0.052778 -0.096396 -0.993943 -0.052778 -0.096396 -0.993943 -0.052793 -0.096394 -0.993942 -0.052793 -0.096394 -0.993942 -0.052793 -0.096394 -0.993942 0.000003 -0.000001 -1.000000 0.000003 -0.000001 -1.000000 0.000003 -0.000001 -1.000000 0.056223 0.102721 -0.993120 0.056223 0.102721 -0.993120 0.056223 0.102721 -0.993120 -0.000015 0.000028 -1.000000 -0.000015 0.000028 -1.000000 -0.000015 0.000028 -1.000000 0.000000 0.000000 -1.000000 0.000001 0.000000 -1.000000 0.000001 0.000000 -1.000000 0.000000 0.000000 -1.000000 0.017134 0.069746 -0.997418 0.017134 0.069746 -0.997418 0.017134 0.069744 -0.997418 0.017110 0.069770 -0.997416 0.017110 0.069770 -0.997416 0.017110 0.069770 -0.997416 -0.366932 0.928074 -0.063559 -0.406604 0.913605 -0.000000 -0.406722 0.913552 -0.000000 -0.406945 0.913453 -0.000000 -0.406703 0.913561 -0.000000 -0.406766 0.913532 -0.000000 -0.406744 0.913542 -0.000000 -0.447642 0.880593 0.155476 
						-0.406742 0.913543 0.000000 -0.453574 0.888867 0.064696 -0.406710 0.913557 0.000000 -0.406615 0.913599 0.000000 -0.406685 0.913568 0.000000 -0.406700 0.913562 0.000000 -0.444173 0.895941 0.000000 -0.362019 0.928394 -0.083825 -0.444661 0.895699 -0.000000 -0.447759 0.894154 0.000000 -0.409621 0.912256 0.000000 -0.406682 0.913570 0.000000 -0.406701 0.913561 0.000000 -0.348978 0.934911 0.064471 -0.406636 0.913590 -0.000000 -0.406627 0.913594 -0.000000 -0.406750 0.913540 0.000000 -0.392908 0.919578 0.000003 -0.363309 0.931367 0.023705 -0.391310 0.920259 0.000005 -0.391258 0.920281 0.000000 -0.383521 0.923532 0.000000 -0.406706 0.913559 0.000000 -0.406754 0.913538 -0.000000 -0.406542 0.913632 -0.000069 -0.406728 0.913550 -0.000003 -0.341418 0.924370 0.170219 -0.406762 0.913534 0.000000 -0.406737 0.913545 0.000000 -0.406723 0.913551 0.000000 0.719475 -0.694519 0.000000 0.719334 -0.694664 0.000000 0.764698 -0.634574 0.112039 0.719342 -0.694657 0.000000 0.718369 -0.671120 0.183149 0.719342 -0.694657 0.000000 0.664023 -0.737683 0.122052 0.719359 -0.694638 -0.000000 0.719375 -0.694622 0.000000 0.719162 -0.694842 0.000000 0.719336 -0.694663 -0.000000 0.719290 -0.694710 0.000000 0.719343 -0.694655 0.000000 0.719330 -0.694669 -0.000006 0.719011 -0.694999 -0.000001 0.671735 -0.737262 0.072233 0.719776 -0.694207 0.000000 0.715049 -0.699074 -0.000000 0.722366 -0.691511 -0.000000 0.719320 -0.694679 0.000000 0.719331 -0.694667 -0.000000 0.659802 -0.741974 -0.118896 0.719380 -0.694617 0.000000 0.719383 -0.694614 0.000000 0.719338 -0.694660 0.000000 0.738108 -0.674683 -0.000002 0.668885 -0.733427 -0.121152 0.741980 -0.670422 0.000001 0.741975 -0.670427 0.000002 0.742097 -0.670293 0.000000 0.719219 -0.694783 -0.000000 0.719347 -0.694651 0.000000 0.719327 -0.694672 -0.000000 0.719337 -0.694662 0.000000 
						0.730098 -0.683341 0.001450 0.719325 -0.694674 0.000000 0.719351 -0.694647 0.000000 0.719406 -0.694590 0.000000 0.000000 -0.319867 -0.947462 0.000000 -0.319867 -0.947462 0.000000 -0.319867 -0.947462 0.251623 -0.273059 -0.928507 0.251623 -0.273059 -0.928507 0.251623 -0.273059 -0.928507 -0.251623 0.273060 -0.928506 -0.251623 0.273060 -0.928506 -0.251623 0.273060 -0.928506 0.000001 0.319868 -0.947462 0.000001 0.319868 -0.947462 0.000001 0.319868 -0.947462 0.251624 0.273060 -0.928506 0.251624 0.273060 -0.928506 0.251624 0.273060 -0.928506 0.324650 0.000004 -0.945834 0.324650 0.000004 -0.945834 0.324650 0.000004 -0.945834 -0.324632 -0.000055 -0.945841 -0.324632 -0.000055 -0.945841 -0.324632 -0.000055 -0.945840 -0.251621 -0.273058 -0.928507 -0.251622 -0.273058 -0.928507 -0.251621 -0.273058 -0.928507 -0.251621 -0.273059 -0.928507 -0.251621 -0.273059 -0.928507 -0.251621 -0.273059 -0.928507 0.000000 -0.319867 -0.947462 0.000000 -0.319867 -0.947462 0.000000 -0.319867 -0.947462 -0.050775 0.080681 -0.995446 -0.050775 0.080681 -0.995446 -0.050775 0.080681 -0.995446 -0.347093 -0.110078 -0.931348 -0.347093 -0.110078 -0.931348 -0.347093 -0.110078 -0.931348 0.286518 -0.105820 -0.952213 0.284698 -0.112768 -0.951961 -0.311377 -0.142578 -0.939530 -0.225145 0.063848 -0.972231 0.019439 0.614791 -0.788451 -0.051465 0.806763 -0.588630 -0.005278 0.831987 -0.554770 -0.109927 0.606297 -0.787604 -0.174016 0.548149 -0.818078 -0.174016 0.548149 -0.818078 -0.174016 0.548149 -0.818078 -0.189512 0.541703 -0.818928 -0.189512 0.541703 -0.818928 -0.189512 0.541703 -0.818928 0.200055 0.130468 -0.971059 0.263691 -0.015936 -0.964476 -0.277767 -0.021438 -0.960409 -0.195985 0.049911 -0.979336 0.729130 -0.681753 0.059850 0.635648 -0.708725 0.306041 0.322067 -0.946635 -0.012414 0.133882 -0.935362 -0.327373 0.340220 0.909623 -0.238405 0.296279 0.927016 -0.229916 
						0.556843 -0.648872 -0.518547 0.718997 -0.645887 -0.256657 0.582824 -0.656989 -0.478207 0.590656 -0.573414 -0.567735 0.313942 0.352679 -0.881509 0.117614 -0.105112 -0.987481 -0.134310 0.126236 -0.982866 -0.313104 0.510381 -0.800923 -0.278238 0.888335 0.365301 -0.347257 0.856006 0.382970 -0.288717 0.956100 0.050164 -0.264801 0.942124 -0.205626 -0.240142 0.569952 -0.785803 -0.273775 0.157208 -0.948859 0.288242 0.178965 -0.940685 0.319136 0.775490 -0.544763 -0.138959 0.782367 -0.607118 -0.349981 0.936757 0.000610 -0.496578 0.797899 -0.341713 -0.310631 0.915856 0.254393 0.246744 0.287463 -0.925464 0.235821 0.607797 -0.758268 -0.328340 0.748025 -0.576759 -0.283662 0.144340 -0.947999 0.452675 -0.846272 0.280908 0.590193 -0.791709 -0.157699 -0.312002 0.475173 -0.822719 0.315686 0.492780 -0.810870 -0.130794 -0.046520 -0.990318 0.130365 0.191455 -0.972805 -0.051666 0.017418 -0.998513 -0.058237 0.019604 -0.998110 -0.232251 0.789884 0.567576 -0.286081 0.799792 0.527722 0.566206 -0.814626 -0.125678 0.501913 -0.816394 -0.285630 -0.050396 -0.017047 -0.998584 -0.056847 -0.019157 -0.998199 -0.315702 0.925431 -0.209547 -0.315031 0.921548 -0.226948 0.058595 -0.513007 -0.856382 0.058595 -0.513007 -0.856382 0.058595 -0.513007 -0.856382 0.146612 -0.551062 -0.821484 0.146612 -0.551062 -0.821484 0.146612 -0.551062 -0.821484 -0.202913 -0.508187 -0.837002 -0.202913 -0.508187 -0.837002 -0.202913 -0.508187 -0.837002 -0.183321 -0.512297 -0.839014 -0.183321 -0.512297 -0.839014 -0.183321 -0.512297 -0.839014 0.225110 -0.004661 -0.974322 0.225110 -0.004661 -0.974322 0.225110 -0.004661 -0.974322 0.009990 0.174244 -0.984652 0.009990 0.174244 -0.984652 0.009990 0.174244 -0.984652 0.305392 0.085517 -0.948379 0.305392 0.085517 -0.948379 0.305392 0.085517 -0.948379 0.330764 -0.024221 -0.943403 0.330764 -0.024221 -0.943403 0.330764 -0.024221 -0.943403 
						-0.361713 0.194356 -0.911806 -0.361713 0.194356 -0.911806 -0.361713 0.194356 -0.911806 -0.341635 0.086529 -0.935841 -0.341635 0.086529 -0.935841 -0.341635 0.086529 -0.935841 -0.167087 0.056280 -0.984335 -0.167087 0.056280 -0.984335 -0.167087 0.056280 -0.984335 -0.442971 0.204362 -0.872933 -0.442971 0.204362 -0.872933 -0.442971 0.204362 -0.872933 0.151900 0.517748 -0.841940 0.151900 0.517749 -0.841940 0.151900 0.517748 -0.841940 0.032029 0.586005 -0.809674 0.032029 0.586005 -0.809674 0.032029 0.586005 -0.809674 0.349270 0.114442 -0.930007 0.349270 0.114442 -0.930007 0.349270 0.114442 -0.930007 0.168533 -0.046945 -0.984577 0.168533 -0.046945 -0.984577 0.168533 -0.046945 -0.984577 0.324654 0.000004 -0.945833 0.324654 0.000004 -0.945833 0.324654 0.000004 -0.945833 0.349229 0.114435 -0.930024 0.349229 0.114435 -0.930024 0.349229 0.114435 -0.930024 -0.346884 -0.110060 -0.931428 -0.346885 -0.110060 -0.931428 -0.346885 -0.110060 -0.931428 -0.324677 -0.000054 -0.945825 -0.324677 -0.000054 -0.945825 -0.324677 -0.000054 -0.945825 0.000000 0.319868 -0.947462 0.000000 0.319868 -0.947462 0.000000 0.319868 -0.947462 0.251624 0.273059 -0.928506 0.251624 0.273060 -0.928506 0.251624 0.273060 -0.928506 -0.303872 0.088449 -0.948598 -0.303872 0.088449 -0.948598 -0.303872 0.088449 -0.948598 -0.226982 0.347317 -0.909863 -0.226982 0.347317 -0.909863 -0.226982 0.347317 -0.909863 0.276881 -0.189220 -0.942089 0.276881 -0.189220 -0.942089 0.276881 -0.189220 -0.942089 0.341515 0.081995 -0.936293 0.341515 0.081995 -0.936293 0.341515 0.081995 -0.936293 -0.488715 0.828715 0.272744 -0.478602 0.873573 0.088378 -0.327716 0.939093 -0.103470 -0.237593 0.957223 -0.165146 -0.335025 0.941111 0.045486 -0.319719 0.941706 0.104738 -0.330787 0.910453 0.248305 0.783762 -0.589933 0.194157 0.692540 -0.670033 0.267293 0.607323 -0.768713 0.200599 
						0.601833 -0.784746 0.148229 0.553210 -0.792869 -0.255571 0.603983 -0.772902 -0.194494 0.729539 -0.683935 0.002383 
					</float_array>
					<technique_common>
						<accessor count="452" offset="0" source="#meshId4-tangents-array" stride="3">
							<param name="X" type="float" />
							<param name="Y" type="float" />
							<param name="Z" type="float" />
						</accessor>
					</technique_common>
				</source>
				<source id="meshId4-bitangents" name="meshId4-bitangents">
					<float_array id="meshId4-bitangents-array" count="1356"> 
						-0.987349 -0.158560 -0.000000 -0.987349 -0.158560 -0.000000 -0.987349 -0.158560 -0.000000 -0.987349 -0.158560 -0.000001 -0.987349 -0.158560 -0.000000 -1.000000 -0.000000 -0.000000 -1.000000 0.000000 -0.000000 -0.987349 -0.158560 -0.000001 -0.987349 -0.158560 -0.000001 -0.987349 -0.158560 -0.000001 -0.238569 0.971126 0.000001 -0.238569 0.971126 0.000001 -0.238569 0.971126 0.000001 -0.238567 0.971126 0.000001 -0.238567 0.971126 -0.000001 -0.238567 0.971126 -0.000001 -0.238567 0.971126 0.000018 -0.238567 0.971126 0.000018 -0.238567 0.971126 0.000018 -0.238577 0.971124 0.000000 -0.238577 0.971124 0.000000 -0.987349 0.158560 -0.000001 -0.987349 0.158560 -0.000001 -0.987349 0.158560 -0.000001 -0.987349 0.158560 -0.000001 0.238567 0.971126 -0.000000 0.238567 0.971126 -0.000000 0.238567 0.971126 -0.000000 0.238567 0.971126 -0.000000 0.706707 0.707506 0.001064 0.696392 0.717662 -0.000001 0.598437 0.799175 0.056510 0.627796 0.776973 -0.046748 0.715030 0.690099 0.111782 0.715030 0.690100 0.111782 0.715030 0.690099 0.111782 0.329973 0.943965 0.006888 0.354825 0.933516 -0.051459 0.998471 0.035649 -0.042235 0.997238 0.067128 0.031799 0.984327 0.142668 0.103667 0.998181 0.053520 -0.027764 0.986251 -0.064536 -0.152135 0.991074 -0.028169 -0.130301 0.998383 0.032887 -0.046360 0.998383 0.032887 -0.046360 0.998383 0.032887 -0.046360 0.998748 0.030891 -0.039354 0.998748 0.030891 -0.039354 0.998748 0.030891 -0.039354 0.601996 -0.784278 -0.150027 0.662231 -0.747858 -0.046466 0.361987 -0.931814 -0.026255 0.307844 -0.945624 -0.105009 0.655743 0.753975 -0.039028 0.627161 0.753373 0.197733 0.634798 0.750919 -0.182077 0.645326 0.692373 -0.322760 0.728225 0.589197 -0.350051 0.897309 0.382100 -0.220987 -0.964077 0.208865 0.164106 -0.981499 0.159864 0.105374 -1.000000 0.000001 -0.000001 -1.000000 -0.000424 -0.000398 
						0.761523 0.628920 0.156658 0.643199 0.743835 -0.181672 0.656246 0.750961 -0.073474 0.737108 0.615866 0.278175 0.726501 0.635978 0.260247 0.754216 0.642861 0.133743 0.747601 0.569340 0.341972 0.758627 0.610980 0.226247 -0.053657 0.977001 0.206372 0.037723 0.989088 0.142414 0.138815 0.987485 -0.074860 0.043231 0.997028 0.063768 0.926968 0.241069 0.287431 0.933404 0.308709 0.182908 0.928726 0.327888 0.173081 0.932603 0.221345 0.285058 0.915042 0.396858 0.072130 0.921985 0.322130 0.214888 0.914026 0.404153 -0.034880 0.924605 0.365776 0.106370 0.081236 0.947752 0.308491 0.025980 0.990546 0.134697 0.138878 0.988513 0.059626 0.139603 0.988683 0.054930 0.890251 0.404274 -0.209802 0.941161 0.337469 -0.018203 0.913635 0.364122 -0.180793 0.862404 0.350204 -0.365536 0.919535 0.380942 -0.096633 0.142845 -0.983803 -0.108290 0.031119 -0.981926 -0.186690 0.071936 -0.931120 -0.357548 0.103694 -0.979514 -0.172626 0.744283 0.662298 0.086044 0.759043 0.524696 0.385419 0.027937 -0.979376 -0.200104 -0.043046 -0.966342 -0.253632 0.137010 -0.989269 0.050740 0.057224 -0.983984 -0.168820 0.989369 -0.129924 -0.065331 0.997557 0.000000 -0.069856 0.997569 0.000000 -0.069693 0.986513 -0.151655 -0.061594 0.943149 0.328498 0.050590 0.931502 0.362994 0.023210 0.790998 0.451881 0.412464 0.756458 0.549243 0.355112 0.989544 0.130090 -0.062288 0.986375 0.151563 -0.063973 -0.965772 -0.200250 -0.164880 -0.980402 -0.171479 -0.096992 0.997835 -0.039298 -0.052743 0.997835 -0.039298 -0.052743 0.997835 -0.039298 -0.052743 0.987369 -0.094667 -0.127048 0.987369 -0.094667 -0.127048 0.987369 -0.094667 -0.127048 0.997835 -0.039299 -0.052742 0.998983 0.026940 0.036155 0.998983 0.026940 0.036155 0.998983 0.026940 0.036155 0.693165 -0.714337 -0.096151 0.703829 -0.704230 -0.093189 0.706758 -0.677614 -0.203304 
						0.706758 -0.677614 -0.203304 0.706758 -0.677614 -0.203304 0.229176 -0.956095 -0.182649 0.229176 -0.956095 -0.182649 0.229176 -0.956095 -0.182649 0.228803 -0.970997 -0.069389 0.228803 -0.970997 -0.069389 0.228803 -0.970997 -0.069389 0.237952 -0.968618 -0.071821 0.237952 -0.968618 -0.071821 0.237952 -0.968618 -0.071821 0.237951 -0.968618 -0.071820 -0.237951 -0.968618 -0.071820 -0.237951 -0.968618 -0.071820 -0.237951 -0.968618 -0.071820 -0.237951 -0.968618 -0.071821 0.237462 -0.970773 0.034795 0.237462 -0.970774 0.034795 0.237462 -0.970774 0.034795 0.228400 -0.971101 -0.069258 0.228400 -0.971101 -0.069258 0.228400 -0.971101 -0.069258 0.707361 -0.706704 0.014491 0.707361 -0.706704 0.014491 0.707361 -0.706704 0.014491 0.998317 0.038171 -0.043655 0.998317 0.038171 -0.043655 0.998317 0.038171 -0.043655 0.996707 0.050068 -0.063783 0.996707 0.050068 -0.063783 0.996707 0.050068 -0.063783 0.705486 0.700838 -0.105430 0.705486 0.700838 -0.105430 0.705486 0.700838 -0.105430 0.234285 0.966354 -0.106162 0.234285 0.966354 -0.106162 0.234285 0.966354 -0.106162 0.228949 0.973438 0.000000 0.228950 0.973438 0.000000 0.228950 0.973438 0.000000 0.233706 0.965705 0.113116 0.233706 0.965705 0.113116 0.233706 0.965705 0.113116 0.229354 0.973343 0.000024 0.229354 0.973343 0.000024 0.229354 0.973343 0.000024 -0.987349 0.158560 -0.000000 -0.987349 0.158560 -0.000001 -0.987349 0.158560 -0.000001 -0.987349 0.158560 -0.000000 -0.237952 -0.968618 -0.071820 -0.237952 -0.968618 -0.071820 -0.237951 -0.968618 -0.071817 -0.237962 -0.968614 -0.071837 -0.237962 -0.968614 -0.071838 -0.237962 -0.968614 -0.071837 0.913114 0.372385 0.165987 0.913605 0.406604 0.000000 0.913552 0.406722 0.000000 0.913453 0.406945 -0.000000 0.913561 0.406703 0.000000 0.913532 0.406766 0.000000 0.913542 0.406744 0.000000 0.894213 0.440823 0.077831 
						0.913543 0.406742 0.000000 0.882487 0.437808 0.171872 0.913557 0.406710 0.000000 0.913599 0.406615 0.000000 0.913568 0.406685 0.000000 0.913562 0.406700 0.000000 0.895941 0.444173 0.000000 0.921087 0.370091 0.120956 0.895699 0.444661 -0.000000 0.894154 0.447759 0.000000 0.912256 0.409621 0.000000 0.913570 0.406682 0.000000 0.913561 0.406701 0.000000 0.919951 0.354881 -0.166584 0.913590 0.406636 0.000000 0.913594 0.406627 0.000000 0.913540 0.406750 0.000000 0.919578 0.392908 -0.000001 0.920301 0.362723 -0.146557 0.920259 0.391310 -0.000003 0.920281 0.391258 -0.000000 0.923532 0.383521 -0.000000 0.913559 0.406706 0.000000 0.913538 0.406754 0.000000 0.913632 0.406542 0.000019 0.913550 0.406728 0.000000 0.931637 0.356795 -0.068928 0.913534 0.406762 0.000000 0.913545 0.406737 0.000000 0.913551 0.406723 0.000000 0.694519 0.719475 0.000000 0.694664 0.719334 0.000000 0.644389 0.753051 -0.132957 0.694657 0.719342 0.000000 0.684440 0.728944 -0.013496 0.694657 0.719342 0.000000 0.726282 0.675141 0.129228 0.694638 0.719359 0.000000 0.694622 0.719375 0.000000 0.694842 0.719162 0.000000 0.694663 0.719336 0.000000 0.694710 0.719290 0.000000 0.694655 0.719343 0.000000 0.694669 0.719330 0.000124 0.694999 0.719011 0.000003 0.726866 0.674784 0.127800 0.694207 0.719776 0.000000 0.699074 0.715049 0.000000 0.691511 0.722366 0.000000 0.694679 0.719320 0.000000 0.694667 0.719331 0.000000 0.729902 0.670428 -0.133305 0.694617 0.719380 0.000000 0.694614 0.719383 0.000000 0.694660 0.719338 0.000000 0.674683 0.738108 0.000000 0.729147 0.679042 -0.085126 0.670422 0.741980 0.000009 0.670427 0.741975 0.000011 0.670293 0.742097 0.000000 0.694783 0.719219 0.000000 0.694651 0.719347 0.000000 0.694672 0.719327 -0.000000 0.694662 0.719337 0.000000 
						0.671915 0.717500 -0.183640 0.694674 0.719325 0.000000 0.694647 0.719351 0.000000 0.694590 0.719406 0.000000 -0.988622 -0.142520 0.048115 -0.988622 -0.142520 0.048115 -0.988622 -0.142520 0.048115 -0.956064 -0.219239 -0.194616 -0.956064 -0.219239 -0.194616 -0.956064 -0.219239 -0.194616 -0.956064 -0.219239 0.194617 -0.956064 -0.219239 0.194617 -0.956064 -0.219239 0.194617 -0.988622 -0.142520 -0.048116 -0.988622 -0.142520 -0.048116 -0.988622 -0.142520 -0.048116 -0.296494 0.934995 0.194618 -0.296494 0.934995 0.194618 -0.296494 0.934995 0.194618 -0.214069 0.974052 -0.073473 -0.214069 0.974052 -0.073473 -0.214069 0.974051 -0.073473 -0.214093 0.974050 0.073425 -0.214093 0.974050 0.073425 -0.214093 0.974050 0.073425 -0.296502 0.934993 -0.194615 -0.296502 0.934993 -0.194615 -0.296502 0.934993 -0.194615 -0.956065 0.219238 0.194614 -0.956065 0.219238 0.194614 -0.956065 0.219238 0.194614 -0.988622 0.142520 -0.048116 -0.988622 0.142520 -0.048116 -0.988622 0.142520 -0.048116 0.754507 0.656127 0.014694 0.754507 0.656127 0.014694 0.754507 0.656127 0.014694 0.693739 0.638119 -0.333962 0.693739 0.638119 -0.333962 0.693739 0.638119 -0.333962 0.527164 0.847315 0.064459 0.257886 0.965457 -0.037242 0.336760 0.907962 -0.249396 0.604435 0.791782 -0.087975 0.988303 0.107490 0.108182 0.947307 0.226036 0.226973 0.951910 -0.165769 -0.257660 0.977964 -0.075524 -0.194635 0.974150 -0.025700 -0.224435 0.974150 -0.025700 -0.224435 0.974150 -0.025700 -0.224435 0.958542 -0.078690 -0.273872 0.958542 -0.078690 -0.273872 0.958542 -0.078690 -0.273872 0.656734 -0.753352 0.034081 0.361935 -0.925177 0.114241 0.245873 -0.968037 -0.049503 0.603755 -0.780822 -0.160617 0.632791 0.704897 0.320462 0.690536 0.699232 0.185026 0.873250 0.302113 -0.382311 0.893121 0.257035 -0.369146 -0.849234 0.406086 0.337486 -0.882334 0.357818 0.305703 
						0.767672 0.640431 0.022978 0.565677 0.758386 -0.323822 0.747233 0.664559 -0.002305 0.741703 0.662911 0.102105 -0.007550 0.929347 0.369129 0.226466 0.971019 -0.076386 0.065959 0.990792 0.118241 0.022675 0.847103 0.530944 0.907049 0.117891 0.404183 0.883289 0.161396 0.440173 0.899451 0.252910 0.356406 0.911496 0.314140 0.265503 0.153777 0.821605 0.548925 0.175197 0.978197 0.111519 0.087085 0.973409 0.211875 -0.128891 0.604996 0.785727 0.938472 0.299766 0.171495 0.882036 0.329756 -0.336563 0.812139 0.288166 -0.507337 0.891869 0.373392 -0.255240 0.205020 -0.948859 -0.240068 0.162939 -0.793959 -0.585731 -0.113870 -0.637505 -0.761985 0.094123 -0.979642 -0.177322 0.794852 0.525744 0.302992 0.742115 0.455229 0.491968 -0.049374 -0.872884 -0.485423 0.015962 -0.857207 -0.514725 0.219701 -0.975423 0.016804 0.075737 -0.980235 -0.182768 0.946298 -0.318666 -0.054523 0.945964 -0.318398 -0.061448 0.920401 0.367167 -0.134352 0.904441 0.407273 -0.126942 0.759866 0.456783 0.462551 0.804396 0.319242 0.501031 0.946293 0.318903 -0.053201 0.946039 0.318453 -0.059988 -0.883867 -0.367143 -0.289803 -0.858755 -0.378593 -0.345265 0.975995 -0.150816 0.157124 0.975995 -0.150816 0.157124 0.975995 -0.150816 0.157124 0.975161 -0.058869 0.213530 0.975161 -0.058869 0.213530 0.975161 -0.058869 0.213530 0.937549 0.145813 -0.315819 0.937549 0.145813 -0.315819 0.937549 0.145813 -0.315819 0.961448 0.084515 -0.261677 0.961448 0.084515 -0.261677 0.961448 0.084515 -0.261677 0.752520 -0.634366 0.176899 0.752520 -0.634366 0.176899 0.752520 -0.634366 0.176899 0.789778 -0.605334 -0.099107 0.789778 -0.605334 -0.099107 0.789778 -0.605334 -0.099107 0.233399 -0.972300 -0.012516 0.233399 -0.972300 -0.012516 0.233399 -0.972300 -0.012516 0.197664 -0.975718 0.094353 0.197664 -0.975718 0.094353 0.197664 -0.975718 0.094353 
						0.135677 -0.956642 -0.257736 0.135677 -0.956642 -0.257736 0.135677 -0.956642 -0.257736 0.176362 -0.972161 -0.154269 0.176362 -0.972161 -0.154269 0.176361 -0.972161 -0.154269 0.719131 -0.676032 -0.160722 0.719131 -0.676032 -0.160722 0.719131 -0.676032 -0.160722 0.630717 -0.620945 -0.465428 0.630717 -0.620945 -0.465428 0.630717 -0.620945 -0.465428 0.966566 0.100227 0.236019 0.966566 0.100227 0.236019 0.966566 0.100227 0.236019 0.992845 0.074585 0.093256 0.992845 0.074585 0.093256 0.992845 0.074585 0.093256 0.703590 0.623465 0.340957 0.703590 0.623466 0.340957 0.703590 0.623466 0.340957 0.772259 0.627019 0.102293 0.772259 0.627019 0.102293 0.772259 0.627019 0.102293 0.205385 0.976139 0.070502 0.205385 0.976139 0.070502 0.205385 0.976139 0.070502 0.165753 0.969319 0.181511 0.165753 0.969319 0.181511 0.165753 0.969319 0.181511 0.167537 0.969848 -0.176994 0.167537 0.969848 -0.176994 0.167537 0.969848 -0.176994 0.205954 0.976000 -0.070754 0.205954 0.976001 -0.070754 0.205954 0.976000 -0.070754 -0.988622 0.142520 0.048115 -0.988622 0.142520 0.048115 -0.988622 0.142520 0.048115 -0.956064 0.219239 -0.194617 -0.956064 0.219239 -0.194617 -0.956064 0.219239 -0.194617 -0.242662 -0.970028 -0.012713 -0.242662 -0.970028 -0.012713 -0.242662 -0.970028 -0.012713 -0.315757 -0.910026 -0.268608 -0.315757 -0.910026 -0.268608 -0.315757 -0.910026 -0.268608 -0.273062 -0.955494 0.111659 -0.273063 -0.955494 0.111659 -0.273062 -0.955494 0.111659 -0.185987 -0.970592 -0.152838 -0.185987 -0.970592 -0.152838 -0.185987 -0.970592 -0.152838 0.872443 0.464220 0.152782 0.859087 0.445101 0.252693 0.892518 0.343646 0.292094 0.911897 0.278374 0.301581 0.882037 0.330239 -0.336086 0.896065 0.336435 -0.289619 0.926105 0.363758 -0.100045 0.621061 0.744478 -0.245020 0.698198 0.715752 -0.014785 0.731551 0.639586 0.236141 
						0.725385 0.614788 0.309601 0.764540 0.605067 -0.222198 0.735090 0.634525 -0.238793 0.659442 0.702480 -0.267691 
					</float_array>
					<technique_common>
						<accessor count="452" offset="0" source="#meshId4-bitangents-array" stride="3">
							<param name="X" type="float" />
							<param name="Y" type="float" />
							<param name="Z" type="float" />
						</accessor>
					</technique_common>
				</source>
				<source id="meshId4-tex0" name="meshId4-tex0">
					<float_array id="meshId4-tex0-array" count="904"> 
						0.508631 0.756043 0.508631 0.786328 0.501332 0.786328 0.501332 0.756043 0.430885 0.786328 0.430885 0.756043 0.501332 0.756043 0.430885 0.756043 0.422775 0.786328 0.422775 0.756043 0.894532 0.627669 0.894532 0.603868 0.902748 0.603868 0.902748 0.627669 0.974125 0.603868 0.974125 0.627669 0.974125 0.627669 0.974125 0.603868 0.981521 0.603869 0.981521 0.603869 0.981521 0.627669 0.508631 0.725759 0.508631 0.756043 0.501332 0.756043 0.501332 0.725759 0.902748 0.603868 0.902748 0.580067 0.974125 0.580067 0.974125 0.603868 0.974125 0.580067 0.902748 0.580067 0.909339 0.570293 0.969604 0.571171 0.974125 0.580067 0.969604 0.571171 0.981521 0.580069 0.908905 0.560915 0.950830 0.555676 0.227930 0.575547 0.226896 0.590331 0.208950 0.582980 0.209560 0.574263 0.210169 0.565545 0.228964 0.560763 0.243043 0.576604 0.227930 0.575547 0.228964 0.560763 0.228964 0.560763 0.244872 0.550442 0.243043 0.576604 0.381140 0.069423 0.441341 0.072442 0.421515 0.086839 0.380057 0.078689 0.537184 0.614187 0.528151 0.605464 0.536494 0.603445 0.542219 0.608974 0.547944 0.614502 0.546218 0.622911 0.527961 0.573601 0.539331 0.570920 0.539331 0.580123 0.527961 0.580123 
						0.794116 0.551145 0.780266 0.568579 0.775834 0.564298 0.791229 0.548356 0.819665 0.518909 0.822568 0.521712 0.846841 0.490768 0.850597 0.494396 0.956266 0.493095 0.922998 0.493386 0.941900 0.463431 0.973844 0.463431 0.586482 0.365812 0.588536 0.361200 0.622701 0.376411 0.621114 0.379975 0.643069 0.385479 0.641189 0.389702 0.667456 0.396337 0.664997 0.401861 0.914357 0.528952 0.947505 0.516839 0.949568 0.541492 0.900145 0.550821 0.681274 0.402489 0.677900 0.410068 0.669916 0.390813 0.684648 0.394910 0.644949 0.381256 0.419266 0.100901 0.415488 0.125350 0.383266 0.110954 0.370614 0.088147 0.771401 0.560018 0.788341 0.545568 0.389405 0.147037 0.422572 0.149647 0.406171 0.178237 0.438038 0.180466 0.742406 0.638950 0.742073 0.643716 0.696105 0.640502 0.696439 0.635736 0.590590 0.356587 0.624288 0.372847 0.843084 0.487141 0.816763 0.516106 0.741739 0.648482 0.695772 0.645268 0.527961 0.586644 0.539331 0.589325 0.267758 0.340010 0.266812 0.353535 0.251283 0.352449 0.251283 0.352449 0.253058 0.327069 0.267758 0.340010 0.265867 0.367060 0.265867 0.367060 0.249508 0.377830 0.251283 0.352449 0.375251 0.059154 0.446454 0.064133 0.441341 0.072442 
						0.446454 0.064133 0.453832 0.064647 0.453832 0.064647 0.446454 0.064133 0.448115 0.040390 0.448115 0.040390 0.455492 0.040905 0.453832 0.064647 0.375251 0.059154 0.376912 0.035411 0.448115 0.040390 0.446454 0.064133 0.378572 0.011668 0.449775 0.016647 0.448115 0.040390 0.376912 0.035411 0.376912 0.035411 0.375251 0.059154 0.367055 0.058580 0.367055 0.058580 0.368715 0.034838 0.376912 0.035411 0.375251 0.059154 0.381140 0.069423 0.367055 0.058580 0.226896 0.590331 0.227930 0.575547 0.243043 0.576604 0.243043 0.576604 0.241213 0.602766 0.226896 0.590331 0.909339 0.570293 0.902748 0.580067 0.894532 0.580068 0.894532 0.580068 0.902748 0.580067 0.902748 0.603868 0.902748 0.603868 0.894532 0.603868 0.894532 0.580068 0.974125 0.603868 0.974125 0.580067 0.981521 0.580069 0.981521 0.580069 0.981521 0.603869 0.974125 0.603868 0.430885 0.725759 0.430885 0.756043 0.422775 0.756043 0.422775 0.725759 0.368715 0.034838 0.370375 0.011095 0.457152 0.017163 0.457152 0.017163 0.455492 0.040905 0.448115 0.040390 0.356891 0.292481 0.360665 0.284004 0.362980 0.284371 0.370627 0.285582 0.373110 0.284629 0.382012 0.279788 0.386885 0.273771 0.388670 0.274565 
						0.380339 0.281855 0.374870 0.295715 0.373420 0.284510 0.360354 0.283955 0.354336 0.279082 0.352270 0.277409 0.351372 0.275070 0.337896 0.277746 0.349495 0.270180 0.348542 0.267698 0.347477 0.256226 0.349753 0.260050 0.350169 0.257424 0.380719 0.238961 0.376945 0.247438 0.376700 0.247240 0.374074 0.246824 0.366426 0.245612 0.357059 0.234705 0.364087 0.246510 0.363944 0.246565 0.356715 0.249340 0.355042 0.251406 0.382718 0.252112 0.384784 0.253786 0.385856 0.256578 0.395153 0.250158 0.387301 0.271144 0.388512 0.263497 0.387559 0.261014 0.684303 0.521334 0.689020 0.529184 0.687662 0.530589 0.683662 0.520268 0.672508 0.510388 0.683533 0.512857 0.681697 0.494599 0.688371 0.501044 0.687921 0.501857 0.683481 0.509867 0.683502 0.511111 0.688524 0.500769 0.696374 0.496052 0.697440 0.495412 0.699946 0.495368 0.702041 0.481788 0.706597 0.495252 0.707840 0.495230 0.718986 0.498152 0.715850 0.499671 0.716938 0.500274 0.723839 0.535295 0.717165 0.528850 0.717434 0.528688 0.718037 0.527600 0.722477 0.519590 0.735932 0.514517 0.722455 0.518347 0.722433 0.517083 0.722295 0.509190 0.721655 0.508124 0.709584 0.533405 0.708518 0.534045 0.705528 0.534097 
						0.708380 0.545030 0.690107 0.529787 0.698117 0.534227 0.699361 0.534205 0.508631 0.786328 0.508631 0.756043 0.515024 0.756043 0.515024 0.756043 0.515024 0.786328 0.508631 0.786328 0.422775 0.756043 0.422775 0.786328 0.416383 0.786328 0.416383 0.786328 0.416383 0.756043 0.422775 0.756043 0.894532 0.603868 0.894532 0.627669 0.888055 0.627669 0.888055 0.627669 0.888055 0.603868 0.894532 0.603868 0.981521 0.627669 0.981521 0.603869 0.987998 0.603869 0.987998 0.603869 0.987998 0.627669 0.981521 0.627669 0.508631 0.756043 0.508631 0.725759 0.515024 0.725759 0.515024 0.725759 0.515024 0.756043 0.508631 0.756043 0.981521 0.580069 0.969604 0.571171 0.974125 0.569119 0.974125 0.569119 0.987998 0.580070 0.981521 0.580069 0.902748 0.569119 0.902352 0.561733 0.957263 0.554873 0.974125 0.569119 0.226388 0.597609 0.208441 0.590257 0.210678 0.558268 0.229473 0.553486 0.244872 0.550442 0.228964 0.560763 0.229473 0.553486 0.229473 0.553486 0.245380 0.543176 0.244872 0.550442 0.445691 0.075054 0.427875 0.088090 0.373577 0.077415 0.374488 0.070075 0.522889 0.600383 0.531855 0.598965 0.552583 0.618982 0.551479 0.627992 0.527961 0.566145 0.539331 0.563463 
						0.799128 0.555985 0.785334 0.573473 0.827565 0.526538 0.855594 0.499221 0.916318 0.493444 0.938234 0.456957 0.985208 0.456957 0.963833 0.493029 0.618382 0.386112 0.583750 0.371949 0.638454 0.395845 0.662261 0.408004 0.953811 0.514534 0.955969 0.540283 0.892332 0.552296 0.907043 0.531625 0.675083 0.416394 0.672651 0.384670 0.687465 0.388584 0.647684 0.375113 0.425568 0.102553 0.421618 0.128089 0.376157 0.107778 0.362923 0.086131 0.766333 0.555124 0.783329 0.540728 0.382745 0.146512 0.430116 0.150241 0.402063 0.184440 0.448923 0.187717 0.696882 0.629396 0.742849 0.632610 0.593322 0.350450 0.627020 0.366710 0.811766 0.511281 0.838087 0.482315 0.741296 0.654823 0.695329 0.651608 0.539331 0.596782 0.527961 0.594101 0.267758 0.340010 0.253058 0.327069 0.253551 0.320020 0.253551 0.320020 0.268309 0.332133 0.267758 0.340010 0.249508 0.377830 0.265867 0.367060 0.265316 0.374938 0.265316 0.374938 0.249015 0.384879 0.249508 0.377830 0.441341 0.072442 0.453832 0.064647 0.460293 0.065098 0.460293 0.065098 0.445691 0.075054 0.441341 0.072442 0.453832 0.064647 0.455492 0.040905 0.461953 0.041357 0.461953 0.041357 0.460293 0.065098 0.453832 0.064647 
						0.368715 0.034838 0.367055 0.058580 0.360594 0.058128 0.360594 0.058128 0.362254 0.034386 0.368715 0.034838 0.367055 0.058580 0.381140 0.069423 0.374488 0.070075 0.374488 0.070075 0.360594 0.058128 0.367055 0.058580 0.226896 0.590331 0.241213 0.602766 0.240705 0.610032 0.240705 0.610032 0.226388 0.597609 0.226896 0.590331 0.909339 0.570293 0.894532 0.580068 0.888055 0.580068 0.888055 0.580068 0.902748 0.569119 0.909339 0.570293 0.894532 0.580068 0.894532 0.603868 0.888055 0.603868 0.888055 0.603868 0.888055 0.580068 0.894532 0.580068 0.981521 0.603869 0.981521 0.580069 0.987998 0.580070 0.987998 0.580070 0.987998 0.603869 0.981521 0.603869 0.422775 0.725759 0.422775 0.756043 0.416383 0.756043 0.416383 0.756043 0.416383 0.725759 0.422775 0.725759 0.370375 0.011095 0.368715 0.034838 0.362254 0.034386 0.362254 0.034386 0.363914 0.010643 0.370375 0.011095 0.455492 0.040905 0.457152 0.017163 0.463613 0.017615 0.463613 0.017615 0.461953 0.041357 0.455492 0.040905 0.394548 0.277183 0.377890 0.302714 0.354230 0.298458 0.335235 0.283723 0.359720 0.228728 0.383380 0.232984 0.402375 0.247719 0.683192 0.535218 0.664898 0.510832 0.676991 0.490054 
						0.697334 0.477244 0.740638 0.519061 0.728545 0.539840 0.708202 0.552650 
					</float_array>
					<technique_common>
						<accessor count="452" offset="0" source="#meshId4-tex0-array" stride="2">
							<param name="S" type="float" />
							<param name="T" type="float" />
						</accessor>
					</technique_common>
				</source>
				<vertices id="meshId4-vertices">
					<input semantic="POSITION" source="#meshId4-positions" />
				</vertices>
				<polylist count="344" material="defaultMaterial">
					<input offset="0" semantic="VERTEX" source="#meshId4-vertices" />
					<input offset="0" semantic="NORMAL" source="#meshId4-normals" />
					<input offset="0" semantic="TANGENT" source="#meshId4-tangents" />
					<input offset="0" semantic="BINORMAL" source="#meshId4-bitangents" />
					<input offset="0" semantic="TEXCOORD" source="#meshId4-tex0" set="0" />
					<vcount>
						3 3 3 3 3 3 3 3 3 3 3 3 3 3 3 3 3 3 3 3 3 3 3 3 3 3 3 3 3 3 3 3 3 3 3 3 3 3 3 3 3 3 3 3 3 3 3 3 3 3 3 3 3 3 3 3 3 3 3 3 3 3 3 3 
						3 3 3 3 3 3 3 3 3 3 3 3 3 3 3 3 3 3 3 3 3 3 3 3 3 3 3 3 3 3 3 3 3 3 3 3 3 3 3 3 3 3 3 3 3 3 3 3 3 3 3 3 3 3 3 3 3 3 3 3 3 3 3 3 
						3 3 3 3 3 3 3 3 3 3 3 3 3 3 3 3 3 3 3 3 3 3 3 3 3 3 3 3 3 3 3 3 3 3 3 3 3 3 3 3 3 3 3 3 3 3 3 3 3 3 3 3 3 3 3 3 3 3 3 3 3 3 3 3 
						3 3 3 3 3 3 3 3 3 3 3 3 3 3 3 3 3 3 3 3 3 3 3 3 3 3 3 3 3 3 3 3 3 3 3 3 3 3 3 3 3 3 3 3 3 3 3 3 3 3 3 3 3 3 3 3 3 3 3 3 3 3 3 3 
						3 3 3 3 3 3 3 3 3 3 3 3 3 3 3 3 3 3 3 3 3 3 3 3 3 3 3 3 3 3 3 3 3 3 3 3 3 3 3 3 3 3 3 3 3 3 3 3 3 3 3 3 3 3 3 3 3 3 3 3 3 3 3 3 
						3 3 3 3 3 3 3 3 3 3 3 3 3 3 3 3 3 3 3 3 3 3 3 3 
					</vcount>
					<p>
						0 1 2 2 3 0 2 4 5 5 6 2 7 4 8 8 9 7 10 11 12 12 13 10 12 14 15 15 13 12 16 17 18 19 20 15 21 22 23 23 24 21 25 26 27 27 28 25 29 30 31 31 32 29 33 34 35 31 36 37 37 32 31 38 39 40 40 41 38 38 41 42 42 43 38 44 45 46 47 48 49 50 51 52 52 53 50 54 55 56 56 57 54 54 57 58 58 59 54 60 61 62 62 63 60 64 65 66 66 67 64 64 67 68 68 69 64 68 70 71 71 69 68 72 73 74 74 75 72 76 77 78 78 79 76 79 78 80 80 81 79 81 80 82 82 83 81 84 85 86 86 87 84 83 82 88 88 89 83 88 82 90 90 91 88 92 90 82 82 80 92 93 94 95 95 96 93 93 96 53 53 52 93 66 97 98 98 67 66 99 95 94 
						94 100 99 101 99 100 100 102 101 103 104 105 105 106 103 77 107 108 108 78 77 109 70 68 68 110 109 92 80 78 78 108 92 67 98 110 110 68 67 111 112 105 105 104 111 73 72 85 85 84 73 86 37 36 36 87 86 113 63 62 62 114 113 115 116 117 118 119 120 117 116 121 122 123 124 50 125 126 126 51 50 127 128 129 130 131 132 133 134 135 136 137 138 138 139 136 140 141 142 142 143 140 144 145 146 147 148 149 150 151 152 153 154 155 156 157 158 159 160 161 162 163 164 165 166 167 168 169 170 171 172 173 24 6 5 5 174 24 174 175 176 176 177 174 178 179 140 140 143 178 142 141 180 181 182 183 184 185 186 184 186 187 184 187 188 189 190 191 192 189 191 192 191 193 194 192 193 188 194 193 184 188 193 195 185 184 196 195 184 197 196 184 
						198 197 184 198 184 199 200 198 199 201 200 199 201 199 202 203 201 202 204 203 202 205 206 207 205 207 208 205 208 209 210 205 209 210 209 211 210 211 212 210 212 213 214 204 202 213 214 202 210 213 202 215 206 205 216 215 205 217 216 205 217 205 218 191 190 219 191 219 220 218 191 220 218 220 221 217 218 221 222 223 224 225 222 224 225 224 226 227 225 226 228 229 230 228 230 231 228 231 232 226 228 232 227 226 232 233 229 228 234 233 228 235 234 228 236 235 228 236 228 237 238 236 237 239 238 237 239 237 240 241 239 240 242 241 240 243 244 245 243 245 246 243 246 247 248 243 247 248 247 249 248 249 250 248 250 251 252 242 240 251 252 240 248 251 240 253 244 243 254 253 243 255 254 243 255 243 256 224 223 257 224 257 258 256 224 258 256 258 259 255 256 259 
						260 261 262 263 264 265 266 267 268 269 270 271 272 273 274 275 276 277 278 279 280 281 282 283 284 285 286 287 288 289 290 291 292 293 294 295 36 31 296 296 297 36 32 37 298 298 299 32 40 39 300 300 301 40 43 42 302 302 303 43 304 305 306 307 308 309 52 51 310 310 311 52 50 53 312 312 313 50 56 55 314 314 315 56 59 58 316 316 317 59 61 60 318 318 319 61 65 64 320 320 321 65 64 69 322 322 320 64 69 71 323 323 322 69 74 73 324 324 325 74 75 74 325 325 326 75 72 75 326 326 327 72 76 79 328 328 329 76 79 81 330 330 328 79 81 83 331 331 330 81 86 85 332 332 333 86 84 87 334 334 335 84 83 89 336 336 331 83 91 90 337 337 338 91 90 92 339 339 337 90 94 93 340 340 341 94 96 95 342 342 343 96 
						53 96 343 343 312 53 93 52 311 311 340 93 98 97 344 344 345 98 95 99 346 346 342 95 100 94 341 341 347 100 99 101 348 348 346 99 102 100 347 347 349 102 101 102 349 349 348 101 103 106 350 350 351 103 108 107 352 352 353 108 109 110 354 354 355 109 92 108 353 353 339 92 110 98 345 345 354 110 112 111 356 356 357 112 85 72 327 327 332 85 73 84 335 335 324 73 37 86 333 333 298 37 87 36 297 297 334 87 113 114 358 358 359 113 360 361 362 363 364 365 366 367 368 369 370 371 372 373 374 375 376 377 378 379 380 381 382 383 384 385 386 387 388 389 390 391 392 393 394 395 396 397 398 399 400 401 402 403 404 405 406 407 408 409 410 411 412 413 414 415 416 417 418 419 420 421 422 423 424 425 426 427 428 429 430 431 432 433 434 435 436 437 
						193 191 438 438 439 193 184 193 439 439 440 184 199 184 440 440 441 199 205 210 442 442 443 205 218 205 443 443 444 218 191 218 444 444 438 191 226 224 445 445 446 226 228 226 446 446 447 228 237 228 447 447 448 237 243 248 449 449 450 243 256 243 450 450 451 256 224 256 451 451 445 224 
					</p>
				</polylist>
			</mesh>
		</geometry>
		<geometry id="meshId5" name="meshId5_name" >
			<mesh>
				<source id="meshId5-positions" name="meshId5-positions">
					<float_array id="meshId5-positions-array" count="426"> 
						-0.884067 6.915266 7.691795 -0.000000 6.915266 7.404545 -0.000000 6.464958 7.404545 -0.000000 6.464958 7.404545 -0.884067 6.464958 7.691795 -0.884067 6.915266 7.691795 -0.000000 6.915266 7.404545 0.884067 6.915266 7.691795 0.884067 6.464958 7.691795 -0.000000 6.464958 7.404545 0.884067 6.915266 7.691795 1.430451 6.915266 8.443829 1.430451 6.464957 8.443825 0.884067 6.464958 7.691795 1.430451 6.915266 8.443829 1.430451 6.915266 9.373390 1.430451 6.464956 9.373390 1.430451 6.464957 8.443825 1.430451 6.915266 9.373390 0.884067 6.915266 10.125423 0.884067 6.464956 10.125423 1.430451 6.464956 9.373390 0.884067 6.915266 10.125423 -0.000000 6.915266 10.412674 -0.000000 6.464957 10.412674 -0.000000 6.464957 10.412674 0.884067 6.464956 10.125423 0.884067 6.915266 10.125423 -0.000000 6.915266 10.412674 -0.884067 6.915266 10.125423 -0.884067 6.464956 10.125423 -0.884067 6.464956 10.125423 -0.000000 6.464957 10.412674 -0.000000 6.915266 10.412674 -0.884067 6.915266 10.125423 -1.430451 6.915266 9.373390 -1.430451 6.464957 9.373390 -0.884067 6.464956 10.125423 -1.430451 6.915266 9.373390 -1.430451 6.915266 8.443829 -1.430451 6.464958 8.443825 -1.430451 6.464957 9.373390 -1.430451 6.915266 8.443829 -0.884067 6.915266 7.691795 -0.884067 6.464958 7.691795 -0.884067 6.464958 7.691795 -1.430451 6.464958 8.443825 -1.430451 6.915266 8.443829 -1.125541 8.808017 9.274319 -1.125541 8.808017 8.542900 -1.430451 6.915266 8.443829 -1.430451 6.915266 8.443829 -1.430451 6.915266 9.373390 -1.125541 8.808017 9.274319 -1.125541 8.808017 8.542900 -0.695623 8.808019 7.951168 -0.884067 6.915266 7.691795 -0.884067 6.915266 7.691795 -1.430451 6.915266 8.443829 -1.125541 8.808017 8.542900 -1.356545 8.043432 5.468884 -1.473626 6.867464 5.307732 -0.884067 6.915266 7.691795 -0.695623 8.808019 7.951168 
						-1.356545 8.043432 5.468884 -0.924353 8.043433 5.328453 -0.924354 6.867464 5.129265 -1.473626 6.867464 5.307732 0.000000 8.808018 7.725147 -0.000000 6.915266 7.404545 -0.924354 6.867464 5.129265 -0.924353 8.043433 5.328453 -0.924353 8.043433 5.328453 -1.356545 8.043432 5.468884 -0.695623 8.808019 7.951168 0.000000 8.808018 7.725147 0.695623 8.808017 7.951168 0.000000 8.808018 7.725147 -0.695623 8.808019 7.951168 -1.125541 8.808017 8.542900 -1.125541 8.808017 9.274319 -0.695622 8.808017 9.866055 0.000000 8.808017 10.092075 0.695623 8.808017 9.866055 1.125542 8.808016 9.274319 1.125542 8.808017 8.542900 -0.884067 6.915266 10.125423 -0.000000 6.915266 10.412674 0.000000 8.808017 10.092075 -0.695622 8.808017 9.866055 0.884067 6.915266 10.125423 1.430451 6.915266 9.373390 1.125542 8.808016 9.274319 0.695623 8.808017 9.866055 1.356545 8.043429 12.348335 1.473625 6.867459 12.509483 0.884067 6.915266 10.125423 0.695623 8.808017 9.866055 1.356545 8.043429 12.348335 0.924354 8.043429 12.488766 0.924353 6.867458 12.687954 0.924353 6.867458 12.687954 1.473625 6.867459 12.509483 1.356545 8.043429 12.348335 0.000000 8.808017 10.092075 -0.000000 6.915266 10.412674 0.924353 6.867458 12.687954 0.924354 8.043429 12.488766 -0.000000 6.915266 10.412674 0.884067 6.915266 10.125423 1.473625 6.867459 12.509483 1.473625 6.867459 12.509483 0.924353 6.867458 12.687954 -0.000000 6.915266 10.412674 0.695623 8.808017 9.866055 0.000000 8.808017 10.092075 0.924354 8.043429 12.488766 1.356545 8.043429 12.348335 1.430451 6.915266 8.443829 0.884067 6.915266 7.691795 0.695623 8.808017 7.951168 1.125542 8.808017 8.542900 1.430451 6.915266 9.373390 1.430451 6.915266 8.443829 1.125542 8.808017 8.542900 1.125542 8.808016 9.274319 0.884067 6.915266 7.691795 -0.000000 6.915266 7.404545 
						0.000000 8.808018 7.725147 0.695623 8.808017 7.951168 -0.000000 6.915266 7.404545 -0.884067 6.915266 7.691795 -1.473626 6.867464 5.307732 -1.473626 6.867464 5.307732 -0.924354 6.867464 5.129265 -0.000000 6.915266 7.404545 -1.430451 6.915266 9.373390 -0.884067 6.915266 10.125423 -0.695622 8.808017 9.866055 -0.695622 8.808017 9.866055 -1.125541 8.808017 9.274319 -1.430451 6.915266 9.373390 
					</float_array>
					<technique_common>
						<accessor count="142" offset="0" source="#meshId5-positions-array" stride="3">
							<param name="X" type="float" />
							<param name="Y" type="float" />
							<param name="Z" type="float" />
						</accessor>
					</technique_common>
				</source>
				<source id="meshId5-normals" name="meshId5-normals">
					<float_array id="meshId5-normals-array" count="426"> 
						-0.309017 0.000001 -0.951057 -0.309017 0.000001 -0.951057 -0.309017 0.000001 -0.951057 -0.309017 0.000001 -0.951057 -0.309017 0.000001 -0.951057 -0.309017 0.000001 -0.951057 0.309017 -0.000000 -0.951057 0.309017 -0.000000 -0.951057 0.309017 -0.000000 -0.951057 0.309017 0.000001 -0.951057 0.809017 0.000000 -0.587785 0.809017 0.000000 -0.587785 0.809017 0.000000 -0.587785 0.809017 -0.000000 -0.587785 1.000000 0.000000 -0.000000 1.000000 0.000000 -0.000000 1.000000 0.000000 -0.000000 1.000000 0.000000 -0.000000 0.809017 -0.000000 0.587785 0.809017 -0.000000 0.587785 0.809017 -0.000000 0.587785 0.809017 0.000000 0.587785 0.309017 -0.000000 0.951057 0.309017 -0.000000 0.951057 0.309017 -0.000000 0.951057 0.309017 -0.000000 0.951057 0.309017 -0.000000 0.951057 0.309017 -0.000000 0.951057 -0.309016 -0.000002 0.951057 -0.309016 -0.000002 0.951057 -0.309016 -0.000002 0.951057 -0.309017 0.000000 0.951057 -0.309017 0.000000 0.951057 -0.309017 0.000000 0.951057 -0.809017 -0.000000 0.587785 -0.809017 0.000000 0.587785 -0.809017 0.000000 0.587785 -0.809017 -0.000001 0.587786 -1.000000 0.000000 0.000000 -1.000000 0.000000 0.000000 -1.000000 0.000000 0.000000 -1.000000 0.000000 0.000000 -0.809017 0.000001 -0.587785 -0.809017 0.000001 -0.587785 -0.809017 0.000001 -0.587785 -0.809017 0.000000 -0.587785 -0.809017 0.000000 -0.587785 -0.809017 0.000000 -0.587785 -0.987272 0.159043 0.000000 -0.987272 0.159043 0.000000 -0.987272 0.159043 0.000000 -0.987272 0.159043 0.000000 -0.987272 0.159043 0.000000 -0.987272 0.159043 0.000000 -0.798719 0.159043 -0.580304 -0.798719 0.159043 -0.580304 -0.798719 0.159043 -0.580304 -0.798720 0.159043 -0.580304 -0.798720 0.159043 -0.580304 -0.798720 0.159043 -0.580304 -0.969077 0.063819 0.238365 -0.969077 0.063819 0.238365 -0.969077 0.063819 0.238365 -0.969077 0.063818 0.238365 
						-0.305084 0.159043 -0.938951 -0.305084 0.159043 -0.938951 -0.305084 0.159043 -0.938951 -0.305084 0.159043 -0.938951 0.924107 0.063818 -0.376768 0.924107 0.063818 -0.376768 0.924107 0.063818 -0.376768 0.924107 0.063818 -0.376768 -0.088276 0.958331 -0.271678 -0.088276 0.958331 -0.271678 -0.088276 0.958331 -0.271678 -0.088274 0.958331 -0.271679 0.000000 1.000000 0.000001 0.000001 1.000000 0.000002 0.000000 1.000000 0.000001 -0.000002 1.000000 0.000000 0.000000 1.000000 0.000000 0.000002 1.000000 -0.000001 0.000001 1.000000 0.000000 0.000000 1.000000 0.000000 0.000000 1.000000 0.000001 -0.000002 1.000000 0.000001 -0.305083 0.159042 0.938952 -0.305083 0.159042 0.938952 -0.305083 0.159042 0.938952 -0.305083 0.159042 0.938952 0.798720 0.159042 0.580304 0.798720 0.159042 0.580304 0.798720 0.159042 0.580304 0.798720 0.159042 0.580303 0.969077 0.063818 -0.238365 0.969077 0.063818 -0.238365 0.969077 0.063818 -0.238365 0.969077 0.063818 -0.238365 0.305084 0.159042 0.938951 0.305084 0.159042 0.938951 0.305084 0.159042 0.938951 0.305086 0.159041 0.938951 0.305086 0.159041 0.938951 0.305086 0.159041 0.938951 -0.924107 0.063818 0.376768 -0.924107 0.063818 0.376768 -0.924107 0.063818 0.376768 -0.924107 0.063818 0.376768 -0.006030 -0.999810 -0.018558 -0.006030 -0.999810 -0.018558 -0.006030 -0.999810 -0.018558 -0.006029 -0.999810 -0.018558 -0.006029 -0.999810 -0.018558 -0.006029 -0.999810 -0.018558 0.088274 0.958331 0.271679 0.088274 0.958331 0.271679 0.088274 0.958331 0.271679 0.088274 0.958331 0.271679 0.798720 0.159043 -0.580304 0.798720 0.159043 -0.580304 0.798720 0.159043 -0.580304 0.798720 0.159043 -0.580304 0.987272 0.159043 -0.000000 0.987272 0.159043 -0.000000 0.987272 0.159043 -0.000000 0.987272 0.159043 -0.000000 0.305083 0.159043 -0.938951 0.305083 0.159043 -0.938951 
						0.305083 0.159043 -0.938951 0.305084 0.159043 -0.938951 0.006029 -0.999810 0.018556 0.006029 -0.999810 0.018556 0.006029 -0.999810 0.018556 0.006029 -0.999810 0.018556 0.006029 -0.999810 0.018556 0.006029 -0.999810 0.018556 -0.798720 0.159043 0.580304 -0.798720 0.159043 0.580304 -0.798720 0.159043 0.580304 -0.798720 0.159043 0.580304 -0.798720 0.159043 0.580304 -0.798720 0.159043 0.580304 
					</float_array>
					<technique_common>
						<accessor count="142" offset="0" source="#meshId5-normals-array" stride="3">
							<param name="X" type="float" />
							<param name="Y" type="float" />
							<param name="Z" type="float" />
						</accessor>
					</technique_common>
				</source>
				<source id="meshId5-tangents" name="meshId5-tangents">
					<float_array id="meshId5-tangents-array" count="426"> 
						-0.403234 0.905669 0.131020 -0.403234 0.905669 0.131020 -0.403234 0.905669 0.131020 -0.403276 0.905648 0.131033 -0.403276 0.905648 0.131033 -0.403276 0.905648 0.131033 -0.403229 0.905672 -0.131017 -0.403229 0.905672 -0.131017 -0.403229 0.905672 -0.131017 -0.403229 0.905672 -0.131016 -0.587785 0.000001 -0.809017 -0.587785 0.000001 -0.809017 -0.587785 0.000001 -0.809017 -0.587785 0.000001 -0.809017 -0.000000 -0.000000 -1.000000 -0.000000 -0.000000 -1.000000 -0.000000 -0.000000 -1.000000 -0.000000 0.000001 -1.000000 0.587785 -0.000000 -0.809017 0.587785 -0.000000 -0.809017 0.587785 -0.000000 -0.809017 0.587785 -0.000000 -0.809017 0.700452 -0.676439 -0.227591 0.700452 -0.676439 -0.227591 0.700452 -0.676439 -0.227590 0.700478 -0.676409 -0.227599 0.700478 -0.676409 -0.227599 0.700478 -0.676409 -0.227599 0.700444 -0.676449 0.227586 0.700444 -0.676449 0.227586 0.700444 -0.676449 0.227586 0.700470 -0.676418 0.227596 0.700470 -0.676418 0.227596 0.700470 -0.676418 0.227596 -0.586847 0.056488 -0.807725 -0.586847 0.056488 -0.807725 -0.586847 0.056488 -0.807725 -0.586847 0.056479 -0.807725 0.000000 0.069758 -0.997564 0.000000 0.069744 -0.997565 0.000000 0.069749 -0.997565 0.000000 0.069764 -0.997564 0.586847 0.056487 -0.807725 0.586847 0.056487 -0.807725 0.586847 0.056487 -0.807725 0.586847 0.056477 -0.807726 0.586847 0.056477 -0.807726 0.586847 0.056477 -0.807726 0.011238 0.069758 -0.997501 0.011238 0.069758 -0.997501 0.011238 0.069758 -0.997501 0.011235 0.069740 -0.997502 0.011235 0.069740 -0.997502 0.011235 0.069740 -0.997502 0.594148 0.056104 -0.802397 0.594148 0.056104 -0.802397 0.594148 0.056104 -0.802397 0.594148 0.056114 -0.802396 0.594148 0.056114 -0.802396 0.594148 0.056114 -0.802396 -0.234089 0.067814 -0.969847 -0.234089 0.067814 -0.969847 -0.234089 0.067814 -0.969847 -0.234088 0.067819 -0.969847 
						-0.390955 0.878126 0.275770 -0.390955 0.878126 0.275770 -0.390955 0.878126 0.275770 -0.390954 0.878127 0.275769 -0.377537 -0.000002 -0.925994 -0.377537 -0.000002 -0.925994 -0.377537 -0.000002 -0.925994 -0.377537 -0.000002 -0.925994 -0.000003 -0.272743 -0.962087 -0.000003 -0.272744 -0.962087 -0.000003 -0.272744 -0.962087 -0.000004 -0.272744 -0.962087 0.000009 0.000001 -1.000000 0.000058 0.000002 -1.000000 0.000017 0.000001 -1.000000 -0.000000 0.000000 -1.000000 -0.000005 0.000000 -1.000000 -0.000022 -0.000001 -1.000000 -0.000014 0.000000 -1.000000 0.000037 0.000000 -1.000000 -0.000002 0.000001 -1.000000 -0.000000 0.000001 -1.000000 0.678663 -0.655372 0.331519 0.678663 -0.655372 0.331519 0.678663 -0.655372 0.331519 0.678663 -0.655371 0.331519 0.587785 -0.000000 -0.809017 0.587785 -0.000000 -0.809017 0.587785 -0.000000 -0.809017 0.587785 -0.000000 -0.809017 -0.238852 0.000002 -0.971056 -0.238852 0.000002 -0.971056 -0.238852 0.000002 -0.971056 -0.238852 0.000002 -0.971056 0.714564 -0.690003 -0.115301 0.714564 -0.690003 -0.115301 0.714564 -0.690003 -0.115301 0.714530 -0.690041 -0.115286 0.714530 -0.690041 -0.115286 0.714530 -0.690041 -0.115286 -0.372910 0.064720 -0.925608 -0.372910 0.064720 -0.925608 -0.372910 0.064720 -0.925608 -0.372910 0.064721 -0.925608 -0.069742 0.018933 -0.997385 -0.069742 0.018933 -0.997385 -0.069742 0.018933 -0.997385 -0.069755 0.018934 -0.997385 -0.069755 0.018934 -0.997385 -0.069755 0.018934 -0.997385 -0.000003 0.272744 -0.962087 -0.000003 0.272744 -0.962087 -0.000003 0.272744 -0.962087 -0.000002 0.272744 -0.962087 -0.587785 0.000001 -0.809017 -0.587785 0.000001 -0.809017 -0.587785 0.000001 -0.809017 -0.587785 -0.000000 -0.809017 -0.000000 -0.000000 -1.000000 -0.000000 -0.000000 -1.000000 -0.000000 -0.000000 -1.000000 -0.000000 0.000001 -1.000000 -0.406637 0.913311 0.022576 -0.406637 0.913311 0.022576 
						-0.406637 0.913311 0.022576 -0.406637 0.913311 0.022576 -0.069737 -0.018932 -0.997386 -0.069737 -0.018932 -0.997386 -0.069737 -0.018932 -0.997386 -0.069759 -0.018932 -0.997384 -0.069759 -0.018932 -0.997384 -0.069759 -0.018932 -0.997384 -0.579399 0.056860 -0.813058 -0.579399 0.056860 -0.813058 -0.579399 0.056860 -0.813058 -0.579403 0.056836 -0.813057 -0.579403 0.056836 -0.813057 -0.579403 0.056836 -0.813057 
					</float_array>
					<technique_common>
						<accessor count="142" offset="0" source="#meshId5-tangents-array" stride="3">
							<param name="X" type="float" />
							<param name="Y" type="float" />
							<param name="Z" type="float" />
						</accessor>
					</technique_common>
				</source>
				<source id="meshId5-bitangents" name="meshId5-bitangents">
					<float_array id="meshId5-bitangents-array" count="426"> 
						0.861343 0.423985 -0.279867 0.861343 0.423985 -0.279867 0.861343 0.423985 -0.279867 0.861323 0.424030 -0.279860 0.861323 0.424030 -0.279860 0.861323 0.424030 -0.279860 0.861345 0.423980 0.279868 0.861345 0.423980 0.279868 0.861345 0.423980 0.279868 0.861345 0.423980 0.279868 0.000000 1.000000 0.000001 0.000000 1.000000 0.000001 0.000000 1.000000 0.000001 0.000000 1.000000 0.000000 -0.000000 1.000000 -0.000000 -0.000000 1.000000 -0.000000 -0.000000 1.000000 -0.000000 0.000000 1.000000 0.000001 0.000000 1.000000 -0.000000 0.000000 1.000000 -0.000000 0.000000 1.000000 -0.000000 0.000000 1.000000 -0.000000 0.643331 0.736499 -0.209031 0.643331 0.736499 -0.209031 0.643331 0.736499 -0.209031 0.643303 0.736527 -0.209022 0.643303 0.736527 -0.209022 0.643303 0.736527 -0.209021 0.643341 0.736489 0.209035 0.643341 0.736489 0.209035 0.643341 0.736489 0.209035 0.643312 0.736518 0.209025 0.643312 0.736518 0.209025 0.643312 0.736518 0.209025 -0.033203 -0.998403 -0.045700 -0.033203 -0.998403 -0.045700 -0.033203 -0.998403 -0.045700 -0.033197 -0.998404 -0.045693 -0.000000 -0.997564 -0.069758 -0.000000 -0.997565 -0.069744 -0.000000 -0.997565 -0.069749 -0.000000 -0.997564 -0.069764 0.033202 -0.998403 -0.045699 0.033202 -0.998403 -0.045699 0.033202 -0.998403 -0.045699 0.033196 -0.998404 -0.045691 0.033196 -0.998404 -0.045691 0.033196 -0.998404 -0.045691 -0.158645 -0.984804 -0.070658 -0.158645 -0.984804 -0.070658 -0.158645 -0.984804 -0.070658 -0.158646 -0.984805 -0.070639 -0.158646 -0.984805 -0.070639 -0.158646 -0.984805 -0.070639 -0.095058 -0.985676 -0.139307 -0.095058 -0.985676 -0.139307 -0.095058 -0.985676 -0.139307 -0.095052 -0.985676 -0.139315 -0.095052 -0.985676 -0.139315 -0.095052 -0.985676 -0.139315 -0.078059 -0.995655 -0.050777 -0.078059 -0.995655 -0.050777 -0.078059 -0.995655 -0.050777 -0.078060 -0.995654 -0.050783 
						0.868376 0.451221 -0.205724 0.868376 0.451221 -0.205724 0.868376 0.451221 -0.205724 0.868377 0.451219 -0.205724 -0.059096 0.997962 0.024092 -0.059096 0.997962 0.024092 -0.059096 0.997962 0.024092 -0.059096 0.997962 0.024092 -0.996096 -0.084928 0.024080 -0.996096 -0.084928 0.024080 -0.996096 -0.084928 0.024080 -0.996096 -0.084926 0.024080 -1.000000 0.000000 -0.000009 -1.000000 0.000001 -0.000058 -1.000000 0.000000 -0.000017 -1.000000 -0.000002 0.000000 -1.000000 0.000000 0.000005 -1.000000 0.000002 0.000022 -1.000000 0.000001 0.000014 -1.000000 0.000000 -0.000037 -1.000000 0.000000 0.000002 -1.000000 -0.000002 0.000000 0.668088 0.738372 0.092007 0.668088 0.738372 0.092007 0.668088 0.738372 0.092007 0.668087 0.738373 0.092006 -0.128668 0.987272 -0.093483 -0.128668 0.987272 -0.093483 -0.128668 0.987272 -0.093483 -0.128668 0.987272 -0.093483 -0.061971 0.997962 0.015245 -0.061971 0.997962 0.015245 -0.061971 0.997962 0.015245 -0.061971 0.997962 0.015245 0.629542 0.706117 -0.324155 0.629542 0.706117 -0.324155 0.629542 0.706117 -0.324155 0.629579 0.706080 -0.324161 0.629579 0.706080 -0.324161 0.629579 0.706080 -0.324161 -0.083455 -0.995861 -0.036009 -0.083455 -0.995861 -0.036009 -0.083455 -0.995861 -0.036009 -0.083455 -0.995861 -0.036011 0.997547 -0.004720 -0.069843 0.997547 -0.004720 -0.069843 0.997547 -0.004720 -0.069843 0.997546 -0.004719 -0.069855 0.997546 -0.004719 -0.069855 0.997546 -0.004719 -0.069855 -0.996096 0.084926 0.024079 -0.996096 0.084926 0.024079 -0.996096 0.084926 0.024079 -0.996096 0.084927 0.024078 -0.128668 0.987272 0.093484 -0.128668 0.987272 0.093484 -0.128668 0.987272 0.093484 -0.128668 0.987272 0.093483 -0.159043 0.987272 -0.000000 -0.159043 0.987272 -0.000000 -0.159043 0.987272 -0.000000 -0.159043 0.987272 0.000001 0.861145 0.374925 0.343309 0.861145 0.374925 0.343309 
						0.861145 0.374925 0.343309 0.861145 0.374925 0.343309 0.997547 0.004719 -0.069838 0.997547 0.004719 -0.069838 0.997547 0.004719 -0.069838 0.997546 0.004719 -0.069860 0.997546 0.004719 -0.069860 0.997546 0.004719 -0.069860 -0.162307 -0.985633 0.046734 -0.162307 -0.985633 0.046734 -0.162307 -0.985633 0.046734 -0.162293 -0.985634 0.046754 -0.162293 -0.985634 0.046754 -0.162293 -0.985634 0.046754 
					</float_array>
					<technique_common>
						<accessor count="142" offset="0" source="#meshId5-bitangents-array" stride="3">
							<param name="X" type="float" />
							<param name="Y" type="float" />
							<param name="Z" type="float" />
						</accessor>
					</technique_common>
				</source>
				<source id="meshId5-tex0" name="meshId5-tex0">
					<float_array id="meshId5-tex0-array" count="284"> 
						0.464747 0.437932 0.462269 0.443497 0.459435 0.442235 0.459435 0.442235 0.461912 0.436670 0.464747 0.437932 0.462269 0.443497 0.459791 0.449063 0.456957 0.447800 0.459435 0.442235 0.724203 0.662999 0.718904 0.662999 0.718904 0.659826 0.724203 0.659826 0.718904 0.662999 0.712354 0.662999 0.712354 0.659826 0.718904 0.659826 0.712354 0.662999 0.707055 0.662999 0.707055 0.659826 0.712354 0.659826 0.230404 0.538657 0.226021 0.534425 0.228177 0.532193 0.228177 0.532193 0.232559 0.536425 0.230404 0.538657 0.226021 0.534425 0.221639 0.530193 0.223795 0.527961 0.223795 0.527961 0.228177 0.532193 0.226021 0.534425 0.259380 0.622286 0.264666 0.622655 0.264445 0.625820 0.259159 0.625451 0.264666 0.622655 0.271200 0.623112 0.270979 0.626277 0.264445 0.625820 0.271200 0.623112 0.276486 0.623482 0.276265 0.626647 0.276265 0.626647 0.270979 0.626277 0.271200 0.623112 0.266293 0.609400 0.271434 0.609759 0.271200 0.623112 0.271200 0.623112 0.264666 0.622655 0.266293 0.609400 0.271434 0.609759 0.275593 0.610050 0.276486 0.623482 0.276486 0.623482 0.271200 0.623112 0.271434 0.609759 0.292665 0.616644 0.293220 0.624989 0.276486 0.623482 0.275593 0.610050 
						0.866194 0.846421 0.864989 0.849128 0.857624 0.845849 0.859156 0.842409 0.756189 0.987840 0.758431 0.974609 0.774337 0.974274 0.772944 0.982495 0.663214 0.579083 0.662252 0.582042 0.645254 0.577516 0.646801 0.572753 0.645254 0.567989 0.646801 0.572753 0.645254 0.577516 0.641201 0.580460 0.636193 0.580460 0.632141 0.577516 0.630593 0.572753 0.632141 0.567989 0.636193 0.565045 0.641201 0.565045 0.221639 0.530193 0.226021 0.534425 0.216961 0.543807 0.213513 0.540477 0.707055 0.662999 0.712354 0.662999 0.713052 0.676336 0.708883 0.676336 0.691392 0.670949 0.690257 0.662662 0.707055 0.662999 0.708883 0.676336 0.519949 0.652468 0.517818 0.650410 0.523418 0.644611 0.523418 0.644611 0.526126 0.647227 0.519949 0.652468 0.754952 0.974274 0.751793 0.987317 0.735902 0.986541 0.737865 0.978438 0.528384 0.634468 0.529890 0.640510 0.513682 0.643336 0.513682 0.643336 0.512746 0.639582 0.528384 0.634468 0.632141 0.567989 0.630593 0.572753 0.614181 0.566423 0.615143 0.563463 0.718904 0.662999 0.724203 0.662999 0.722375 0.676336 0.718206 0.676336 0.712354 0.662999 0.718904 0.662999 0.718206 0.676336 0.713052 0.676336 0.459791 0.449063 0.462269 0.443497 
						0.474184 0.448802 0.472235 0.453181 0.580185 0.247740 0.578678 0.241698 0.594887 0.238872 0.594887 0.238872 0.595823 0.242626 0.580185 0.247740 0.264666 0.622655 0.259380 0.622286 0.262134 0.609109 0.262134 0.609109 0.266293 0.609400 0.264666 0.622655 
					</float_array>
					<technique_common>
						<accessor count="142" offset="0" source="#meshId5-tex0-array" stride="2">
							<param name="S" type="float" />
							<param name="T" type="float" />
						</accessor>
					</technique_common>
				</source>
				<vertices id="meshId5-vertices">
					<input semantic="POSITION" source="#meshId5-positions" />
				</vertices>
				<polylist count="64" material="defaultMaterial">
					<input offset="0" semantic="VERTEX" source="#meshId5-vertices" />
					<input offset="0" semantic="NORMAL" source="#meshId5-normals" />
					<input offset="0" semantic="TANGENT" source="#meshId5-tangents" />
					<input offset="0" semantic="BINORMAL" source="#meshId5-bitangents" />
					<input offset="0" semantic="TEXCOORD" source="#meshId5-tex0" set="0" />
					<vcount>
						3 3 3 3 3 3 3 3 3 3 3 3 3 3 3 3 3 3 3 3 3 3 3 3 3 3 3 3 3 3 3 3 3 3 3 3 3 3 3 3 3 3 3 3 3 3 3 3 3 3 3 3 3 3 3 3 3 3 3 3 3 3 3 3 
					</vcount>
					<p>
						0 1 2 3 4 5 6 7 8 8 9 6 10 11 12 12 13 10 14 15 16 16 17 14 18 19 20 20 21 18 22 23 24 25 26 27 28 29 30 31 32 33 34 35 36 36 37 34 38 39 40 40 41 38 42 43 44 45 46 47 48 49 50 51 52 53 54 55 56 57 58 59 60 61 62 62 63 60 64 65 66 66 67 64 68 69 70 70 71 68 72 73 74 74 75 72 76 77 78 78 79 80 76 78 80 80 81 82 82 83 84 80 82 84 76 80 84 76 84 85 86 87 88 88 89 86 90 91 92 92 93 90 94 95 96 96 97 94 98 99 100 101 102 103 104 105 106 106 107 104 108 109 110 111 112 113 114 115 116 116 117 114 118 119 120 120 121 118 122 123 124 124 125 122 126 127 128 128 129 126 130 131 132 133 134 135 136 137 138 139 140 141 
					</p>
				</polylist>
			</mesh>
		</geometry>
		<geometry id="meshId6" name="meshId6_name" >
			<mesh>
				<source id="meshId6-positions" name="meshId6-positions">
					<float_array id="meshId6-positions-array" count="201"> 
						2.140722 6.464956 8.213043 2.140722 3.979306 8.213043 2.055794 4.002062 8.096149 1.323039 6.464957 7.087601 1.323039 4.198403 7.087597 1.323039 4.198403 7.087597 2.055794 4.002062 8.096149 1.507201 4.149055 7.341076 2.140722 3.979307 9.471199 2.140722 6.464956 9.604168 2.140722 3.979308 9.604168 1.455798 4.162832 10.546886 1.323039 6.464957 10.729614 1.323039 4.198404 10.729614 1.323039 6.464957 10.729614 -0.000000 6.464956 11.159496 0.000004 4.552915 11.159492 0.356595 4.457365 11.043633 1.323039 4.198404 10.729614 0.798656 4.338912 10.899994 -1.056757 4.269757 10.816132 -1.323039 6.464957 10.729614 -1.323039 4.198407 10.729614 -2.140723 6.464958 9.604172 -2.140723 3.979309 9.604168 -2.055795 4.002066 9.721066 -1.323039 6.464957 10.729614 -1.417901 4.172988 10.599049 -1.323039 4.198407 10.729614 -2.140723 3.979309 8.346016 -2.140723 6.464958 8.213043 -2.140723 3.979309 8.213043 -1.455799 4.162834 7.270329 -1.323039 6.464957 7.087601 -1.323040 4.198406 7.087601 -0.677007 4.371511 6.877689 -1.323040 4.198406 7.087601 -1.323039 6.464957 7.087601 -0.356595 4.457365 6.773582 0.000010 4.552917 6.657722 -0.000000 6.464958 6.657719 -0.884067 6.464958 7.691795 -0.000000 6.464958 7.404545 -0.000000 6.464958 6.657719 -1.323039 6.464957 7.087601 -2.140723 6.464958 8.213043 -2.140723 6.464958 9.604172 -1.430451 6.464957 9.373390 -1.430451 6.464958 8.443825 -1.323039 6.464957 10.729614 -0.884067 6.464956 10.125423 -0.000000 6.464956 11.159496 -0.000000 6.464957 10.412674 1.323039 6.464957 10.729614 0.884067 6.464956 10.125423 2.140722 6.464956 9.604168 1.430451 6.464956 9.373390 2.140722 6.464956 8.213043 1.430451 6.464957 8.443825 1.323039 6.464957 7.087601 0.884067 6.464958 7.691795 0.884067 6.464958 7.691795 1.430451 6.464957 8.443825 2.140722 6.464956 8.213043 
						1.056758 4.269755 7.001080 1.323039 6.464957 7.087601 1.323039 4.198403 7.087597 
					</float_array>
					<technique_common>
						<accessor count="67" offset="0" source="#meshId6-positions-array" stride="3">
							<param name="X" type="float" />
							<param name="Y" type="float" />
							<param name="Z" type="float" />
						</accessor>
					</technique_common>
				</source>
				<source id="meshId6-normals" name="meshId6-normals">
					<float_array id="meshId6-normals-array" count="201"> 
						0.951057 0.000000 -0.309017 0.956172 0.000000 -0.292805 0.809018 0.000000 -0.587785 0.587785 0.000000 -0.809017 0.622226 -0.000008 -0.782837 0.622226 -0.000008 -0.782837 0.809018 0.000000 -0.587785 0.802780 -0.051378 -0.594057 1.000000 -0.000000 -0.000000 0.951057 -0.000000 0.309017 0.956172 -0.000000 0.292805 0.809017 -0.000000 0.587785 0.587785 -0.000000 0.809017 0.622192 -0.000000 0.782864 0.587785 -0.000000 0.809017 0.000000 -0.000001 1.000000 0.000002 -0.000001 1.000000 0.309018 -0.000000 0.951056 0.622192 -0.000000 0.782864 0.282573 -0.098286 0.954197 -0.309016 -0.000001 0.951057 -0.587785 -0.000000 0.809017 -0.622191 -0.000000 0.782865 -0.951057 -0.000000 0.309017 -0.956172 -0.000000 0.292805 -0.809017 -0.000000 0.587785 -0.587785 -0.000000 0.809017 -0.809017 -0.000000 0.587786 -0.622191 -0.000000 0.782865 -1.000000 0.000000 0.000000 -0.951057 0.000000 -0.309017 -0.956172 0.000000 -0.292805 -0.809017 0.000000 -0.587785 -0.587785 -0.000000 -0.809018 -0.622192 0.000000 -0.782865 -0.309017 0.000000 -0.951057 -0.622192 0.000000 -0.782865 -0.587785 -0.000000 -0.809018 -0.309008 0.000005 -0.951059 0.000006 0.000002 -1.000000 -0.000001 -0.000001 -1.000000 0.000000 1.000000 0.000000 0.000000 1.000000 0.000000 0.000000 1.000000 0.000000 0.000000 1.000000 0.000000 0.000001 1.000000 0.000000 0.000001 1.000000 0.000000 0.000001 1.000000 0.000000 -0.000000 1.000000 0.000001 0.000001 1.000000 0.000000 0.000001 1.000000 0.000000 0.000000 1.000000 0.000000 0.000000 1.000000 0.000000 0.000000 1.000000 0.000000 0.000000 1.000000 0.000000 0.000000 1.000000 0.000000 0.000000 1.000000 0.000000 0.000001 1.000000 -0.000000 0.000001 1.000000 -0.000000 0.000001 1.000000 0.000000 0.000001 1.000000 0.000000 0.000001 1.000000 0.000000 0.000001 1.000000 0.000000 0.000001 1.000000 0.000000 
						0.309017 0.000000 -0.951057 0.587785 0.000000 -0.809017 0.622226 -0.000008 -0.782837 
					</float_array>
					<technique_common>
						<accessor count="67" offset="0" source="#meshId6-normals-array" stride="3">
							<param name="X" type="float" />
							<param name="Y" type="float" />
							<param name="Z" type="float" />
						</accessor>
					</technique_common>
				</source>
				<source id="meshId6-tangents" name="meshId6-tangents">
					<float_array id="meshId6-tangents-array" count="201"> 
						-0.309017 0.000000 -0.951057 -0.292805 0.000000 -0.956172 -0.587785 -0.000000 -0.809018 -0.809017 -0.000001 -0.587785 -0.782837 -0.000003 -0.622227 1.000000 0.000000 0.000000 0.394045 0.742008 0.542358 0.431690 0.737336 0.519596 -0.000000 -0.000002 -1.000000 0.309017 -0.000000 -0.951057 0.292805 -0.000003 -0.956172 0.587785 0.000014 -0.809017 0.809017 0.000002 -0.587785 0.782864 0.000037 -0.622192 0.581959 -0.694656 -0.422819 0.719338 -0.694661 -0.000000 0.719335 -0.694663 -0.000003 0.700474 -0.676414 -0.227599 0.559077 -0.700000 -0.444335 0.764887 -0.577210 -0.285967 0.700453 -0.676438 0.227590 0.581955 -0.694662 0.422815 0.559017 -0.700079 0.444285 -0.308336 0.066356 -0.948960 -0.292152 0.066718 -0.954042 -0.586846 0.056501 -0.807725 -0.807589 0.059383 -0.586748 -0.586847 0.056511 -0.807724 -0.781515 0.058697 -0.621119 0.000000 0.069732 -0.997566 0.308336 0.066353 -0.948961 0.292154 0.066669 -0.954045 0.586847 0.056471 -0.807726 0.807590 0.059379 -0.586747 0.781521 0.058577 -0.621123 -0.403224 0.905674 0.131016 -0.314418 0.915804 0.249888 -0.329057 0.913546 0.239073 -0.403229 0.905671 0.131018 -0.406741 0.913543 -0.000000 -0.406743 0.913543 -0.000001 -0.000002 0.000000 -1.000000 0.000002 0.000000 -1.000000 -0.000001 0.000000 -1.000000 -0.000002 0.000000 -1.000000 0.000000 0.000000 -1.000000 0.000000 0.000000 -1.000000 0.000000 0.000000 -1.000000 0.000000 0.000001 -1.000000 0.000004 0.000000 -1.000000 0.000004 0.000000 -1.000000 -0.000003 0.000000 -1.000000 0.000001 -0.000000 -1.000000 -0.000006 0.000000 -1.000000 -0.000005 0.000000 -1.000000 0.000000 0.000000 -1.000000 -0.000000 0.000000 -1.000000 -0.000000 -0.000000 -1.000000 -0.000000 -0.000000 -1.000000 0.000008 0.000000 -1.000000 0.000008 0.000000 -1.000000 -0.000011 0.000000 -1.000000 -0.000011 0.000000 -1.000000 -0.000011 0.000000 -1.000000 
						-0.403221 0.905676 -0.131014 -0.329061 0.913543 -0.239076 -0.314386 0.915813 -0.249895 
					</float_array>
					<technique_common>
						<accessor count="67" offset="0" source="#meshId6-tangents-array" stride="3">
							<param name="X" type="float" />
							<param name="Y" type="float" />
							<param name="Z" type="float" />
						</accessor>
					</technique_common>
				</source>
				<source id="meshId6-bitangents" name="meshId6-bitangents">
					<float_array id="meshId6-bitangents-array" count="201"> 
						0.000000 1.000000 0.000000 0.000000 1.000000 0.000000 -0.000000 1.000000 -0.000000 -0.000001 1.000000 -0.000000 0.000003 1.000000 -0.000009 0.000000 0.000000 1.000000 -0.436141 0.670391 -0.600298 -0.411324 0.673570 -0.614098 0.000000 1.000000 -0.000002 0.000000 1.000000 -0.000000 0.000001 1.000000 -0.000002 -0.000008 1.000000 0.000012 -0.000001 1.000000 0.000001 -0.000029 1.000000 0.000023 0.561989 0.719342 -0.408309 0.694661 0.719338 0.000000 0.694663 0.719335 -0.000001 0.643308 0.736522 -0.209023 0.548005 0.714143 -0.435534 0.578879 0.810659 -0.087926 0.643331 0.736500 0.209031 0.561994 0.719336 0.408312 0.548067 0.714066 0.435583 -0.020505 -0.997796 -0.063108 -0.019535 -0.997772 -0.063794 -0.033210 -0.998403 -0.045710 -0.048042 -0.998235 -0.034905 -0.033216 -0.998402 -0.045718 -0.045952 -0.998276 -0.036521 -0.000000 -0.997566 -0.069732 0.020504 -0.997796 -0.063105 0.019521 -0.997775 -0.063747 0.033192 -0.998404 -0.045686 0.048039 -0.998236 -0.034902 0.045858 -0.998283 -0.036446 0.861347 0.423975 -0.279869 0.716951 0.401625 -0.569806 0.739074 0.406736 -0.536968 0.861348 0.423980 -0.279858 0.913543 0.406741 0.000007 0.913543 0.406743 -0.000002 -1.000000 0.000000 0.000002 -1.000000 0.000000 -0.000002 -1.000000 0.000000 0.000001 -1.000000 0.000000 0.000002 -1.000000 0.000001 -0.000000 -1.000000 0.000001 -0.000000 -1.000000 0.000001 -0.000000 -1.000000 -0.000000 -0.000000 -1.000000 0.000001 -0.000004 -1.000000 0.000001 -0.000004 -1.000000 0.000000 0.000003 -1.000000 0.000000 -0.000001 -1.000000 0.000000 0.000006 -1.000000 0.000000 0.000005 -1.000000 0.000000 -0.000000 -1.000000 -0.000000 0.000000 -1.000000 0.000001 0.000000 -1.000000 0.000001 0.000000 -1.000000 0.000001 -0.000008 -1.000000 0.000001 -0.000008 -1.000000 0.000001 0.000011 -1.000000 0.000001 0.000011 -1.000000 0.000001 0.000011 
						0.861349 0.423972 0.279869 0.739072 0.406742 0.536967 0.716935 0.401604 0.569841 
					</float_array>
					<technique_common>
						<accessor count="67" offset="0" source="#meshId6-bitangents-array" stride="3">
							<param name="X" type="float" />
							<param name="Y" type="float" />
							<param name="Z" type="float" />
						</accessor>
					</technique_common>
				</source>
				<source id="meshId6-tex0" name="meshId6-tex0">
					<float_array id="meshId6-tex0-array" count="134"> 
						0.418840 0.631636 0.418840 0.614181 0.419661 0.614340 0.426743 0.631636 0.426743 0.615719 0.426743 0.615719 0.419661 0.614340 0.424963 0.615373 0.410005 0.614181 0.409071 0.631636 0.409071 0.614181 0.402451 0.615469 0.401168 0.631636 0.401168 0.615719 0.459812 0.541504 0.453312 0.535228 0.462383 0.525835 0.464588 0.527058 0.470564 0.530370 0.467321 0.528573 0.458535 0.519431 0.446813 0.528952 0.457565 0.517818 0.379732 0.614732 0.378514 0.632145 0.377706 0.631928 0.371848 0.614181 0.371640 0.630301 0.370737 0.630059 0.387328 0.632761 0.389477 0.615413 0.388259 0.632826 0.394953 0.632002 0.397361 0.615965 0.396251 0.631843 0.453448 0.491898 0.454163 0.487387 0.468303 0.493683 0.453094 0.494136 0.452700 0.496626 0.464628 0.501937 0.393965 0.604011 0.395889 0.598090 0.400892 0.598090 0.398012 0.606952 0.390474 0.612429 0.381155 0.612429 0.382701 0.607671 0.388928 0.607671 0.373617 0.606952 0.377664 0.604011 0.370737 0.598090 0.375740 0.598090 0.373617 0.589227 0.377664 0.592168 0.381155 0.583750 0.382701 0.588508 0.390474 0.583750 0.388928 0.588508 0.398012 0.589227 0.393965 0.592168 0.393965 0.592168 0.388928 0.588508 0.390474 0.583750 
						0.447998 0.502432 0.460953 0.510190 0.446813 0.503895 
					</float_array>
					<technique_common>
						<accessor count="67" offset="0" source="#meshId6-tex0-array" stride="2">
							<param name="S" type="float" />
							<param name="T" type="float" />
						</accessor>
					</technique_common>
				</source>
				<vertices id="meshId6-vertices">
					<input semantic="POSITION" source="#meshId6-positions" />
				</vertices>
				<polylist count="54" material="defaultMaterial">
					<input offset="0" semantic="VERTEX" source="#meshId6-vertices" />
					<input offset="0" semantic="NORMAL" source="#meshId6-normals" />
					<input offset="0" semantic="TANGENT" source="#meshId6-tangents" />
					<input offset="0" semantic="BINORMAL" source="#meshId6-bitangents" />
					<input offset="0" semantic="TEXCOORD" source="#meshId6-tex0" set="0" />
					<vcount>
						3 3 3 3 3 3 3 3 3 3 3 3 3 3 3 3 3 3 3 3 3 3 3 3 3 3 3 3 3 3 3 3 3 3 3 3 3 3 3 3 3 3 3 3 3 3 3 3 3 3 3 3 3 3 
					</vcount>
					<p>
						0 1 2 3 0 2 4 3 2 5 6 7 8 1 0 8 0 9 8 9 10 11 10 9 11 9 12 11 12 13 14 15 16 14 16 17 18 14 17 18 17 19 20 16 15 20 15 21 20 21 22 23 24 25 26 23 25 26 25 27 26 27 28 29 24 23 29 23 30 29 30 31 32 31 30 32 30 33 32 33 34 35 36 37 38 35 37 39 38 37 39 37 40 41 42 43 43 44 41 45 46 47 47 48 45 46 49 50 50 47 46 49 51 52 52 50 49 51 53 54 54 52 51 53 55 56 56 54 53 55 57 58 58 56 55 57 59 60 61 62 63 59 43 42 42 60 59 44 45 48 48 41 44 64 39 40 64 40 65 64 65 66 
					</p>
				</polylist>
			</mesh>
		</geometry>
		<geometry id="meshId7" name="meshId7_name" >
			<mesh>
				<source id="meshId7-positions" name="meshId7-positions">
					<float_array id="meshId7-positions-array" count="594"> 
						0.263345 1.662910 0.000000 0.927101 1.451466 0.000000 0.927101 1.451477 -3.404877 0.263345 1.662910 0.000000 0.927101 1.451477 -3.404877 0.096611 1.716049 -3.319763 0.096617 1.716025 0.000000 -0.578515 1.570148 0.000000 0.096617 1.716025 0.000000 0.096611 1.716049 -3.319763 -0.758797 1.531219 -3.288605 -0.758785 1.531196 0.000000 -1.275558 1.067208 0.000000 -0.758785 1.531196 0.000000 -0.758797 1.531219 -3.288605 -1.409966 0.946564 -3.319763 -1.409953 0.946540 0.000000 -1.631143 0.274553 0.000000 -1.409953 0.946540 0.000000 -1.409966 0.946564 -3.319763 -1.631143 0.274553 0.000000 -1.409966 0.946564 -3.319763 -1.682449 0.118683 -3.404922 -1.682449 0.118670 0.000000 -1.532059 -0.593811 0.000000 -1.682449 0.118670 0.000000 -1.682449 0.118683 -3.404922 -1.503189 -0.730606 -3.521214 -1.503183 -0.730618 0.000000 -0.997469 -1.288476 0.000000 -1.503183 -0.730618 0.000000 -1.503189 -0.730606 -3.521214 -0.920281 -1.373627 -3.637486 -0.920267 -1.373639 0.000000 -0.181683 -1.608946 0.000000 -0.920267 -1.373639 0.000000 -0.920281 -1.373627 -3.637486 -0.181683 -1.608946 0.000000 -0.920281 -1.373627 -3.637486 -0.089836 -1.638184 -3.722630 -0.089823 -1.638210 0.000000 0.678658 -1.472156 0.000000 -0.089823 -1.638210 0.000000 -0.089836 -1.638184 -3.722630 0.678658 -1.472156 0.000000 -0.089836 -1.638184 -3.722630 0.765625 -1.453384 -3.753769 0.678658 -1.472156 0.000000 0.765625 -1.453384 -3.753769 0.765618 -1.453370 0.000000 1.346760 -0.931609 0.000000 0.765618 -1.453370 0.000000 0.765625 -1.453384 -3.753769 1.346760 -0.931609 0.000000 0.765625 -1.453384 -3.753769 1.416779 -0.868683 -3.722641 1.346760 -0.931609 0.000000 1.416779 -0.868683 -3.722641 1.416792 -0.868723 0.000000 1.654887 -0.145264 0.000000 1.416792 -0.868723 0.000000 1.416779 -0.868683 -3.722641 1.689255 -0.040771 -3.637486 1.689268 -0.040797 0.000000 
						1.537334 0.679035 0.000000 1.689268 -0.040797 0.000000 1.689255 -0.040771 -3.637486 1.510010 0.808456 -3.521168 1.510023 0.808432 0.000000 1.129745 1.054688 -5.835052 1.061966 1.685669 -5.231613 1.510010 0.808456 -3.521168 1.510010 0.808456 -3.521168 1.689255 -0.040771 -3.637486 1.129745 1.054688 -5.835052 -0.672783 4.583802 -9.727676 -0.740563 5.214783 -9.124237 1.061966 1.685669 -5.231613 1.129745 1.054688 -5.835052 -0.740563 5.214783 -9.124237 -1.211998 5.639542 -8.520832 0.590530 2.110428 -4.628204 1.061966 1.685669 -5.231613 -1.211998 5.639542 -8.520832 -1.960869 5.744325 -8.079060 -0.158341 2.215210 -4.186436 0.590530 2.110428 -4.628204 -1.960869 5.744325 -8.079060 -2.786423 5.501039 -7.917393 -0.983879 1.971909 -4.024750 -0.158341 2.215210 -4.186436 -2.786423 5.501039 -7.917393 -3.467438 4.974838 -8.079060 -1.664909 1.445725 -4.186436 -0.983879 1.971909 -4.024750 -3.467438 4.974838 -8.079060 -3.821526 4.306717 -8.520813 -2.018998 0.777619 -4.628193 -1.664909 1.445725 -4.186436 -3.821526 4.306717 -8.520813 -3.753754 3.675721 -9.124283 -1.951225 0.146606 -5.231659 -2.018998 0.777619 -4.628193 -3.753754 3.675721 -9.124283 -3.282318 3.250947 -9.727676 -1.479790 -0.278167 -5.835052 -1.951225 0.146606 -5.231659 -3.282318 3.250947 -9.727676 -2.533478 3.146165 -10.169434 -0.730950 -0.382934 -6.276810 -0.730950 -0.382934 -6.276810 -1.479790 -0.278167 -5.835052 -3.282318 3.250947 -9.727676 -2.533478 3.146165 -10.169434 -1.707909 3.389481 -10.331146 0.094620 -0.139632 -6.438511 -0.730950 -0.382934 -6.276810 -1.707909 3.389481 -10.331146 -1.026871 3.915665 -10.169449 0.775658 0.386552 -6.276825 0.775658 0.386552 -6.276825 0.094620 -0.139632 -6.438511 -1.707909 3.389481 -10.331146 -1.026871 3.915665 -10.169449 -0.672783 4.583802 -9.727676 1.129745 1.054688 -5.835052 0.775658 0.386552 -6.276825 1.416779 -0.868683 -3.722641 
						0.765625 -1.453384 -3.753769 0.094620 -0.139632 -6.438511 0.094620 -0.139632 -6.438511 0.775658 0.386552 -6.276825 1.416779 -0.868683 -3.722641 0.765625 -1.453384 -3.753769 -0.089836 -1.638184 -3.722630 -0.730950 -0.382934 -6.276810 -0.730950 -0.382934 -6.276810 0.094620 -0.139632 -6.438511 0.765625 -1.453384 -3.753769 -0.089836 -1.638184 -3.722630 -0.920281 -1.373627 -3.637486 -1.479790 -0.278167 -5.835052 -1.479790 -0.278167 -5.835052 -0.730950 -0.382934 -6.276810 -0.089836 -1.638184 -3.722630 -0.920281 -1.373627 -3.637486 -1.503189 -0.730606 -3.521214 -1.951225 0.146606 -5.231659 -1.951225 0.146606 -5.231659 -1.479790 -0.278167 -5.835052 -0.920281 -1.373627 -3.637486 -1.503189 -0.730606 -3.521214 -1.682449 0.118683 -3.404922 -2.018998 0.777619 -4.628193 -2.018998 0.777619 -4.628193 -1.951225 0.146606 -5.231659 -1.503189 -0.730606 -3.521214 -1.682449 0.118683 -3.404922 -1.409966 0.946564 -3.319763 -1.664909 1.445725 -4.186436 -1.664909 1.445725 -4.186436 -2.018998 0.777619 -4.628193 -1.682449 0.118683 -3.404922 -1.409966 0.946564 -3.319763 -0.758797 1.531219 -3.288605 -0.983879 1.971909 -4.024750 -0.983879 1.971909 -4.024750 -1.664909 1.445725 -4.186436 -1.409966 0.946564 -3.319763 -0.758797 1.531219 -3.288605 0.096611 1.716049 -3.319763 -0.158341 2.215210 -4.186436 -0.158341 2.215210 -4.186436 -0.983879 1.971909 -4.024750 -0.758797 1.531219 -3.288605 0.096611 1.716049 -3.319763 0.927101 1.451477 -3.404877 0.590530 2.110428 -4.628204 0.590530 2.110428 -4.628204 -0.158341 2.215210 -4.186436 0.096611 1.716049 -3.319763 0.927101 1.451477 -3.404877 1.510010 0.808456 -3.521168 1.061966 1.685669 -5.231613 1.061966 1.685669 -5.231613 0.590530 2.110428 -4.628204 0.927101 1.451477 -3.404877 1.689255 -0.040771 -3.637486 1.416779 -0.868683 -3.722641 0.775658 0.386552 -6.276825 0.775658 0.386552 -6.276825 1.129745 1.054688 -5.835052 
						1.689255 -0.040771 -3.637486 1.031711 1.336067 0.000000 1.510023 0.808432 0.000000 1.510010 0.808456 -3.521168 0.927101 1.451477 -3.404877 0.927101 1.451466 0.000000 
					</float_array>
					<technique_common>
						<accessor count="198" offset="0" source="#meshId7-positions-array" stride="3">
							<param name="X" type="float" />
							<param name="Y" type="float" />
							<param name="Z" type="float" />
						</accessor>
					</technique_common>
				</source>
				<source id="meshId7-normals" name="meshId7-normals">
					<float_array id="meshId7-normals-array" count="594"> 
						0.303529 0.952822 0.000003 0.303529 0.952822 0.000003 0.303529 0.952822 0.000003 0.303543 0.952818 0.000006 0.303543 0.952818 0.000006 0.303543 0.952818 0.000006 0.303543 0.952818 0.000006 -0.211200 0.977443 0.000008 -0.211200 0.977443 0.000008 -0.211200 0.977443 0.000008 -0.211198 0.977443 0.000008 -0.211198 0.977443 0.000008 -0.668083 0.744087 0.000008 -0.668083 0.744087 0.000008 -0.668083 0.744087 0.000008 -0.668083 0.744087 0.000008 -0.668083 0.744087 0.000008 -0.949866 0.312656 0.000006 -0.949866 0.312656 0.000006 -0.949866 0.312656 0.000006 -0.949873 0.312636 0.000001 -0.949873 0.312636 0.000001 -0.949873 0.312636 0.000001 -0.949873 0.312636 0.000001 -0.978440 -0.206529 -0.000001 -0.978440 -0.206529 -0.000001 -0.978440 -0.206529 -0.000001 -0.978442 -0.206521 0.000001 -0.978442 -0.206521 0.000001 -0.740885 -0.671632 -0.000001 -0.740885 -0.671632 -0.000001 -0.740885 -0.671632 -0.000001 -0.740889 -0.671628 0.000000 -0.740889 -0.671628 0.000000 -0.303558 -0.952813 -0.000002 -0.303558 -0.952813 -0.000002 -0.303558 -0.952813 -0.000002 -0.303542 -0.952818 -0.000006 -0.303542 -0.952818 -0.000006 -0.303542 -0.952818 -0.000006 -0.303542 -0.952818 -0.000006 0.211207 -0.977441 -0.000008 0.211207 -0.977441 -0.000008 0.211207 -0.977441 -0.000008 0.211152 -0.977453 0.000004 0.211152 -0.977453 0.000004 0.211152 -0.977453 0.000004 0.211153 -0.977453 0.000004 0.211153 -0.977453 0.000004 0.211153 -0.977453 0.000004 0.668069 -0.744100 0.000004 0.668069 -0.744100 0.000004 0.668069 -0.744100 0.000004 0.668121 -0.744053 -0.000011 0.668121 -0.744053 -0.000011 0.668121 -0.744053 -0.000011 0.668121 -0.744053 -0.000011 0.668121 -0.744053 -0.000011 0.668121 -0.744053 -0.000011 0.949881 -0.312611 -0.000007 0.949881 -0.312612 -0.000007 0.949881 -0.312611 -0.000007 0.949879 -0.312617 -0.000006 0.949879 -0.312618 -0.000006 
						0.978443 0.206519 -0.000002 0.978443 0.206519 -0.000002 0.978443 0.206519 -0.000002 0.978443 0.206518 -0.000002 0.978443 0.206518 -0.000002 0.963620 0.231410 -0.133736 0.963620 0.231410 -0.133736 0.963620 0.231410 -0.133736 0.965583 0.222299 -0.135028 0.965583 0.222299 -0.135028 0.965583 0.222299 -0.135028 0.942715 0.277844 -0.184638 0.942715 0.277844 -0.184638 0.942715 0.277844 -0.184638 0.942715 0.277844 -0.184638 0.777718 0.600885 0.184639 0.777718 0.600885 0.184639 0.777718 0.600885 0.184639 0.777718 0.600885 0.184639 0.404331 0.762922 0.504447 0.404331 0.762922 0.504447 0.404331 0.762922 0.504447 0.404331 0.762922 0.504447 -0.077395 0.720534 0.689087 -0.077395 0.720534 0.689087 -0.077395 0.720534 0.689087 -0.077397 0.720534 0.689087 -0.538387 0.485077 0.689086 -0.538387 0.485077 0.689086 -0.538387 0.485077 0.689086 -0.538382 0.485080 0.689088 -0.855112 0.119651 0.504447 -0.855112 0.119651 0.504447 -0.855112 0.119651 0.504447 -0.855111 0.119652 0.504449 -0.942715 -0.277840 0.184643 -0.942715 -0.277840 0.184643 -0.942715 -0.277839 0.184643 -0.942716 -0.277837 0.184646 -0.777722 -0.600881 -0.184634 -0.777722 -0.600881 -0.184634 -0.777722 -0.600881 -0.184634 -0.777722 -0.600881 -0.184634 -0.404334 -0.762923 -0.504443 -0.404334 -0.762923 -0.504443 -0.404334 -0.762923 -0.504443 -0.404324 -0.762923 -0.504451 -0.404324 -0.762923 -0.504451 -0.404324 -0.762923 -0.504451 0.077384 -0.720539 -0.689083 0.077384 -0.720539 -0.689083 0.077384 -0.720539 -0.689083 0.077383 -0.720539 -0.689083 0.538388 -0.485076 -0.689086 0.538388 -0.485077 -0.689085 0.538388 -0.485077 -0.689085 0.538380 -0.485085 -0.689086 0.538380 -0.485085 -0.689086 0.538380 -0.485085 -0.689086 0.855116 -0.119643 -0.504442 0.855116 -0.119643 -0.504442 0.855116 -0.119643 -0.504442 0.855116 -0.119643 -0.504442 0.602998 -0.646660 -0.467146 
						0.602998 -0.646660 -0.467146 0.602998 -0.646660 -0.467146 0.607206 -0.642108 -0.467973 0.607206 -0.642108 -0.467973 0.607206 -0.642108 -0.467973 0.170186 -0.866805 -0.468707 0.170186 -0.866805 -0.468707 0.170186 -0.866805 -0.468707 0.164761 -0.869068 -0.466449 0.164761 -0.869068 -0.466449 0.164761 -0.869068 -0.466449 -0.316562 -0.878664 -0.357404 -0.316562 -0.878664 -0.357404 -0.316562 -0.878664 -0.357404 -0.328591 -0.877682 -0.348857 -0.328591 -0.877682 -0.348857 -0.328591 -0.877682 -0.348857 -0.746080 -0.651275 -0.138581 -0.746080 -0.651275 -0.138581 -0.746080 -0.651275 -0.138581 -0.751066 -0.647037 -0.131315 -0.751066 -0.647037 -0.131315 -0.751066 -0.647037 -0.131315 -0.963919 -0.223297 0.144912 -0.963919 -0.223297 0.144912 -0.963919 -0.223297 0.144912 -0.963623 -0.231397 0.133739 -0.963623 -0.231397 0.133739 -0.963623 -0.231397 0.133739 -0.881077 0.248604 0.402367 -0.881078 0.248604 0.402366 -0.881078 0.248604 0.402366 -0.899204 0.230789 0.371710 -0.899204 0.230789 0.371710 -0.899204 0.230789 0.371710 -0.575502 0.612068 0.542375 -0.575502 0.612068 0.542375 -0.575502 0.612068 0.542375 -0.594810 0.608413 0.525390 -0.594810 0.608413 0.525390 -0.594810 0.608413 0.525390 -0.160987 0.834025 0.527718 -0.160987 0.834025 0.527718 -0.160987 0.834025 0.527718 -0.139041 0.830359 0.539603 -0.139041 0.830359 0.539603 -0.139041 0.830359 0.539603 0.315866 0.868890 0.381128 0.315866 0.868890 0.381128 0.315866 0.868890 0.381128 0.348616 0.852881 0.388666 0.348616 0.852881 0.388666 0.348616 0.852881 0.388666 0.746082 0.651274 0.138577 0.746082 0.651274 0.138577 0.746082 0.651274 0.138577 0.754589 0.641532 0.137956 0.754589 0.641532 0.137956 0.754589 0.641532 0.137956 0.898857 -0.259500 -0.353150 0.898857 -0.259500 -0.353150 0.898857 -0.259500 -0.353150 0.903062 -0.245611 -0.352356 0.903062 -0.245611 -0.352356 
						0.903062 -0.245611 -0.352356 0.740888 0.671628 0.000002 0.740888 0.671628 0.000002 0.740888 0.671628 0.000002 0.740889 0.671628 0.000002 0.740889 0.671627 0.000002 
					</float_array>
					<technique_common>
						<accessor count="198" offset="0" source="#meshId7-normals-array" stride="3">
							<param name="X" type="float" />
							<param name="Y" type="float" />
							<param name="Z" type="float" />
						</accessor>
					</technique_common>
				</source>
				<source id="meshId7-tangents" name="meshId7-tangents">
					<float_array id="meshId7-tangents-array" count="594"> 
						0.000000 0.000004 -1.000000 0.000000 0.000004 -1.000000 0.000000 0.000004 -1.000000 -0.000002 0.000007 -1.000000 -0.000002 0.000007 -1.000000 -0.000002 0.000007 -1.000000 -0.000002 0.000007 -1.000000 -0.000002 0.000007 -1.000000 -0.000002 0.000007 -1.000000 -0.000002 0.000007 -1.000000 0.000003 0.000009 -1.000000 -0.000001 0.000008 -1.000000 -0.000001 0.000009 -1.000000 -0.000001 0.000009 -1.000000 -0.000001 0.000009 -1.000000 -0.000001 0.000009 -1.000000 -0.000001 0.000009 -1.000000 0.022949 0.069738 -0.997301 0.022949 0.069738 -0.997301 0.022949 0.069738 -0.997301 0.022952 0.069739 -0.997301 0.022952 0.069739 -0.997301 0.022952 0.069739 -0.997301 0.022953 0.069741 -0.997301 -0.014722 0.069751 -0.997456 -0.014722 0.069751 -0.997456 -0.014722 0.069751 -0.997456 -0.014723 0.069750 -0.997456 -0.014723 0.069748 -0.997456 -0.063109 0.069617 -0.995576 -0.063109 0.069617 -0.995576 -0.063109 0.069617 -0.995576 -0.063111 0.069619 -0.995575 -0.063108 0.069616 -0.995576 -0.069742 0.022222 -0.997318 -0.069742 0.022222 -0.997318 -0.069742 0.022222 -0.997318 -0.069740 0.022223 -0.997318 -0.069740 0.022223 -0.997318 -0.069740 0.022223 -0.997318 -0.069744 0.022225 -0.997317 -0.069750 -0.015064 -0.997451 -0.069750 -0.015064 -0.997451 -0.069750 -0.015064 -0.997451 -0.069753 -0.015072 -0.997451 -0.069753 -0.015072 -0.997450 -0.069753 -0.015072 -0.997450 -0.069718 -0.015065 -0.997453 -0.069718 -0.015065 -0.997453 -0.069718 -0.015065 -0.997453 -0.069615 -0.062507 -0.995614 -0.069615 -0.062507 -0.995614 -0.069615 -0.062507 -0.995614 -0.069614 -0.062495 -0.995615 -0.069614 -0.062495 -0.995615 -0.069614 -0.062495 -0.995615 -0.069627 -0.062507 -0.995613 -0.069627 -0.062507 -0.995613 -0.069627 -0.062507 -0.995613 -0.000007 -0.000000 -1.000000 -0.000007 -0.000000 -1.000000 -0.000007 -0.000000 -1.000000 -0.000006 0.000001 -1.000000 -0.000006 0.000000 -1.000000 
						-0.000002 0.000000 -1.000000 -0.000002 0.000000 -1.000000 -0.000002 0.000000 -1.000000 -0.000002 0.000001 -1.000000 -0.000002 0.000000 -1.000000 -0.137467 -0.000000 -0.990506 -0.137467 -0.000000 -0.990506 -0.137467 -0.000000 -0.990506 -0.138494 0.000001 -0.990363 -0.138494 0.000001 -0.990363 -0.138494 0.000001 -0.990363 -0.192207 0.000003 -0.981354 -0.192207 0.000003 -0.981354 -0.192206 -0.000001 -0.981355 -0.192205 -0.000002 -0.981355 0.230991 0.000000 -0.972956 0.230991 0.000000 -0.972956 0.230991 0.000000 -0.972956 0.230990 0.000001 -0.972956 -0.000008 0.551544 -0.834146 -0.000008 0.551544 -0.834146 -0.000008 0.551544 -0.834146 -0.000002 0.551542 -0.834147 -0.000001 0.691160 -0.722702 -0.000001 0.691160 -0.722702 -0.000001 0.691160 -0.722702 -0.000001 0.691160 -0.722702 0.495843 -0.478829 0.724474 0.495843 -0.478829 0.724474 0.495843 -0.478829 0.724474 0.495846 -0.478828 0.724472 -0.500891 0.060373 -0.863402 -0.500891 0.060373 -0.863403 -0.500891 0.060373 -0.863402 -0.500891 0.060378 -0.863402 -0.211081 0.068192 -0.975087 -0.211081 0.068192 -0.975087 -0.211081 0.068192 -0.975087 -0.211083 0.068186 -0.975087 0.179949 0.068612 -0.981280 0.179949 0.068612 -0.981280 0.179949 0.068612 -0.981280 0.179948 0.068613 -0.981280 -0.057236 0.571563 -0.818559 -0.057236 0.571563 -0.818559 -0.057236 0.571563 -0.818559 -0.057235 0.571568 -0.818556 -0.057235 0.571568 -0.818556 -0.057235 0.571568 -0.818556 -0.050663 0.687421 -0.724490 -0.050663 0.687421 -0.724490 -0.050663 0.687421 -0.724490 -0.050663 0.687420 -0.724491 -0.293287 0.658734 -0.692858 -0.293287 0.658734 -0.692858 -0.293287 0.658734 -0.692858 -0.293284 0.658734 -0.692860 -0.293284 0.658734 -0.692860 -0.293284 0.658734 -0.692860 -0.508092 -0.000003 -0.861303 -0.508092 -0.000003 -0.861303 -0.508092 -0.000003 -0.861303 -0.508092 -0.000003 -0.861303 -0.058338 0.548271 -0.834263 
						-0.058338 0.548272 -0.834263 -0.058338 0.548272 -0.834263 -0.058196 0.551458 -0.832170 -0.058196 0.551458 -0.832170 -0.058196 0.551458 -0.832170 -0.061746 0.465331 -0.882981 -0.061746 0.465331 -0.882981 -0.061746 0.465331 -0.882981 -0.061835 0.462881 -0.884261 -0.061835 0.462881 -0.884261 -0.061835 0.462881 -0.884261 -0.064058 0.395724 -0.916133 -0.064058 0.395724 -0.916133 -0.064058 0.395723 -0.916133 -0.064252 0.389285 -0.918874 -0.064252 0.389285 -0.918874 -0.064252 0.389285 -0.918874 0.123444 0.069228 -0.989934 0.123444 0.069228 -0.989934 0.123444 0.069228 -0.989934 0.113585 0.069297 -0.991109 0.113585 0.069297 -0.991109 0.113585 0.069297 -0.991109 -0.163881 0.068802 -0.984078 -0.163881 0.068802 -0.984078 -0.163881 0.068802 -0.984078 -0.153365 0.068933 -0.985762 -0.153365 0.068933 -0.985762 -0.153365 0.068933 -0.985762 -0.399574 0.063941 -0.914468 -0.399574 0.063941 -0.914468 -0.399574 0.063941 -0.914468 -0.366949 0.064886 -0.927975 -0.366950 0.064886 -0.927975 -0.366950 0.064886 -0.927975 0.000008 0.663216 -0.748428 0.000008 0.663216 -0.748428 0.000008 0.663216 -0.748428 0.000008 0.653583 -0.756855 0.000008 0.653583 -0.756855 0.000008 0.653583 -0.756855 0.000014 0.534694 -0.845046 0.000014 0.534694 -0.845046 0.000014 0.534694 -0.845046 0.000003 0.544896 -0.838504 0.000003 0.544896 -0.838504 0.000003 0.544896 -0.838504 0.000020 0.401687 -0.915777 0.000020 0.401687 -0.915777 0.000020 0.401687 -0.915777 0.000020 0.414674 -0.909970 0.000020 0.414674 -0.909970 0.000020 0.414674 -0.909970 0.182614 0.000003 -0.983185 0.182614 0.000003 -0.983185 0.182614 0.000003 -0.983185 0.179839 0.000003 -0.983696 0.179839 0.000003 -0.983696 0.179839 0.000003 -0.983696 -0.365678 -0.000003 -0.930741 -0.365678 -0.000003 -0.930741 -0.365678 -0.000003 -0.930742 -0.363492 -0.000004 -0.931598 -0.363492 -0.000004 -0.931598 
						-0.363492 -0.000004 -0.931598 0.000003 0.000000 -1.000000 0.000003 0.000000 -1.000000 0.000003 0.000000 -1.000000 0.000005 -0.000002 -1.000000 0.000002 0.000001 -1.000000 
					</float_array>
					<technique_common>
						<accessor count="198" offset="0" source="#meshId7-tangents-array" stride="3">
							<param name="X" type="float" />
							<param name="Y" type="float" />
							<param name="Z" type="float" />
						</accessor>
					</technique_common>
				</source>
				<source id="meshId7-bitangents" name="meshId7-bitangents">
					<float_array id="meshId7-bitangents-array" count="594"> 
						-0.952822 0.303529 0.000001 -0.952822 0.303529 0.000001 -0.952822 0.303529 0.000001 -0.952818 0.303543 0.000004 -0.952818 0.303543 0.000004 -0.952818 0.303543 0.000004 -0.952818 0.303543 0.000004 -0.977443 -0.211200 0.000000 -0.977443 -0.211200 0.000000 -0.977443 -0.211200 0.000000 -0.977443 -0.211198 -0.000005 -0.977443 -0.211198 -0.000000 -0.744087 -0.668083 -0.000005 -0.744087 -0.668083 -0.000005 -0.744087 -0.668083 -0.000005 -0.744087 -0.668083 -0.000005 -0.744087 -0.668083 -0.000005 -0.311813 -0.947303 -0.073417 -0.311813 -0.947303 -0.073417 -0.311813 -0.947303 -0.073417 -0.311792 -0.947310 -0.073419 -0.311792 -0.947310 -0.073419 -0.311792 -0.947310 -0.073419 -0.311792 -0.947309 -0.073421 0.206004 -0.975951 -0.071288 0.206004 -0.975951 -0.071288 0.206004 -0.975951 -0.071288 0.205995 -0.975953 -0.071287 0.205995 -0.975953 -0.071284 0.668661 -0.737607 -0.093964 0.668661 -0.737607 -0.093964 0.668661 -0.737607 -0.093964 0.668656 -0.737611 -0.093967 0.668656 -0.737611 -0.093963 0.950257 -0.302743 -0.073197 0.950257 -0.302743 -0.073197 0.950257 -0.302743 -0.073197 0.950262 -0.302728 -0.073195 0.950262 -0.302728 -0.073195 0.950262 -0.302728 -0.073195 0.950262 -0.302728 -0.073200 0.974949 0.210669 -0.071358 0.974949 0.210669 -0.071358 0.974949 0.210669 -0.071358 0.974961 0.210614 -0.071363 0.974961 0.210614 -0.071363 0.974961 0.210614 -0.071363 0.974964 0.210615 -0.071327 0.974964 0.210615 -0.071327 0.974964 0.210615 -0.071327 0.740836 0.665138 -0.093560 0.740836 0.665138 -0.093560 0.740836 0.665138 -0.093560 0.740789 0.665191 -0.093551 0.740789 0.665191 -0.093551 0.740789 0.665191 -0.093551 0.740788 0.665191 -0.093569 0.740788 0.665191 -0.093569 0.740788 0.665191 -0.093569 0.312611 0.949881 -0.000003 0.312612 0.949881 -0.000003 0.312611 0.949881 -0.000003 0.312617 0.949879 -0.000001 0.312618 0.949879 -0.000002 
						-0.206519 0.978443 0.000001 -0.206519 0.978443 0.000001 -0.206519 0.978443 0.000001 -0.206518 0.978443 0.000002 -0.206518 0.978443 0.000000 -0.229213 0.972856 0.031811 -0.229213 0.972856 0.031811 -0.229213 0.972856 0.031811 -0.220156 0.974979 0.030788 -0.220156 0.974979 0.030788 -0.220156 0.974979 0.030788 -0.272663 0.960626 0.053406 -0.272663 0.960626 0.053407 -0.272664 0.960626 0.053402 -0.272664 0.960626 0.053401 -0.584635 0.799336 -0.138798 -0.584635 0.799336 -0.138798 -0.584635 0.799336 -0.138798 -0.584635 0.799336 -0.138798 -0.914613 0.337267 0.223012 -0.914613 0.337267 0.223012 -0.914613 0.337267 0.223012 -0.914613 0.337270 0.223007 -0.997001 -0.055934 -0.053491 -0.997001 -0.055934 -0.053491 -0.997001 -0.055934 -0.053491 -0.997000 -0.055935 -0.053493 0.681380 0.731726 0.017273 0.681380 0.731726 0.017273 0.681380 0.731726 0.017273 0.681382 0.731725 0.017267 -0.133762 -0.990979 0.008307 -0.133762 -0.990979 0.008307 -0.133762 -0.990979 0.008307 -0.133766 -0.990978 0.008303 0.258327 -0.958204 -0.122932 0.258327 -0.958204 -0.122932 0.258327 -0.958204 -0.122932 0.258325 -0.958205 -0.122926 0.602301 -0.796388 0.054767 0.602301 -0.796388 0.054767 0.602301 -0.796388 0.054767 0.602301 -0.796388 0.054766 0.912819 -0.302099 -0.274770 0.912819 -0.302099 -0.274770 0.912819 -0.302099 -0.274770 0.912823 -0.302089 -0.274764 0.912823 -0.302089 -0.274764 0.912823 -0.302089 -0.274764 0.995713 0.090975 0.016691 0.995713 0.090975 0.016691 0.995713 0.090975 0.016691 0.995713 0.090975 0.016690 0.790013 0.575127 0.212388 0.790013 0.575127 0.212388 0.790013 0.575127 0.212388 0.790020 0.575120 0.212381 0.790020 0.575120 0.212381 0.790020 0.575120 0.212381 0.103047 0.992817 -0.060792 0.103047 0.992817 -0.060792 0.103047 0.992817 -0.060792 0.103047 0.992817 -0.060792 0.795607 0.530311 0.292882 
						0.795607 0.530311 0.292882 0.795607 0.530311 0.292882 0.792411 0.532533 0.297480 0.792411 0.532533 0.297480 0.792411 0.532533 0.297480 0.983476 0.179212 0.025672 0.983476 0.179212 0.025672 0.983476 0.179212 0.025672 0.984393 0.174535 0.022526 0.984393 0.174535 0.022526 0.984393 0.174535 0.022526 0.946406 -0.267119 -0.181557 0.946406 -0.267119 -0.181557 0.946406 -0.267119 -0.181557 0.942284 -0.279519 -0.184309 0.942284 -0.279519 -0.184309 0.942284 -0.279519 -0.184309 0.654313 -0.755677 0.028746 0.654313 -0.755677 0.028746 0.654313 -0.755677 0.028746 0.650383 -0.759303 0.021447 0.650383 -0.759303 0.021447 0.650384 -0.759303 0.021447 0.209771 -0.972319 -0.102914 0.209771 -0.972319 -0.102914 0.209771 -0.972319 -0.102914 0.218883 -0.970414 -0.101913 0.218883 -0.970414 -0.101913 0.218883 -0.970414 -0.101913 -0.253068 -0.966493 0.042999 -0.253068 -0.966493 0.042999 -0.253068 -0.966493 0.042999 -0.238286 -0.970838 0.026342 -0.238286 -0.970838 0.026342 -0.238286 -0.970838 0.026342 -0.817801 -0.430717 -0.381687 -0.817801 -0.430717 -0.381687 -0.817801 -0.430717 -0.381687 -0.803866 -0.450181 -0.388762 -0.803866 -0.450181 -0.388762 -0.803867 -0.450181 -0.388762 -0.986957 -0.136034 -0.086090 -0.986957 -0.136034 -0.086090 -0.986957 -0.136034 -0.086090 -0.990287 -0.116585 -0.075765 -0.990287 -0.116585 -0.075765 -0.990287 -0.116585 -0.075765 -0.948804 0.289270 0.126861 -0.948804 0.289270 0.126861 -0.948804 0.289270 0.126861 -0.937266 0.317238 0.144545 -0.937266 0.317238 0.144545 -0.937266 0.317238 0.144545 -0.640323 0.758842 -0.118929 -0.640324 0.758842 -0.118929 -0.640323 0.758842 -0.118929 -0.631073 0.767096 -0.115371 -0.631073 0.767096 -0.115371 -0.631073 0.767096 -0.115371 0.241527 0.965743 -0.094896 0.241527 0.965743 -0.094896 0.241527 0.965743 -0.094896 0.228809 0.969369 -0.089281 0.228809 0.969368 -0.089281 
						0.228809 0.969369 -0.089281 -0.671628 0.740888 -0.000002 -0.671628 0.740888 -0.000002 -0.671628 0.740888 -0.000002 -0.671628 0.740889 -0.000005 -0.671627 0.740889 -0.000001 
					</float_array>
					<technique_common>
						<accessor count="198" offset="0" source="#meshId7-bitangents-array" stride="3">
							<param name="X" type="float" />
							<param name="Y" type="float" />
							<param name="Z" type="float" />
						</accessor>
					</technique_common>
				</source>
				<source id="meshId7-tex0" name="meshId7-tex0">
					<float_array id="meshId7-tex0-array" count="396"> 
						0.609109 0.548183 0.609109 0.543176 0.634791 0.543176 0.609109 0.548183 0.634791 0.543176 0.634149 0.549441 0.609109 0.549441 0.609109 0.554533 0.609109 0.549441 0.634149 0.549441 0.633914 0.555893 0.609109 0.555893 0.609109 0.559791 0.609109 0.555893 0.633914 0.555893 0.634149 0.560804 0.609109 0.560804 0.685991 0.561957 0.686320 0.557257 0.709540 0.558880 0.685991 0.561957 0.709540 0.558880 0.709730 0.564713 0.685915 0.563047 0.685566 0.568031 0.685915 0.563047 0.709730 0.564713 0.710128 0.570710 0.685500 0.568988 0.685227 0.572889 0.685500 0.568988 0.710128 0.570710 0.710627 0.575264 0.685185 0.573485 0.300566 0.226494 0.300952 0.220986 0.328082 0.222883 0.300566 0.226494 0.328082 0.222883 0.328284 0.229121 0.300519 0.227179 0.300118 0.232911 0.300519 0.227179 0.328284 0.229121 0.300118 0.232911 0.328284 0.229121 0.328070 0.235518 0.300118 0.232911 0.328070 0.235518 0.300072 0.233560 0.299769 0.237895 0.300072 0.233560 0.328070 0.235518 0.299769 0.237895 0.328070 0.235518 0.327499 0.240358 0.299769 0.237895 0.327499 0.240358 0.299733 0.238417 0.609109 0.512740 0.609109 0.507674 0.635178 0.507674 0.634582 0.513472 0.609109 0.513472 
						0.609109 0.518513 0.609109 0.513472 0.634582 0.513472 0.633767 0.519419 0.609109 0.519419 0.649971 0.521143 0.645745 0.525562 0.633767 0.519419 0.633767 0.519419 0.634582 0.513472 0.649971 0.521143 0.677230 0.545857 0.673004 0.550276 0.645745 0.525562 0.649971 0.521143 0.673004 0.550276 0.668779 0.553250 0.641519 0.528537 0.645745 0.525562 0.673380 0.559311 0.670048 0.564960 0.640687 0.551364 0.644019 0.545715 0.670048 0.564960 0.668829 0.571187 0.639467 0.557591 0.640687 0.551364 0.746061 0.585786 0.745046 0.578833 0.775647 0.568330 0.776663 0.575283 0.744798 0.533033 0.747561 0.537922 0.718609 0.560702 0.715845 0.555813 0.747561 0.537922 0.751473 0.542631 0.722521 0.565411 0.718609 0.560702 0.751473 0.542631 0.755486 0.545897 0.726533 0.568677 0.722521 0.565411 0.374739 0.208441 0.377643 0.214257 0.347669 0.225671 0.347669 0.225671 0.344765 0.219856 0.374739 0.208441 0.377643 0.214257 0.378419 0.220499 0.348445 0.231913 0.347669 0.225671 0.573443 0.238872 0.575262 0.246339 0.539924 0.248226 0.539924 0.248226 0.538105 0.240759 0.573443 0.238872 0.680324 0.541178 0.677230 0.545857 0.649971 0.521143 0.653064 0.516465 0.327499 0.240358 
						0.328070 0.235518 0.348445 0.231913 0.348445 0.231913 0.346884 0.236909 0.327499 0.240358 0.328070 0.235518 0.328284 0.229121 0.347669 0.225671 0.347669 0.225671 0.348445 0.231913 0.328070 0.235518 0.328284 0.229121 0.328082 0.222883 0.344765 0.219856 0.344765 0.219856 0.347669 0.225671 0.328284 0.229121 0.710627 0.575264 0.710128 0.570710 0.722521 0.565411 0.722521 0.565411 0.726533 0.568677 0.710627 0.575264 0.710128 0.570710 0.709730 0.564713 0.718609 0.560702 0.718609 0.560702 0.722521 0.565411 0.710128 0.570710 0.709730 0.564713 0.709540 0.558880 0.715845 0.555813 0.715845 0.555813 0.718609 0.560702 0.709730 0.564713 0.634149 0.560804 0.633914 0.555893 0.639467 0.557591 0.639467 0.557591 0.640687 0.562727 0.634149 0.560804 0.633914 0.555893 0.634149 0.549441 0.640687 0.551364 0.640687 0.551364 0.639467 0.557591 0.633914 0.555893 0.634149 0.549441 0.634791 0.543176 0.644019 0.545715 0.644019 0.545715 0.640687 0.551364 0.634149 0.549441 0.632953 0.523922 0.633767 0.519419 0.645745 0.525562 0.645745 0.525562 0.641519 0.528537 0.632953 0.523922 0.634582 0.513472 0.635178 0.507674 0.653064 0.516465 0.653064 0.516465 0.649971 0.521143 
						0.634582 0.513472 0.609109 0.523114 0.609109 0.519419 0.633767 0.519419 0.632953 0.523922 0.609109 0.523922 
					</float_array>
					<technique_common>
						<accessor count="198" offset="0" source="#meshId7-tex0-array" stride="2">
							<param name="S" type="float" />
							<param name="T" type="float" />
						</accessor>
					</technique_common>
				</source>
				<vertices id="meshId7-vertices">
					<input semantic="POSITION" source="#meshId7-positions" />
				</vertices>
				<polylist count="84" material="defaultMaterial">
					<input offset="0" semantic="VERTEX" source="#meshId7-vertices" />
					<input offset="0" semantic="NORMAL" source="#meshId7-normals" />
					<input offset="0" semantic="TANGENT" source="#meshId7-tangents" />
					<input offset="0" semantic="BINORMAL" source="#meshId7-bitangents" />
					<input offset="0" semantic="TEXCOORD" source="#meshId7-tex0" set="0" />
					<vcount>
						3 3 3 3 3 3 3 3 3 3 3 3 3 3 3 3 3 3 3 3 3 3 3 3 3 3 3 3 3 3 3 3 3 3 3 3 3 3 3 3 3 3 3 3 3 3 3 3 3 3 3 3 3 3 3 3 3 3 3 3 3 3 3 3 
						3 3 3 3 3 3 3 3 3 3 3 3 3 3 3 3 3 3 3 3 
					</vcount>
					<p>
						0 1 2 3 4 5 3 5 6 7 8 9 7 9 10 7 10 11 12 13 14 12 14 15 12 15 16 17 18 19 20 21 22 20 22 23 24 25 26 24 26 27 24 27 28 29 30 31 29 31 32 29 32 33 34 35 36 37 38 39 37 39 40 41 42 43 44 45 46 47 48 49 50 51 52 53 54 55 56 57 58 59 60 61 59 61 62 59 62 63 64 65 66 64 66 67 64 67 68 69 70 71 72 73 74 75 76 77 77 78 75 79 80 81 81 82 79 83 84 85 85 86 83 87 88 89 89 90 87 91 92 93 93 94 91 95 96 97 97 98 95 99 100 101 101 102 99 103 104 105 105 106 103 107 108 109 110 111 112 113 114 115 115 116 113 117 118 119 120 121 122 123 124 125 125 126 123 127 128 129 130 131 132 133 134 135 136 137 138 139 140 141 
						142 143 144 145 146 147 148 149 150 151 152 153 154 155 156 157 158 159 160 161 162 163 164 165 166 167 168 169 170 171 172 173 174 175 176 177 178 179 180 181 182 183 184 185 186 187 188 189 190 191 192 193 194 195 193 195 196 193 196 197 
					</p>
				</polylist>
			</mesh>
		</geometry>
		<geometry id="meshId8" name="meshId8_name" >
			<mesh>
				<source id="meshId8-positions" name="meshId8-positions">
					<float_array id="meshId8-positions-array" count="555"> 
						-1.455444 2.895188 -10.896198 -0.455536 3.667740 -10.658798 -1.026871 3.915665 -10.169449 -1.026871 3.915665 -10.169449 -1.707909 3.389481 -10.331146 -1.455444 2.895188 -10.896198 -0.455536 3.667740 -10.658798 0.064323 4.648666 -10.010208 -0.672783 4.583802 -9.727676 -1.026871 3.915665 -10.169449 -2.207336 7.097473 -14.441833 -1.687462 8.078400 -13.793243 0.064323 4.648666 -10.010208 0.064323 4.648666 -10.010208 -0.455536 3.667740 -10.658798 -2.207336 7.097473 -14.441833 -1.687462 8.078400 -13.793243 -1.786965 9.004792 -12.907288 -0.035187 5.575074 -9.124226 0.064323 4.648666 -10.010208 -1.786965 9.004792 -12.907288 -2.479126 9.628449 -12.021362 -0.727379 6.198716 -8.238300 -0.727379 6.198716 -8.238300 -0.035187 5.575074 -9.124226 -1.786965 9.004792 -12.907288 -2.479126 9.628449 -12.021362 -3.578590 9.782289 -11.372757 -1.826820 6.352539 -7.589722 -1.826820 6.352539 -7.589722 -0.727379 6.198716 -8.238300 -2.479126 9.628449 -12.021362 -3.578590 9.782289 -11.372757 -4.790649 9.425065 -11.135361 -3.038879 5.995331 -7.352345 -1.826820 6.352539 -7.589722 -4.790649 9.425065 -11.135361 -5.790558 8.652512 -11.372757 -4.038773 5.222764 -7.589710 -4.038773 5.222764 -7.589710 -3.038879 5.995331 -7.352345 -4.790649 9.425065 -11.135361 -5.790558 8.652512 -11.372757 -6.310417 7.671601 -12.021332 -4.558632 4.241867 -8.238281 -4.038773 5.222764 -7.589710 -6.310417 7.671601 -12.021332 -6.210915 6.745194 -12.907318 -4.459130 3.315445 -9.124264 -4.558632 4.241867 -8.238281 -6.210915 6.745194 -12.907318 -5.518731 6.121537 -13.793243 -3.766976 2.691803 -10.010193 -3.766976 2.691803 -10.010193 -4.459130 3.315445 -9.124264 -6.210915 6.745194 -12.907318 -5.518731 6.121537 -13.793243 -4.419289 5.967712 -14.441822 -2.667542 2.537964 -10.658768 -2.667542 2.537964 -10.658768 -3.766976 2.691803 -10.010193 -5.518731 6.121537 -13.793243 -4.419289 5.967712 -14.441822 -3.207199 6.324936 -14.679234 
						-1.455444 2.895188 -10.896198 -2.667542 2.537964 -10.658768 -4.285264 6.575913 -13.952465 -3.459694 6.819229 -14.114178 -3.207199 6.324936 -14.679234 -3.207199 6.324936 -14.679234 -4.419289 5.967712 -14.441822 -4.285264 6.575913 -13.952465 -3.459694 6.819229 -14.114178 -2.778656 7.345414 -13.952484 -2.207336 7.097473 -14.441833 -2.207336 7.097473 -14.441833 -3.207199 6.324936 -14.679234 -3.459694 6.819229 -14.114178 -5.518731 6.121537 -13.793243 -6.210915 6.745194 -12.907318 -5.505539 7.105470 -12.907318 -5.034103 6.680695 -13.510712 -6.210915 6.745194 -12.907318 -6.310417 7.671601 -12.021332 -5.573311 7.736466 -12.303848 -5.573311 7.736466 -12.303848 -5.505539 7.105470 -12.907318 -6.210915 6.745194 -12.907318 -6.310417 7.671601 -12.021332 -5.790558 8.652512 -11.372757 -5.219223 8.404588 -11.862091 -5.219223 8.404588 -11.862091 -5.573311 7.736466 -12.303848 -6.310417 7.671601 -12.021332 -5.790558 8.652512 -11.372757 -4.790649 9.425065 -11.135361 -4.538193 8.930771 -11.700409 -4.538193 8.930771 -11.700409 -4.790649 9.425065 -11.135361 -3.578590 9.782289 -11.372757 -3.712654 9.174073 -11.862091 -3.712654 9.174073 -11.862091 -4.538193 8.930771 -11.700409 -4.790649 9.425065 -11.135361 -3.578590 9.782289 -11.372757 -2.479126 9.628449 -12.021362 -2.963784 9.069291 -12.303867 -2.479126 9.628449 -12.021362 -1.786965 9.004792 -12.907288 -2.492340 8.644531 -12.907272 -2.492340 8.644531 -12.907272 -2.963784 9.069291 -12.303867 -2.479126 9.628449 -12.021362 -1.687462 8.078400 -13.793243 -2.424568 8.013551 -13.510712 -1.687462 8.078400 -13.793243 -2.207336 7.097473 -14.441833 -2.778656 7.345414 -13.952484 -2.778656 7.345414 -13.952484 -4.419289 5.967712 -14.441822 -5.518731 6.121537 -13.793243 -5.034103 6.680695 -13.510712 -5.034103 6.680695 -13.510712 -4.285264 6.575913 -13.952465 -4.419289 5.967712 -14.441822 -2.533478 3.146165 -10.169434 -3.282318 3.250947 -9.727676 -3.766976 2.691803 -10.010193 
						-3.766976 2.691803 -10.010193 -2.667542 2.537964 -10.658768 -2.533478 3.146165 -10.169434 -3.282318 3.250947 -9.727676 -3.753754 3.675721 -9.124283 -4.459130 3.315445 -9.124264 -4.459130 3.315445 -9.124264 -3.753754 3.675721 -9.124283 -3.821526 4.306717 -8.520813 -4.558632 4.241867 -8.238281 -4.558632 4.241867 -8.238281 -4.459130 3.315445 -9.124264 -3.753754 3.675721 -9.124283 -3.821526 4.306717 -8.520813 -3.467438 4.974838 -8.079060 -4.038773 5.222764 -7.589710 -4.038773 5.222764 -7.589710 -4.558632 4.241867 -8.238281 -3.821526 4.306717 -8.520813 -3.467438 4.974838 -8.079060 -2.786423 5.501039 -7.917393 -3.038879 5.995331 -7.352345 -3.038879 5.995331 -7.352345 -4.038773 5.222764 -7.589710 -3.467438 4.974838 -8.079060 -2.786423 5.501039 -7.917393 -1.960869 5.744325 -8.079060 -1.826820 6.352539 -7.589722 -1.826820 6.352539 -7.589722 -3.038879 5.995331 -7.352345 -2.786423 5.501039 -7.917393 -1.960869 5.744325 -8.079060 -1.211998 5.639542 -8.520832 -0.727379 6.198716 -8.238300 -0.727379 6.198716 -8.238300 -1.826820 6.352539 -7.589722 -1.960869 5.744325 -8.079060 -1.211998 5.639542 -8.520832 -0.740563 5.214783 -9.124237 -0.035187 5.575074 -9.124226 -0.035187 5.575074 -9.124226 -0.740563 5.214783 -9.124237 -0.672783 4.583802 -9.727676 0.064323 4.648666 -10.010208 0.064323 4.648666 -10.010208 -0.455536 3.667740 -10.658798 -1.455444 2.895188 -10.896198 -3.207199 6.324936 -14.679234 -3.207199 6.324936 -14.679234 -2.207336 7.097473 -14.441833 -0.455536 3.667740 -10.658798 -1.707909 3.389481 -10.331146 -2.533478 3.146165 -10.169434 -2.667542 2.537964 -10.658768 -2.667542 2.537964 -10.658768 -1.455444 2.895188 -10.896198 -1.707909 3.389481 -10.331146 
					</float_array>
					<technique_common>
						<accessor count="185" offset="0" source="#meshId8-positions-array" stride="3">
							<param name="X" type="float" />
							<param name="Y" type="float" />
							<param name="Z" type="float" />
						</accessor>
					</technique_common>
				</source>
				<source id="meshId8-normals" name="meshId8-normals">
					<float_array id="meshId8-normals-array" count="555"> 
						0.324500 -0.635331 0.700752 0.324500 -0.635331 0.700752 0.324500 -0.635331 0.700752 0.324490 -0.635331 0.700758 0.324490 -0.635331 0.700758 0.324490 -0.635331 0.700758 0.324508 -0.635321 0.700758 0.324508 -0.635321 0.700758 0.324508 -0.635321 0.700758 0.324510 -0.635320 0.700758 0.855111 -0.119652 -0.504449 0.855111 -0.119652 -0.504449 0.855111 -0.119652 -0.504449 0.855114 -0.119643 -0.504445 0.855114 -0.119643 -0.504445 0.855114 -0.119643 -0.504445 0.942715 0.277839 -0.184643 0.942715 0.277840 -0.184643 0.942715 0.277839 -0.184643 0.942714 0.277845 -0.184640 0.777725 0.600878 0.184631 0.777725 0.600878 0.184631 0.777725 0.600878 0.184631 0.777710 0.600894 0.184645 0.777710 0.600894 0.184645 0.777710 0.600894 0.184645 0.404335 0.762922 0.504444 0.404335 0.762922 0.504444 0.404335 0.762922 0.504444 0.404322 0.762926 0.504448 0.404322 0.762926 0.504448 0.404322 0.762926 0.504448 -0.077394 0.720536 0.689085 -0.077394 0.720536 0.689085 -0.077394 0.720536 0.689085 -0.077394 0.720536 0.689085 -0.538386 0.485081 0.689085 -0.538386 0.485081 0.689085 -0.538386 0.485081 0.689084 -0.538382 0.485083 0.689086 -0.538382 0.485083 0.689086 -0.538382 0.485083 0.689086 -0.855113 0.119651 0.504446 -0.855113 0.119651 0.504446 -0.855113 0.119651 0.504446 -0.855112 0.119652 0.504447 -0.942715 -0.277840 0.184642 -0.942715 -0.277840 0.184642 -0.942715 -0.277840 0.184642 -0.942715 -0.277839 0.184645 -0.777718 -0.600885 -0.184641 -0.777718 -0.600885 -0.184641 -0.777718 -0.600885 -0.184641 -0.777723 -0.600881 -0.184631 -0.777723 -0.600881 -0.184631 -0.777723 -0.600881 -0.184631 -0.404323 -0.762923 -0.504451 -0.404323 -0.762923 -0.504451 -0.404323 -0.762923 -0.504451 -0.404332 -0.762924 -0.504443 -0.404332 -0.762924 -0.504443 -0.404332 -0.762924 -0.504443 0.077385 -0.720539 -0.689083 0.077385 -0.720539 -0.689083 
						0.077385 -0.720539 -0.689083 0.077377 -0.720542 -0.689080 -0.324509 0.635311 -0.700767 -0.324509 0.635311 -0.700767 -0.324509 0.635311 -0.700767 -0.324499 0.635327 -0.700757 -0.324499 0.635327 -0.700757 -0.324499 0.635327 -0.700757 -0.324493 0.635333 -0.700754 -0.324493 0.635333 -0.700754 -0.324493 0.635333 -0.700754 -0.324493 0.635319 -0.700767 -0.324493 0.635319 -0.700767 -0.324493 0.635319 -0.700767 -0.324492 0.635317 -0.700769 -0.324492 0.635317 -0.700769 -0.324492 0.635317 -0.700769 -0.324484 0.635319 -0.700771 -0.324494 0.635329 -0.700757 -0.324493 0.635329 -0.700757 -0.324493 0.635329 -0.700757 -0.324499 0.635331 -0.700753 -0.324499 0.635331 -0.700753 -0.324499 0.635331 -0.700753 -0.324498 0.635319 -0.700765 -0.324498 0.635319 -0.700765 -0.324498 0.635319 -0.700765 -0.324496 0.635317 -0.700767 -0.324496 0.635317 -0.700767 -0.324496 0.635317 -0.700767 -0.324498 0.635329 -0.700755 -0.324498 0.635329 -0.700755 -0.324498 0.635329 -0.700755 -0.324498 0.635318 -0.700765 -0.324497 0.635320 -0.700764 -0.324497 0.635320 -0.700764 -0.324497 0.635320 -0.700764 -0.324488 0.635334 -0.700755 -0.324488 0.635334 -0.700755 -0.324488 0.635334 -0.700755 -0.324507 0.635314 -0.700765 -0.324507 0.635314 -0.700765 -0.324507 0.635314 -0.700765 -0.324495 0.635320 -0.700765 -0.324495 0.635320 -0.700765 -0.324495 0.635320 -0.700765 -0.324511 0.635317 -0.700761 -0.324511 0.635316 -0.700761 -0.324511 0.635317 -0.700761 -0.324496 0.635322 -0.700763 -0.324496 0.635322 -0.700763 -0.324501 0.635323 -0.700759 -0.324501 0.635323 -0.700759 -0.324501 0.635323 -0.700759 -0.324497 0.635318 -0.700766 -0.324498 0.635325 -0.700759 -0.324498 0.635325 -0.700759 -0.324498 0.635325 -0.700759 -0.324494 0.635327 -0.700759 -0.324494 0.635327 -0.700759 -0.324494 0.635328 -0.700759 0.324491 -0.635333 0.700755 0.324491 -0.635333 0.700755 0.324491 -0.635333 0.700755 
						0.324490 -0.635329 0.700759 0.324490 -0.635329 0.700759 0.324490 -0.635329 0.700759 0.324502 -0.635306 0.700775 0.324502 -0.635306 0.700775 0.324502 -0.635306 0.700775 0.324490 -0.635332 0.700756 0.324494 -0.635332 0.700754 0.324494 -0.635332 0.700754 0.324494 -0.635332 0.700754 0.324509 -0.635319 0.700759 0.324509 -0.635319 0.700759 0.324509 -0.635319 0.700759 0.324511 -0.635319 0.700758 0.324511 -0.635319 0.700758 0.324511 -0.635319 0.700758 0.324496 -0.635325 0.700760 0.324496 -0.635325 0.700760 0.324496 -0.635325 0.700760 0.324533 -0.635311 0.700755 0.324533 -0.635311 0.700755 0.324533 -0.635311 0.700755 0.324518 -0.635311 0.700763 0.324518 -0.635311 0.700763 0.324518 -0.635311 0.700763 0.324458 -0.635318 0.700784 0.324458 -0.635318 0.700783 0.324458 -0.635318 0.700784 0.324484 -0.635336 0.700755 0.324484 -0.635336 0.700755 0.324484 -0.635336 0.700755 0.324503 -0.635312 0.700768 0.324503 -0.635312 0.700768 0.324503 -0.635312 0.700768 0.324504 -0.635314 0.700766 0.324504 -0.635314 0.700766 0.324504 -0.635314 0.700766 0.324498 -0.635330 0.700755 0.324498 -0.635330 0.700755 0.324497 -0.635330 0.700755 0.324505 -0.635313 0.700767 0.324509 -0.635316 0.700762 0.324509 -0.635316 0.700762 0.324509 -0.635316 0.700762 0.324496 -0.635327 0.700758 0.538386 -0.485081 -0.689084 0.538386 -0.485081 -0.689084 0.538386 -0.485081 -0.689084 0.538396 -0.485071 -0.689083 0.538395 -0.485071 -0.689084 0.538396 -0.485071 -0.689083 0.324511 -0.635328 0.700751 0.324511 -0.635328 0.700751 0.324511 -0.635328 0.700751 0.324505 -0.635323 0.700758 0.324505 -0.635323 0.700758 0.324505 -0.635323 0.700758 
					</float_array>
					<technique_common>
						<accessor count="185" offset="0" source="#meshId8-normals-array" stride="3">
							<param name="X" type="float" />
							<param name="Y" type="float" />
							<param name="Z" type="float" />
						</accessor>
					</technique_common>
				</source>
				<source id="meshId8-tangents" name="meshId8-tangents">
					<float_array id="meshId8-tangents-array" count="555"> 
						0.518166 -0.500390 -0.693624 0.518166 -0.500390 -0.693624 0.518166 -0.500390 -0.693624 0.518178 -0.500389 -0.693615 0.518178 -0.500389 -0.693615 0.518178 -0.500389 -0.693615 0.518157 -0.500402 -0.693622 0.518157 -0.500402 -0.693622 0.518157 -0.500402 -0.693622 0.518160 -0.500398 -0.693622 -0.508099 0.000003 -0.861299 -0.508099 0.000003 -0.861299 -0.508098 0.000003 -0.861299 -0.508095 0.000000 -0.861301 -0.508095 0.000000 -0.861301 -0.508095 0.000000 -0.861301 -0.192211 -0.000001 -0.981354 -0.192211 -0.000001 -0.981354 -0.192211 -0.000001 -0.981354 -0.192208 -0.000000 -0.981354 0.230977 0.000004 -0.972959 0.230977 0.000004 -0.972959 0.230977 0.000004 -0.972959 0.230998 0.000003 -0.972954 0.230998 0.000003 -0.972954 0.230998 0.000003 -0.972954 0.000001 0.551539 -0.834149 0.000001 0.551539 -0.834149 0.000001 0.551539 -0.834149 0.000003 0.551540 -0.834149 0.000003 0.551540 -0.834149 0.000003 0.551540 -0.834149 0.000003 0.691158 -0.722703 0.000003 0.691158 -0.722703 0.000003 0.691158 -0.722703 0.000000 0.691158 -0.722704 0.495838 -0.478832 0.724475 0.495838 -0.478832 0.724475 0.495838 -0.478832 0.724475 0.495846 -0.478825 0.724474 0.495846 -0.478825 0.724474 0.495846 -0.478825 0.724474 -0.500889 0.060372 -0.863403 -0.500889 0.060372 -0.863403 -0.500889 0.060372 -0.863403 -0.500889 0.060382 -0.863403 -0.211080 0.068189 -0.975088 -0.211080 0.068189 -0.975088 -0.211080 0.068189 -0.975088 -0.211081 0.068182 -0.975088 0.179957 0.068612 -0.981279 0.179957 0.068612 -0.981279 0.179957 0.068612 -0.981279 0.179941 0.068617 -0.981281 0.179941 0.068617 -0.981281 0.179941 0.068617 -0.981281 -0.057238 0.571569 -0.818555 -0.057237 0.571569 -0.818555 -0.057238 0.571569 -0.818555 -0.057238 0.571564 -0.818559 -0.057238 0.571564 -0.818559 -0.057238 0.571564 -0.818559 -0.050655 0.687422 -0.724490 -0.050655 0.687422 -0.724490 
						-0.050655 0.687422 -0.724490 -0.050660 0.687418 -0.724493 -0.285241 0.640643 0.712892 -0.285241 0.640643 0.712892 -0.285241 0.640643 0.712892 -0.285244 0.640630 0.712902 -0.285244 0.640630 0.712902 -0.285244 0.640630 0.712902 -0.285230 0.640634 0.712904 -0.285230 0.640634 0.712904 -0.285230 0.640634 0.712904 -0.285241 0.640642 0.712892 -0.285241 0.640642 0.712892 -0.285241 0.640642 0.712892 -0.285211 0.640659 0.712889 -0.285211 0.640659 0.712889 -0.285211 0.640659 0.712889 -0.285213 0.640660 0.712887 -0.285244 0.640630 0.712902 -0.285244 0.640630 0.712902 -0.285244 0.640630 0.712902 -0.285260 0.640619 0.712906 -0.285260 0.640618 0.712906 -0.285260 0.640619 0.712906 -0.285260 0.640631 0.712894 -0.285260 0.640631 0.712894 -0.285260 0.640631 0.712894 -0.285230 0.640648 0.712891 -0.285230 0.640648 0.712891 -0.285230 0.640648 0.712891 -0.285237 0.640632 0.712903 -0.285237 0.640632 0.712903 -0.285237 0.640632 0.712903 -0.285261 0.640631 0.712894 -0.285218 0.640651 0.712894 -0.285218 0.640651 0.712894 -0.285218 0.640651 0.712894 -0.285239 0.640631 0.712904 -0.285239 0.640630 0.712904 -0.285239 0.640630 0.712904 -0.285216 0.640652 0.712893 -0.285216 0.640652 0.712893 -0.285216 0.640652 0.712893 -0.285235 0.640643 0.712894 -0.285235 0.640643 0.712894 -0.285235 0.640643 0.712894 -0.285233 0.640640 0.712898 -0.285233 0.640640 0.712897 -0.285233 0.640640 0.712898 -0.285231 0.640643 0.712895 -0.285231 0.640643 0.712895 -0.285219 0.640644 0.712899 -0.285219 0.640644 0.712899 -0.285219 0.640644 0.712899 -0.285239 0.640642 0.712893 -0.285222 0.640643 0.712899 -0.285222 0.640643 0.712899 -0.285222 0.640643 0.712899 -0.285233 0.640637 0.712900 -0.285233 0.640637 0.712900 -0.285233 0.640637 0.712900 0.518169 -0.500393 -0.693619 0.518169 -0.500393 -0.693619 0.518169 -0.500393 -0.693619 
						0.518181 -0.500388 -0.693614 0.518181 -0.500388 -0.693614 0.518181 -0.500388 -0.693614 0.518181 -0.500403 -0.693603 0.518181 -0.500403 -0.693603 0.518181 -0.500403 -0.693603 0.518165 -0.500397 -0.693619 0.518164 -0.500395 -0.693622 0.518164 -0.500395 -0.693622 0.518164 -0.500395 -0.693622 0.518168 -0.500395 -0.693619 0.518168 -0.500395 -0.693619 0.518168 -0.500395 -0.693619 0.518172 -0.500390 -0.693619 0.518172 -0.500390 -0.693619 0.518172 -0.500390 -0.693619 0.518177 -0.500392 -0.693614 0.518177 -0.500392 -0.693614 0.518177 -0.500392 -0.693614 0.518155 -0.500394 -0.693629 0.518155 -0.500394 -0.693629 0.518155 -0.500394 -0.693629 0.518170 -0.500394 -0.693618 0.518170 -0.500394 -0.693618 0.518170 -0.500394 -0.693618 0.518185 -0.500420 -0.693588 0.518185 -0.500420 -0.693588 0.518185 -0.500420 -0.693588 0.518163 -0.500400 -0.693619 0.518163 -0.500400 -0.693619 0.518163 -0.500400 -0.693619 0.518184 -0.500394 -0.693608 0.518184 -0.500393 -0.693608 0.518184 -0.500394 -0.693608 0.518163 -0.500407 -0.693614 0.518163 -0.500407 -0.693614 0.518163 -0.500407 -0.693614 0.518166 -0.500393 -0.693621 0.518166 -0.500393 -0.693621 0.518166 -0.500393 -0.693621 0.518178 -0.500396 -0.693610 0.518172 -0.500394 -0.693616 0.518172 -0.500394 -0.693616 0.518172 -0.500394 -0.693616 0.518170 -0.500394 -0.693618 -0.293282 0.658734 -0.692860 -0.293282 0.658734 -0.692860 -0.293282 0.658734 -0.692860 -0.293292 0.658730 -0.692860 -0.293292 0.658730 -0.692860 -0.293292 0.658730 -0.692860 0.518188 -0.500370 -0.693622 0.518188 -0.500370 -0.693622 0.518188 -0.500370 -0.693622 0.518181 -0.500384 -0.693617 0.518181 -0.500384 -0.693617 0.518181 -0.500384 -0.693617 
					</float_array>
					<technique_common>
						<accessor count="185" offset="0" source="#meshId8-tangents-array" stride="3">
							<param name="X" type="float" />
							<param name="Y" type="float" />
							<param name="Z" type="float" />
						</accessor>
					</technique_common>
				</source>
				<source id="meshId8-bitangents" name="meshId8-bitangents">
					<float_array id="meshId8-bitangents-array" count="555"> 
						0.791330 0.588187 0.166830 0.791330 0.588187 0.166830 0.791330 0.588187 0.166830 0.791326 0.588189 0.166843 0.791326 0.588189 0.166843 0.791326 0.588189 0.166843 0.791333 0.588188 0.166812 0.791333 0.588188 0.166812 0.791333 0.588188 0.166812 0.791330 0.588192 0.166813 0.103058 0.992816 -0.060792 0.103058 0.992816 -0.060792 0.103058 0.992816 -0.060792 0.103049 0.992817 -0.060790 0.103049 0.992817 -0.060790 0.103049 0.992817 -0.060790 -0.272659 0.960628 0.053403 -0.272659 0.960627 0.053403 -0.272659 0.960628 0.053403 -0.272665 0.960626 0.053404 -0.584631 0.799341 -0.138786 -0.584631 0.799341 -0.138786 -0.584631 0.799341 -0.138786 -0.584643 0.799329 -0.138802 -0.584643 0.799329 -0.138802 -0.584643 0.799329 -0.138802 -0.914611 0.337276 0.223006 -0.914611 0.337276 0.223006 -0.914611 0.337276 0.223006 -0.914617 0.337266 0.222998 -0.914617 0.337266 0.222998 -0.914617 0.337266 0.222998 -0.997001 -0.055931 -0.053494 -0.997001 -0.055931 -0.053494 -0.997001 -0.055931 -0.053494 -0.997001 -0.055933 -0.053491 0.681385 0.731722 0.017275 0.681385 0.731722 0.017275 0.681385 0.731722 0.017275 0.681382 0.731725 0.017265 0.681382 0.731725 0.017265 0.681382 0.731725 0.017265 -0.133762 -0.990979 0.008307 -0.133762 -0.990979 0.008307 -0.133762 -0.990979 0.008307 -0.133767 -0.990978 0.008299 0.258328 -0.958204 -0.122929 0.258328 -0.958204 -0.122929 0.258328 -0.958204 -0.122929 0.258328 -0.958205 -0.122922 0.602304 -0.796385 0.054772 0.602304 -0.796385 0.054772 0.602304 -0.796385 0.054772 0.602303 -0.796388 0.054758 0.602303 -0.796388 0.054758 0.602302 -0.796388 0.054758 0.912823 -0.302088 -0.274767 0.912823 -0.302088 -0.274767 0.912823 -0.302088 -0.274767 0.912819 -0.302097 -0.274770 0.912819 -0.302097 -0.274770 0.912819 -0.302097 -0.274770 0.995714 0.090970 0.016697 0.995714 0.090970 0.016697 
						0.995714 0.090970 0.016697 0.995714 0.090968 0.016688 0.901849 0.431227 -0.026678 0.901849 0.431227 -0.026678 0.901849 0.431227 -0.026678 0.901852 0.431223 -0.026660 0.901852 0.431223 -0.026660 0.901852 0.431223 -0.026660 0.901858 0.431208 -0.026665 0.901858 0.431208 -0.026665 0.901858 0.431208 -0.026665 0.901855 0.431216 -0.026665 0.901855 0.431216 -0.026664 0.901855 0.431216 -0.026664 0.901864 0.431194 -0.026689 0.901864 0.431194 -0.026689 0.901864 0.431194 -0.026689 0.901867 0.431190 -0.026683 0.901854 0.431219 -0.026657 0.901854 0.431219 -0.026657 0.901854 0.431219 -0.026657 0.901847 0.431234 -0.026646 0.901847 0.431234 -0.026646 0.901847 0.431234 -0.026646 0.901847 0.431233 -0.026652 0.901847 0.431233 -0.026652 0.901847 0.431233 -0.026652 0.901857 0.431211 -0.026676 0.901857 0.431211 -0.026676 0.901857 0.431210 -0.026676 0.901854 0.431217 -0.026664 0.901854 0.431217 -0.026664 0.901854 0.431217 -0.026664 0.901846 0.431234 -0.026652 0.901860 0.431203 -0.026685 0.901860 0.431203 -0.026685 0.901860 0.431203 -0.026685 0.901857 0.431211 -0.026655 0.901857 0.431211 -0.026655 0.901857 0.431211 -0.026655 0.901858 0.431208 -0.026694 0.901858 0.431208 -0.026694 0.901858 0.431208 -0.026694 0.901856 0.431213 -0.026670 0.901856 0.431213 -0.026670 0.901856 0.431213 -0.026670 0.901851 0.431223 -0.026682 0.901851 0.431223 -0.026682 0.901851 0.431223 -0.026682 0.901857 0.431211 -0.026673 0.901857 0.431211 -0.026673 0.901859 0.431207 -0.026684 0.901859 0.431207 -0.026684 0.901859 0.431207 -0.026684 0.901854 0.431217 -0.026669 0.901859 0.431206 -0.026679 0.901859 0.431206 -0.026679 0.901859 0.431206 -0.026679 0.901857 0.431211 -0.026667 0.901857 0.431211 -0.026667 0.901857 0.431211 -0.026667 0.791332 0.588183 0.166837 0.791332 0.588183 0.166837 0.791332 0.588183 0.166837 
						0.791325 0.588191 0.166844 0.791325 0.588191 0.166844 0.791325 0.588191 0.166844 0.791320 0.588204 0.166822 0.791320 0.588204 0.166822 0.791320 0.588204 0.166822 0.791335 0.588180 0.166833 0.791334 0.588182 0.166831 0.791334 0.588182 0.166831 0.791334 0.588182 0.166831 0.791326 0.588196 0.166819 0.791326 0.588196 0.166819 0.791326 0.588196 0.166819 0.791322 0.588200 0.166823 0.791322 0.588200 0.166823 0.791322 0.588200 0.166823 0.791325 0.588193 0.166836 0.791325 0.588192 0.166836 0.791325 0.588192 0.166836 0.791324 0.588205 0.166796 0.791324 0.588205 0.166796 0.791324 0.588205 0.166796 0.791320 0.588206 0.166812 0.791320 0.588206 0.166812 0.791320 0.588206 0.166812 0.791335 0.588176 0.166847 0.791335 0.588175 0.166847 0.791335 0.588175 0.166847 0.791339 0.588173 0.166836 0.791339 0.588173 0.166836 0.791339 0.588174 0.166836 0.791317 0.588205 0.166829 0.791317 0.588205 0.166829 0.791317 0.588205 0.166829 0.791331 0.588191 0.166812 0.791331 0.588191 0.166812 0.791331 0.588191 0.166812 0.791331 0.588186 0.166830 0.791331 0.588186 0.166830 0.791331 0.588186 0.166830 0.791321 0.588202 0.166824 0.791323 0.588200 0.166821 0.791323 0.588200 0.166821 0.791323 0.588200 0.166821 0.791329 0.588188 0.166832 0.790016 0.575122 0.212388 0.790016 0.575122 0.212388 0.790016 0.575122 0.212388 0.790006 0.575135 0.212390 0.790007 0.575135 0.212390 0.790006 0.575135 0.212390 0.791312 0.588208 0.166844 0.791312 0.588208 0.166844 0.791312 0.588208 0.166844 0.791319 0.588201 0.166836 0.791319 0.588201 0.166836 0.791319 0.588201 0.166836 
					</float_array>
					<technique_common>
						<accessor count="185" offset="0" source="#meshId8-bitangents-array" stride="3">
							<param name="X" type="float" />
							<param name="Y" type="float" />
							<param name="Z" type="float" />
						</accessor>
					</technique_common>
				</source>
				<source id="meshId8-tex0" name="meshId8-tex0">
					<float_array id="meshId8-tex0-array" count="370"> 
						0.768657 0.578031 0.770148 0.588239 0.765386 0.586455 0.765386 0.586455 0.764371 0.579502 0.768657 0.578031 0.770148 0.588239 0.767638 0.596948 0.763676 0.592387 0.765386 0.586455 0.693863 0.653822 0.689244 0.660808 0.662302 0.636382 0.662302 0.636382 0.666921 0.629396 0.693863 0.653822 0.689244 0.660808 0.682935 0.667405 0.655992 0.642980 0.662302 0.636382 0.682935 0.667405 0.676625 0.671847 0.649683 0.647421 0.649683 0.647421 0.655992 0.642980 0.682935 0.667405 0.596927 0.501845 0.591574 0.510920 0.560351 0.496461 0.560351 0.496461 0.565704 0.487387 0.596927 0.501845 0.591574 0.510920 0.589615 0.520923 0.558392 0.506465 0.560351 0.496461 0.712035 0.597465 0.710544 0.587257 0.740284 0.577049 0.740284 0.577049 0.741775 0.587257 0.712035 0.597465 0.419604 0.284518 0.423725 0.291809 0.395145 0.314296 0.391024 0.307005 0.423725 0.291809 0.429559 0.298830 0.400979 0.321317 0.395145 0.314296 0.429559 0.298830 0.435543 0.303701 0.406963 0.326188 0.406963 0.326188 0.400979 0.321317 0.429559 0.298830 0.387678 0.558392 0.392385 0.567817 0.360229 0.580062 0.360229 0.580062 0.355522 0.570636 0.387678 0.558392 0.392385 0.567817 0.393641 0.577933 
						0.361486 0.590178 0.360229 0.580062 0.721352 0.754519 0.720442 0.761355 0.716001 0.761592 0.716001 0.761592 0.717336 0.751555 0.721352 0.754519 0.720442 0.761355 0.722074 0.768056 0.718397 0.771430 0.718397 0.771430 0.716001 0.761592 0.720442 0.761355 0.722046 0.744009 0.728867 0.740974 0.729205 0.747312 0.724559 0.749379 0.728867 0.740974 0.735973 0.743265 0.734045 0.748872 0.734045 0.748872 0.729205 0.747312 0.728867 0.740974 0.735973 0.743265 0.741459 0.750268 0.737782 0.753642 0.737782 0.753642 0.734045 0.748872 0.735973 0.743265 0.741459 0.750268 0.743855 0.760105 0.739414 0.760342 0.739414 0.760342 0.743855 0.760105 0.742520 0.770142 0.738505 0.767178 0.738505 0.767178 0.739414 0.760342 0.743855 0.760105 0.742520 0.770142 0.737811 0.777689 0.735297 0.772319 0.737811 0.777689 0.730989 0.780723 0.730651 0.774385 0.730651 0.774385 0.735297 0.772319 0.737811 0.777689 0.723884 0.778432 0.725811 0.772825 0.723884 0.778432 0.718397 0.771430 0.722074 0.768056 0.722074 0.768056 0.717336 0.751555 0.722046 0.744009 0.724559 0.749379 0.724559 0.749379 0.721352 0.754519 0.717336 0.751555 0.760902 0.573391 0.755910 0.569759 0.756235 0.563726 
						0.756235 0.563726 0.763564 0.569058 0.760902 0.573391 0.755910 0.569759 0.750732 0.569580 0.748633 0.563463 0.748633 0.563463 0.750732 0.569580 0.746755 0.572901 0.742794 0.568340 0.742794 0.568340 0.748633 0.563463 0.750732 0.569580 0.746755 0.572901 0.745046 0.578833 0.740284 0.577049 0.740284 0.577049 0.742794 0.568340 0.746755 0.572901 0.745046 0.578833 0.746061 0.585786 0.741775 0.587257 0.741775 0.587257 0.740284 0.577049 0.745046 0.578833 0.746061 0.585786 0.749530 0.591897 0.746867 0.596229 0.746867 0.596229 0.741775 0.587257 0.746061 0.585786 0.749530 0.591897 0.754522 0.595529 0.754197 0.601562 0.754197 0.601562 0.746867 0.596229 0.749530 0.591897 0.754522 0.595529 0.759700 0.595708 0.761799 0.601825 0.761799 0.601825 0.759700 0.595708 0.763676 0.592387 0.767638 0.596948 0.767638 0.596948 0.687582 0.773075 0.685185 0.763238 0.716001 0.761592 0.716001 0.761592 0.718397 0.771430 0.687582 0.773075 0.764371 0.579502 0.760902 0.573391 0.763564 0.569058 0.763564 0.569058 0.768657 0.578031 0.764371 0.579502 
					</float_array>
					<technique_common>
						<accessor count="185" offset="0" source="#meshId8-tex0-array" stride="2">
							<param name="S" type="float" />
							<param name="T" type="float" />
						</accessor>
					</technique_common>
				</source>
				<vertices id="meshId8-vertices">
					<input semantic="POSITION" source="#meshId8-positions" />
				</vertices>
				<polylist count="72" material="defaultMaterial">
					<input offset="0" semantic="VERTEX" source="#meshId8-vertices" />
					<input offset="0" semantic="NORMAL" source="#meshId8-normals" />
					<input offset="0" semantic="TANGENT" source="#meshId8-tangents" />
					<input offset="0" semantic="BINORMAL" source="#meshId8-bitangents" />
					<input offset="0" semantic="TEXCOORD" source="#meshId8-tex0" set="0" />
					<vcount>
						3 3 3 3 3 3 3 3 3 3 3 3 3 3 3 3 3 3 3 3 3 3 3 3 3 3 3 3 3 3 3 3 3 3 3 3 3 3 3 3 3 3 3 3 3 3 3 3 3 3 3 3 3 3 3 3 3 3 3 3 3 3 3 3 
						3 3 3 3 3 3 3 3 
					</vcount>
					<p>
						0 1 2 3 4 5 6 7 8 8 9 6 10 11 12 13 14 15 16 17 18 18 19 16 20 21 22 23 24 25 26 27 28 29 30 31 32 33 34 34 35 32 36 37 38 39 40 41 42 43 44 44 45 42 46 47 48 48 49 46 50 51 52 53 54 55 56 57 58 59 60 61 62 63 64 64 65 62 66 67 68 69 70 71 72 73 74 75 76 77 78 79 80 80 81 78 82 83 84 85 86 87 88 89 90 91 92 93 94 95 96 97 90 89 98 99 100 101 102 103 104 105 106 106 100 99 107 108 109 110 111 112 108 113 114 114 109 108 115 116 117 118 114 113 119 120 121 122 123 124 125 126 127 128 129 130 131 132 133 134 127 126 135 136 137 138 139 140 141 142 143 144 145 146 147 148 149 150 151 152 153 154 155 156 157 158 159 160 161 162 163 164 
						165 166 167 168 161 160 169 170 171 172 167 166 173 174 175 176 177 178 179 180 181 182 183 184 
					</p>
				</polylist>
			</mesh>
		</geometry>
		<geometry id="meshId9" name="meshId9_name" >
			<mesh>
				<source id="meshId9-positions" name="meshId9-positions">
					<float_array id="meshId9-positions-array" count="1200"> 
						-3.459694 6.819229 -14.114178 -3.410576 6.723099 -15.063522 -2.426445 7.483459 -14.829884 -2.426445 7.483459 -14.829884 -2.778656 7.345414 -13.952484 -3.459694 6.819229 -14.114178 -3.360474 6.624969 -18.177620 -1.704651 7.970750 -17.724258 -2.426445 7.483459 -14.829884 -2.426445 7.483459 -14.829884 -3.410576 6.723099 -15.063522 -3.360474 6.624969 -18.177620 -1.704651 7.970750 -17.724258 -0.897614 9.749192 -16.485596 -1.914772 8.448944 -14.191486 -1.914772 8.448944 -14.191486 -2.426445 7.483459 -14.829884 -1.704651 7.970750 -17.724258 -0.897614 9.749192 -16.485596 -1.155640 11.483658 -14.793625 -2.012711 9.360749 -13.319477 -2.012711 9.360749 -13.319477 -1.914772 8.448944 -14.191486 -0.897614 9.749192 -16.485596 -1.155640 11.483658 -14.793625 -2.409538 12.709396 -13.101719 -2.693962 9.974549 -12.447525 -2.693962 9.974549 -12.447525 -2.012711 9.360749 -13.319477 -1.155640 11.483658 -14.793625 -2.409538 12.709396 -13.101719 -4.323464 13.098068 -11.863068 -3.776115 10.125962 -11.809147 -3.776115 10.125962 -11.809147 -2.693962 9.974549 -12.447525 -2.409538 12.709396 -13.101719 -4.323464 13.098068 -11.863068 -6.384430 12.545457 -11.409714 -4.969063 9.774369 -11.575500 -4.969063 9.774369 -11.575500 -3.776115 10.125962 -11.809147 -4.323464 13.098068 -11.863068 -6.384430 12.545457 -11.409714 -8.040245 11.199693 -11.863068 -5.953186 9.014009 -11.809147 -5.953186 9.014009 -11.809147 -4.969063 9.774369 -11.575500 -6.384430 12.545457 -11.409714 -8.040245 11.199693 -11.863068 -8.847290 9.421296 -13.101685 -6.464867 8.048553 -12.447514 -6.464867 8.048553 -12.447514 -5.953186 9.014009 -11.809147 -8.040245 11.199693 -11.863068 -8.847290 9.421296 -13.101685 -8.589272 7.686783 -14.793701 -6.366928 7.136720 -13.319550 -6.366928 7.136720 -13.319550 -6.464867 8.048553 -12.447514 -8.847290 9.421296 -13.101685 -8.589272 7.686783 -14.793701 -7.335373 6.461045 -16.485611 -5.685684 6.522904 -14.191486 -5.685684 6.522904 -14.191486 
						-6.366928 7.136720 -13.319550 -8.589272 7.686783 -14.793701 -7.335373 6.461045 -16.485611 -5.421501 6.072372 -17.724228 -4.603569 6.371490 -14.829853 -4.603569 6.371490 -14.829853 -5.685684 6.522904 -14.191486 -7.335373 6.461045 -16.485611 -5.421501 6.072372 -17.724228 -3.360474 6.624969 -18.177620 -3.410576 6.723099 -15.063522 -3.410576 6.723099 -15.063522 -4.603569 6.371490 -14.829853 -5.421501 6.072372 -17.724228 -3.410576 6.723099 -15.063522 -3.459694 6.819229 -14.114178 -4.285264 6.575913 -13.952465 -4.603569 6.371490 -14.829853 -5.034103 6.680695 -13.510712 -5.685684 6.522904 -14.191486 -4.603569 6.371490 -14.829853 -4.285264 6.575913 -13.952465 -9.063736 6.553192 -18.603607 -6.375694 6.040055 -20.313568 -5.421501 6.072372 -17.724228 -5.421501 6.072372 -17.724228 -7.335373 6.461045 -16.485611 -9.063736 6.553192 -18.603607 -6.375694 6.040055 -20.313568 -3.467735 6.834931 -20.939484 -3.360474 6.624969 -18.177620 -3.360474 6.624969 -18.177620 -5.421501 6.072372 -17.724228 -6.375694 6.040055 -20.313568 -7.529243 6.398071 -22.456726 -3.805183 7.495621 -23.186142 -3.467735 6.834931 -20.939484 -3.467735 6.834931 -20.939484 -6.375694 6.040055 -20.313568 -7.529243 6.398071 -22.456726 -3.805183 7.495621 -23.186142 -0.732956 9.869293 -22.456772 -1.119125 8.724854 -20.313599 -1.119125 8.724854 -20.313599 -3.467735 6.834931 -20.939484 -3.805183 7.495621 -23.186142 -0.732956 9.869293 -22.456772 0.864281 12.883133 -20.464005 0.040886 11.203476 -18.603607 0.040886 11.203476 -18.603607 -1.119125 8.724854 -20.313599 -0.732956 9.869293 -22.456772 0.864281 12.883133 -20.464005 0.558548 15.729462 -17.741890 -0.298546 13.606552 -16.267761 -0.298546 13.606552 -16.267761 0.040886 11.203476 -18.603607 0.864281 12.883133 -20.464005 0.558548 15.729462 -17.741890 -1.568192 17.645632 -15.019852 -2.046417 15.290177 -13.931988 -2.046417 15.290177 -13.931988 -0.298546 13.606552 -16.267761 0.558548 15.729462 -17.741890 
						-1.568192 17.645632 -15.019852 -4.946205 18.118286 -13.027100 -4.734520 15.803329 -12.222000 -4.734520 15.803329 -12.222000 -2.046417 15.290177 -13.931988 -1.568192 17.645632 -15.019852 -4.946205 18.118286 -13.027100 -8.670204 17.020721 -12.297729 -7.642418 15.008423 -11.596115 -7.642418 15.008423 -11.596115 -4.734520 15.803329 -12.222000 -4.946205 18.118286 -13.027100 -8.670204 17.020721 -12.297729 -11.742386 14.647079 -13.027100 -9.990997 13.118530 -12.221989 -9.990997 13.118530 -12.221989 -7.642418 15.008423 -11.596115 -8.670204 17.020721 -12.297729 -11.742386 14.647079 -13.027100 -13.339638 11.633286 -15.019821 -11.151009 10.639955 -13.931950 -11.151009 10.639955 -13.931950 -9.990997 13.118530 -12.221989 -11.742386 14.647079 -13.027100 -13.339638 11.633286 -15.019821 -13.033929 8.786912 -17.741959 -10.811601 8.236833 -16.267822 -10.811601 8.236833 -16.267822 -11.151009 10.639955 -13.931950 -13.339638 11.633286 -15.019821 -13.033929 8.786912 -17.741959 -10.907196 6.870728 -20.464005 -9.063736 6.553192 -18.603607 -9.063736 6.553192 -18.603607 -10.811601 8.236833 -16.267822 -13.033929 8.786912 -17.741959 -24.657961 31.545242 -42.844437 -22.531221 29.629063 -45.566498 -10.907196 6.870728 -20.464005 -13.033929 8.786912 -17.741959 -22.531221 29.629063 -45.566498 -19.153276 29.156403 -47.559204 -7.529243 6.398071 -22.456726 -10.907196 6.870728 -20.464005 -20.042854 31.340622 -43.528435 -18.195465 31.082123 -44.618256 -19.153276 29.156403 -47.559204 -22.531221 29.629063 -45.566498 -18.195465 31.082123 -44.618256 -16.158783 31.682377 -45.017159 -15.429216 30.253956 -48.288635 -19.153276 29.156403 -47.559204 -16.158783 31.682377 -45.017159 -14.478617 32.980515 -44.618279 -12.356987 32.627625 -47.559250 -12.356987 32.627625 -47.559250 -15.429216 30.253956 -48.288635 -16.158783 31.682377 -45.017159 -14.478617 32.980515 -44.618279 -13.605087 34.628769 -43.528435 -10.759751 35.641464 -45.566483 -10.759751 35.641464 -45.566483 -12.356987 32.627625 -47.559250 -14.478617 32.980515 -44.618279 
						-13.605087 34.628769 -43.528435 -13.772294 36.185421 -42.039719 -11.065484 38.487778 -42.844376 -11.065484 38.487778 -42.844376 -10.759751 35.641464 -45.566483 -13.605087 34.628769 -43.528435 -13.772294 36.185421 -42.039719 -14.935381 37.233337 -40.551079 -13.192225 40.403946 -40.122330 -11.065484 38.487778 -42.844376 -14.935381 37.233337 -40.551079 -16.782814 37.491837 -39.461243 -16.570238 40.876602 -38.129585 -13.192225 40.403946 -40.122330 -16.782814 37.491837 -39.461243 -18.819445 36.891586 -39.062347 -20.294237 39.779037 -37.400208 -16.570238 40.876602 -38.129585 -18.819445 36.891586 -39.062347 -20.499598 35.593456 -39.461235 -23.366417 37.405396 -38.129585 -20.294237 39.779037 -37.400208 -20.499598 35.593456 -39.461235 -21.373123 33.945236 -40.551048 -24.963669 34.391617 -40.122299 -24.963669 34.391617 -40.122299 -23.366417 37.405396 -38.129585 -20.499598 35.593456 -39.461235 -21.373123 33.945236 -40.551048 -21.205935 32.388550 -42.039780 -24.657961 31.545242 -42.844437 -24.657961 31.545242 -42.844437 -24.963669 34.391617 -40.122299 -21.373123 33.945236 -40.551048 -21.205935 32.388550 -42.039780 -21.373123 33.945236 -40.551048 -20.499598 35.593456 -39.461235 -20.499598 35.593456 -39.461235 -18.819445 36.891586 -39.062347 -16.782814 37.491837 -39.461243 -21.205935 32.388550 -42.039780 -16.782814 37.491837 -39.461243 -14.935381 37.233337 -40.551079 -13.772294 36.185421 -42.039719 -13.772294 36.185421 -42.039719 -13.605087 34.628769 -43.528435 -14.478617 32.980515 -44.618279 -13.772294 36.185421 -42.039719 -14.478617 32.980515 -44.618279 -14.478617 32.980515 -44.618279 -16.158783 31.682377 -45.017159 -18.195465 31.082123 -44.618256 -18.195465 31.082123 -44.618256 -21.205935 32.388550 -42.039780 -18.195465 31.082123 -44.618256 -20.042854 31.340622 -43.528435 -13.339638 11.633286 -15.019821 -11.742386 14.647079 -13.027100 -23.366417 37.405396 -38.129585 -24.963669 34.391617 -40.122299 -11.742386 14.647079 -13.027100 -8.670204 17.020721 -12.297729 -20.294237 39.779037 -37.400208 -23.366417 37.405396 -38.129585 
						-8.670204 17.020721 -12.297729 -4.946205 18.118286 -13.027100 -16.570238 40.876602 -38.129585 -20.294237 39.779037 -37.400208 -4.946205 18.118286 -13.027100 -1.568192 17.645632 -15.019852 -13.192225 40.403946 -40.122330 -16.570238 40.876602 -38.129585 -1.568192 17.645632 -15.019852 0.558548 15.729462 -17.741890 -11.065484 38.487778 -42.844376 -13.192225 40.403946 -40.122330 0.558548 15.729462 -17.741890 0.864281 12.883133 -20.464005 -10.759751 35.641464 -45.566483 -11.065484 38.487778 -42.844376 0.864281 12.883133 -20.464005 -0.732956 9.869293 -22.456772 -12.356987 32.627625 -47.559250 -10.759751 35.641464 -45.566483 -0.732956 9.869293 -22.456772 -3.805183 7.495621 -23.186142 -15.429216 30.253956 -48.288635 -12.356987 32.627625 -47.559250 -3.805183 7.495621 -23.186142 -7.529243 6.398071 -22.456726 -19.153276 29.156403 -47.559204 -15.429216 30.253956 -48.288635 -22.531221 29.629063 -45.566498 -24.657961 31.545242 -42.844437 -21.205935 32.388550 -42.039780 -20.042854 31.340622 -43.528435 -13.033929 8.786912 -17.741959 -13.339638 11.633286 -15.019821 -24.963669 34.391617 -40.122299 -24.657961 31.545242 -42.844437 -8.589272 7.686783 -14.793701 -8.847290 9.421296 -13.101685 -11.151009 10.639955 -13.931950 -11.151009 10.639955 -13.931950 -10.811601 8.236833 -16.267822 -8.589272 7.686783 -14.793701 -8.847290 9.421296 -13.101685 -8.040245 11.199693 -11.863068 -9.990997 13.118530 -12.221989 -9.990997 13.118530 -12.221989 -11.151009 10.639955 -13.931950 -8.847290 9.421296 -13.101685 -8.040245 11.199693 -11.863068 -6.384430 12.545457 -11.409714 -7.642418 15.008423 -11.596115 -7.642418 15.008423 -11.596115 -9.990997 13.118530 -12.221989 -8.040245 11.199693 -11.863068 -6.384430 12.545457 -11.409714 -4.323464 13.098068 -11.863068 -4.734520 15.803329 -12.222000 -4.734520 15.803329 -12.222000 -7.642418 15.008423 -11.596115 -6.384430 12.545457 -11.409714 -4.323464 13.098068 -11.863068 -2.409538 12.709396 -13.101719 -2.046417 15.290177 -13.931988 -2.046417 15.290177 -13.931988 
						-4.734520 15.803329 -12.222000 -4.323464 13.098068 -11.863068 -2.409538 12.709396 -13.101719 -1.155640 11.483658 -14.793625 -0.298546 13.606552 -16.267761 -0.298546 13.606552 -16.267761 -2.046417 15.290177 -13.931988 -2.409538 12.709396 -13.101719 -1.155640 11.483658 -14.793625 -0.897614 9.749192 -16.485596 0.040886 11.203476 -18.603607 0.040886 11.203476 -18.603607 -0.298546 13.606552 -16.267761 -1.155640 11.483658 -14.793625 -0.897614 9.749192 -16.485596 -1.704651 7.970750 -17.724258 -1.119125 8.724854 -20.313599 -1.119125 8.724854 -20.313599 0.040886 11.203476 -18.603607 -0.897614 9.749192 -16.485596 -1.704651 7.970750 -17.724258 -3.360474 6.624969 -18.177620 -3.467735 6.834931 -20.939484 -3.467735 6.834931 -20.939484 -1.119125 8.724854 -20.313599 -1.704651 7.970750 -17.724258 -6.375694 6.040055 -20.313568 -9.063736 6.553192 -18.603607 -10.907196 6.870728 -20.464005 -10.907196 6.870728 -20.464005 -7.529243 6.398071 -22.456726 -6.375694 6.040055 -20.313568 -7.335373 6.461045 -16.485611 -8.589272 7.686783 -14.793701 -10.811601 8.236833 -16.267822 -10.811601 8.236833 -16.267822 -9.063736 6.553192 -18.603607 -7.335373 6.461045 -16.485611 -5.505539 7.105470 -12.907318 -6.366928 7.136720 -13.319550 -5.685684 6.522904 -14.191486 -5.034103 6.680695 -13.510712 -5.573311 7.736466 -12.303848 -6.464867 8.048553 -12.447514 -6.366928 7.136720 -13.319550 -6.366928 7.136720 -13.319550 -5.505539 7.105470 -12.907318 -5.573311 7.736466 -12.303848 -5.219223 8.404588 -11.862091 -5.953186 9.014009 -11.809147 -6.464867 8.048553 -12.447514 -6.464867 8.048553 -12.447514 -5.573311 7.736466 -12.303848 -5.219223 8.404588 -11.862091 -4.538193 8.930771 -11.700409 -4.969063 9.774369 -11.575500 -5.953186 9.014009 -11.809147 -5.953186 9.014009 -11.809147 -5.219223 8.404588 -11.862091 -4.538193 8.930771 -11.700409 -3.712654 9.174073 -11.862091 -3.776115 10.125962 -11.809147 -4.969063 9.774369 -11.575500 -4.538193 8.930771 -11.700409 
						-2.963784 9.069291 -12.303867 -2.693962 9.974549 -12.447525 -3.776115 10.125962 -11.809147 -3.712654 9.174073 -11.862091 -2.492340 8.644531 -12.907272 -2.012711 9.360749 -13.319477 -2.693962 9.974549 -12.447525 -2.963784 9.069291 -12.303867 -2.424568 8.013551 -13.510712 -1.914772 8.448944 -14.191486 -2.012711 9.360749 -13.319477 -2.492340 8.644531 -12.907272 -2.778656 7.345414 -13.952484 -2.426445 7.483459 -14.829884 -1.914772 8.448944 -14.191486 -2.424568 8.013551 -13.510712 
					</float_array>
					<technique_common>
						<accessor count="400" offset="0" source="#meshId9-positions-array" stride="3">
							<param name="X" type="float" />
							<param name="Y" type="float" />
							<param name="Z" type="float" />
						</accessor>
					</technique_common>
				</source>
				<source id="meshId9-normals" name="meshId9-normals">
					<float_array id="meshId9-normals-array" count="1200"> 
						0.590876 -0.799023 0.111481 0.590876 -0.799023 0.111481 0.590876 -0.799023 0.111481 0.590875 -0.799024 0.111478 0.590875 -0.799024 0.111478 0.590875 -0.799024 0.111478 0.626378 -0.779118 0.025035 0.626378 -0.779117 0.025035 0.626378 -0.779118 0.025035 0.605839 -0.794826 0.034793 0.605839 -0.794826 0.034793 0.605839 -0.794826 0.034793 0.871457 -0.476478 0.116328 0.871457 -0.476478 0.116328 0.871457 -0.476478 0.116328 0.841641 -0.526240 0.121290 0.841641 -0.526240 0.121290 0.841641 -0.526240 0.121290 0.936696 -0.162967 0.309907 0.936696 -0.162967 0.309907 0.936696 -0.162967 0.309907 0.932874 -0.191540 0.305055 0.932874 -0.191540 0.305055 0.932874 -0.191540 0.305055 0.819746 0.051197 0.570434 0.819746 0.051197 0.570434 0.819746 0.051197 0.570434 0.810875 0.075602 0.580316 0.810875 0.075602 0.580316 0.810875 0.075602 0.580316 0.556255 0.117367 0.822682 0.556255 0.117367 0.822682 0.556255 0.117367 0.822682 0.517774 0.147722 0.842667 0.517774 0.147722 0.842667 0.517774 0.147722 0.842667 0.203044 0.045188 0.978127 0.203044 0.045188 0.978127 0.203044 0.045188 0.978127 0.177591 0.050537 0.982806 0.177591 0.050537 0.982806 0.177591 0.050537 0.982806 -0.161835 -0.130399 0.978164 -0.161835 -0.130399 0.978164 -0.161835 -0.130399 0.978164 -0.134708 -0.127592 0.982636 -0.134708 -0.127592 0.982636 -0.134708 -0.127592 0.982636 -0.438558 -0.371064 0.818522 -0.438558 -0.371064 0.818522 -0.438558 -0.371064 0.818522 -0.392249 -0.353598 0.849181 -0.392249 -0.353598 0.849181 -0.392249 -0.353598 0.849181 -0.531289 -0.630755 0.565580 -0.531289 -0.630755 0.565580 -0.531289 -0.630755 0.565580 -0.518700 -0.619355 0.589364 -0.518700 -0.619355 0.589364 -0.518700 -0.619355 0.589364 -0.408791 -0.855791 0.317034 -0.408791 -0.855791 0.317034 -0.408791 -0.855791 0.317034 -0.407358 -0.865630 0.291108 
						-0.407358 -0.865630 0.291108 -0.407358 -0.865630 0.291108 -0.113357 -0.984507 0.133777 -0.113357 -0.984507 0.133777 -0.113357 -0.984507 0.133777 -0.086406 -0.992287 0.088890 -0.086406 -0.992287 0.088890 -0.086406 -0.992287 0.088890 0.265916 -0.963374 0.034636 0.265916 -0.963374 0.034636 0.265916 -0.963374 0.034636 0.285938 -0.958075 0.018208 0.285938 -0.958075 0.018208 0.285938 -0.958075 0.018208 0.300970 -0.947096 0.111475 0.300970 -0.947096 0.111475 0.300970 -0.947096 0.111475 0.300970 -0.947096 0.111476 -0.001984 -0.973753 0.227599 -0.001984 -0.973753 0.227599 -0.001984 -0.973753 0.227599 -0.001989 -0.973753 0.227597 -0.146289 -0.987023 0.066228 -0.146289 -0.987023 0.066228 -0.146289 -0.987023 0.066228 -0.149153 -0.985667 0.078831 -0.149153 -0.985667 0.078831 -0.149153 -0.985667 0.078831 0.246106 -0.965685 -0.082971 0.246106 -0.965685 -0.082971 0.246106 -0.965685 -0.082971 0.242314 -0.967120 -0.077224 0.242314 -0.967120 -0.077224 0.242314 -0.967120 -0.077224 0.213768 -0.928043 -0.305024 0.213768 -0.928043 -0.305024 0.213768 -0.928043 -0.305024 0.200616 -0.943004 -0.265511 0.200616 -0.943004 -0.265511 0.200616 -0.943004 -0.265511 0.627837 -0.727926 -0.275580 0.627837 -0.727926 -0.275580 0.627837 -0.727926 -0.275580 0.645154 -0.701339 -0.303150 0.645154 -0.701339 -0.303150 0.645154 -0.701339 -0.303150 0.888813 -0.457834 -0.019975 0.888813 -0.457835 -0.019975 0.888813 -0.457834 -0.019975 0.916715 -0.396803 -0.046711 0.916715 -0.396803 -0.046711 0.916715 -0.396803 -0.046711 0.940099 -0.177415 0.291098 0.940099 -0.177415 0.291098 0.940099 -0.177415 0.291098 0.946652 -0.145689 0.287444 0.946652 -0.145689 0.287444 0.946652 -0.145689 0.287444 0.816322 0.097219 0.569357 0.816322 0.097219 0.569357 0.816322 0.097219 0.569357 0.820413 0.063360 0.568250 0.820413 0.063360 0.568250 0.820413 0.063360 0.568250 
						0.513959 0.323327 0.794548 0.513959 0.323327 0.794548 0.513959 0.323327 0.794548 0.553188 0.254097 0.793358 0.553188 0.254097 0.793358 0.553188 0.254097 0.793358 0.075172 0.362310 0.929021 0.075172 0.362310 0.929021 0.075172 0.362310 0.929021 0.109692 0.335434 0.935656 0.109692 0.335434 0.935656 0.109692 0.335434 0.935656 -0.320811 0.126806 0.938616 -0.320811 0.126806 0.938616 -0.320811 0.126806 0.938616 -0.357976 0.139088 0.923313 -0.357976 0.139088 0.923313 -0.357976 0.139088 0.923313 -0.521939 -0.260442 0.812250 -0.521939 -0.260442 0.812250 -0.521939 -0.260442 0.812250 -0.581295 -0.259903 0.771069 -0.581295 -0.259903 0.771069 -0.581295 -0.259903 0.771069 -0.536583 -0.612622 0.580321 -0.536583 -0.612622 0.580321 -0.536583 -0.612622 0.580321 -0.556497 -0.618185 0.555121 -0.556497 -0.618185 0.555121 -0.556497 -0.618185 0.555121 -0.425564 -0.862286 0.274513 -0.425564 -0.862286 0.274513 -0.425564 -0.862286 0.274513 -0.415335 -0.856462 0.306545 -0.415335 -0.856462 0.306545 -0.415335 -0.856462 0.306545 -0.777719 -0.600884 -0.184639 -0.777719 -0.600884 -0.184639 -0.777719 -0.600884 -0.184639 -0.777719 -0.600884 -0.184639 -0.404332 -0.762922 -0.504446 -0.404333 -0.762922 -0.504446 -0.404332 -0.762922 -0.504446 -0.404333 -0.762922 -0.504446 -0.175412 0.848845 -0.498691 -0.175412 0.848845 -0.498691 -0.175412 0.848845 -0.498691 -0.175413 0.848845 -0.498691 -0.332028 0.835066 -0.438660 -0.332028 0.835066 -0.438660 -0.332028 0.835066 -0.438660 -0.332029 0.835065 -0.438661 -0.481905 0.758512 -0.438664 -0.481905 0.758512 -0.438664 -0.481905 0.758512 -0.438664 -0.481903 0.758516 -0.438660 -0.481903 0.758516 -0.438660 -0.481903 0.758516 -0.438660 -0.584880 0.639710 -0.498685 -0.584880 0.639710 -0.498685 -0.584880 0.639710 -0.498685 -0.584878 0.639705 -0.498693 -0.584878 0.639705 -0.498693 -0.584878 0.639705 -0.498693 
						-0.613356 0.510478 -0.602666 -0.613356 0.510478 -0.602666 -0.613356 0.510478 -0.602666 -0.613360 0.510479 -0.602661 -0.613360 0.510479 -0.602661 -0.613360 0.510479 -0.602661 -0.559716 0.405453 -0.722721 -0.559716 0.405453 -0.722721 -0.559716 0.405453 -0.722721 -0.559714 0.405453 -0.722722 -0.438319 0.352775 -0.826696 -0.438319 0.352775 -0.826696 -0.438319 0.352775 -0.826696 -0.438322 0.352772 -0.826695 -0.281707 0.366552 -0.886725 -0.281707 0.366552 -0.886725 -0.281707 0.366552 -0.886725 -0.281705 0.366555 -0.886724 -0.131833 0.443099 -0.886726 -0.131833 0.443099 -0.886726 -0.131833 0.443099 -0.886726 -0.131833 0.443102 -0.886725 -0.028857 0.561909 -0.826696 -0.028857 0.561909 -0.826696 -0.028857 0.561909 -0.826696 -0.028857 0.561908 -0.826696 -0.028857 0.561908 -0.826696 -0.028857 0.561908 -0.826696 -0.000376 0.691137 -0.722724 -0.000376 0.691137 -0.722723 -0.000376 0.691137 -0.722723 -0.000376 0.691138 -0.722723 -0.000376 0.691138 -0.722723 -0.000376 0.691138 -0.722723 -0.324495 0.635323 -0.700762 -0.324495 0.635323 -0.700762 -0.324495 0.635323 -0.700762 -0.324498 0.635321 -0.700763 -0.324498 0.635321 -0.700763 -0.324498 0.635321 -0.700763 -0.324499 0.635323 -0.700760 -0.324489 0.635331 -0.700757 -0.324489 0.635332 -0.700757 -0.324489 0.635331 -0.700757 -0.324479 0.635326 -0.700767 -0.324479 0.635326 -0.700767 -0.324479 0.635326 -0.700767 -0.324495 0.635324 -0.700761 -0.324495 0.635324 -0.700761 -0.324495 0.635315 -0.700770 -0.324495 0.635315 -0.700770 -0.324495 0.635315 -0.700770 -0.324499 0.635323 -0.700761 -0.324491 0.635332 -0.700756 -0.324491 0.635332 -0.700756 -0.324491 0.635332 -0.700756 -0.855111 0.119651 0.504448 -0.855112 0.119651 0.504448 -0.855111 0.119651 0.504448 -0.855111 0.119651 0.504448 -0.538382 0.485081 0.689087 -0.538382 0.485081 0.689087 -0.538382 0.485081 0.689087 -0.538382 0.485081 0.689087 
						-0.077399 0.720533 0.689087 -0.077399 0.720533 0.689087 -0.077399 0.720533 0.689087 -0.077399 0.720533 0.689087 0.404331 0.762922 0.504447 0.404331 0.762922 0.504447 0.404331 0.762922 0.504447 0.404331 0.762922 0.504447 0.777717 0.600886 0.184641 0.777717 0.600886 0.184641 0.777717 0.600886 0.184641 0.777717 0.600886 0.184641 0.942715 0.277842 -0.184640 0.942715 0.277842 -0.184640 0.942715 0.277842 -0.184640 0.942715 0.277843 -0.184640 0.855116 -0.119643 -0.504443 0.855116 -0.119643 -0.504443 0.855116 -0.119643 -0.504443 0.855116 -0.119643 -0.504443 0.538380 -0.485082 -0.689088 0.538380 -0.485082 -0.689088 0.538380 -0.485082 -0.689088 0.538382 -0.485081 -0.689087 0.077387 -0.720536 -0.689085 0.077387 -0.720536 -0.689085 0.077387 -0.720536 -0.689085 0.077385 -0.720537 -0.689085 -0.054019 0.796166 -0.602663 -0.054019 0.796166 -0.602663 -0.054019 0.796166 -0.602663 -0.054024 0.796166 -0.602661 -0.942716 -0.277837 0.184645 -0.942716 -0.277837 0.184645 -0.942716 -0.277837 0.184645 -0.942716 -0.277837 0.184645 -0.535767 -0.629097 0.563197 -0.535767 -0.629097 0.563197 -0.535767 -0.629097 0.563197 -0.532256 -0.627527 0.568255 -0.532256 -0.627527 0.568255 -0.532256 -0.627527 0.568255 -0.484086 -0.341441 0.805654 -0.484087 -0.341441 0.805654 -0.484087 -0.341441 0.805654 -0.472740 -0.339701 0.813093 -0.472740 -0.339701 0.813093 -0.472740 -0.339701 0.813093 -0.230337 -0.044076 0.972112 -0.230337 -0.044076 0.972112 -0.230337 -0.044076 0.972112 -0.223336 -0.044919 0.973706 -0.223335 -0.044919 0.973706 -0.223336 -0.044919 0.973706 0.172345 0.155248 0.972726 0.172345 0.155248 0.972726 0.172345 0.155248 0.972726 0.166150 0.158522 0.973275 0.166150 0.158522 0.973275 0.166150 0.158522 0.973275 0.560002 0.181286 0.808414 0.560002 0.181286 0.808414 0.560002 0.181286 0.808414 0.552571 0.191584 0.811148 
						0.552571 0.191584 0.811148 0.552571 0.191584 0.811148 0.822460 0.060678 0.565578 0.822460 0.060678 0.565578 0.822460 0.060678 0.565578 0.821335 0.066699 0.566533 0.821335 0.066699 0.566533 0.821335 0.066699 0.566533 0.938462 -0.159323 0.306441 0.938462 -0.159323 0.306441 0.938462 -0.159323 0.306441 0.937344 -0.165574 0.306549 0.937344 -0.165574 0.306549 0.937344 -0.165574 0.306549 0.889329 -0.451958 0.069478 0.889329 -0.451958 0.069478 0.889329 -0.451958 0.069478 0.883036 -0.463599 0.072957 0.883036 -0.463599 0.072957 0.883036 -0.463599 0.072957 0.642109 -0.762121 -0.082875 0.642109 -0.762121 -0.082875 0.642109 -0.762121 -0.082875 0.637656 -0.766263 -0.078970 0.637656 -0.766263 -0.078970 0.637656 -0.766263 -0.078970 -0.180653 -0.983484 0.011146 -0.180653 -0.983484 0.011146 -0.180653 -0.983484 0.011146 -0.177689 -0.981710 -0.068355 -0.177689 -0.981710 -0.068355 -0.177689 -0.981710 -0.068355 -0.417050 -0.854413 0.309915 -0.417050 -0.854413 0.309915 -0.417050 -0.854413 0.309915 -0.418208 -0.855959 0.304033 -0.418208 -0.855959 0.304033 -0.418208 -0.855959 0.304033 -0.236807 -0.871843 0.428734 -0.236807 -0.871843 0.428734 -0.236807 -0.871843 0.428734 -0.236810 -0.871842 0.428734 -0.340577 -0.668690 0.660955 -0.340577 -0.668690 0.660955 -0.340577 -0.668690 0.660955 -0.340568 -0.668697 0.660952 -0.340568 -0.668697 0.660952 -0.340568 -0.668697 0.660952 -0.285476 -0.418715 0.862080 -0.285476 -0.418715 0.862080 -0.285476 -0.418716 0.862080 -0.285480 -0.418706 0.862083 -0.285480 -0.418706 0.862083 -0.285480 -0.418706 0.862083 -0.086281 -0.188907 0.978197 -0.086281 -0.188907 0.978197 -0.086281 -0.188907 0.978197 -0.086281 -0.188902 0.978198 -0.086281 -0.188902 0.978198 -0.086281 -0.188902 0.978198 0.203619 -0.040836 0.978198 0.203619 -0.040836 0.978198 0.203619 -0.040836 0.978198 0.203617 -0.040840 0.978198 
						0.506573 -0.014180 0.862081 0.506573 -0.014180 0.862081 0.506573 -0.014180 0.862080 0.506573 -0.014180 0.862081 0.741387 -0.116085 0.660961 0.741387 -0.116085 0.660961 0.741387 -0.116085 0.660961 0.741387 -0.116085 0.660961 0.845154 -0.319234 0.428725 0.845154 -0.319234 0.428725 0.845154 -0.319234 0.428725 0.845154 -0.319234 0.428723 0.790068 -0.569202 0.227599 0.790068 -0.569202 0.227599 0.790068 -0.569202 0.227599 0.790068 -0.569200 0.227606 
					</float_array>
					<technique_common>
						<accessor count="400" offset="0" source="#meshId9-normals-array" stride="3">
							<param name="X" type="float" />
							<param name="Y" type="float" />
							<param name="Z" type="float" />
						</accessor>
					</technique_common>
				</source>
				<source id="meshId9-tangents" name="meshId9-tangents">
					<float_array id="meshId9-tangents-array" count="1200"> 
						-0.068528 -0.187392 -0.979892 -0.068528 -0.187392 -0.979892 -0.068528 -0.187392 -0.979892 -0.068511 -0.187377 -0.979896 -0.068511 -0.187377 -0.979896 -0.068511 -0.187377 -0.979896 -0.069489 -0.087796 -0.993712 -0.069489 -0.087796 -0.993712 -0.069489 -0.087796 -0.993712 -0.069432 -0.096388 -0.992919 -0.069432 -0.096388 -0.992919 -0.069432 -0.096388 -0.992919 0.132314 0.000001 -0.991208 0.132314 0.000001 -0.991208 0.132314 0.000001 -0.991208 0.142638 0.000000 -0.989775 0.142638 0.000000 -0.989775 0.142638 0.000000 -0.989775 0.314106 0.000001 -0.949388 0.314106 0.000001 -0.949388 0.314106 0.000001 -0.949388 0.310810 0.000001 -0.950472 0.310810 0.000001 -0.950472 0.310810 0.000001 -0.950472 0.571184 0.000000 -0.820822 0.571183 0.000000 -0.820822 0.571183 0.000000 -0.820823 0.581981 0.000000 -0.813202 0.581981 0.000000 -0.813202 0.581981 0.000000 -0.813202 0.670797 -0.647770 -0.361145 0.670797 -0.647770 -0.361145 0.670797 -0.647770 -0.361145 0.685063 -0.661582 -0.304957 0.685063 -0.661582 -0.304957 0.685063 -0.661582 -0.304957 0.714445 -0.689936 -0.116433 0.714445 -0.689936 -0.116433 0.714445 -0.689936 -0.116433 0.716169 -0.691588 -0.093848 0.716169 -0.691588 -0.093848 0.716169 -0.691588 -0.093848 0.719090 -0.694415 0.026399 0.719090 -0.694415 0.026399 0.719090 -0.694415 0.026399 0.719316 -0.694632 0.008414 0.719316 -0.694632 0.008414 0.719316 -0.694632 0.008414 0.717561 -0.692935 0.070333 0.717561 -0.692935 0.070333 0.717561 -0.692935 0.070333 0.718676 -0.694016 0.042978 0.718676 -0.694016 0.042979 0.718676 -0.694016 0.042979 -0.053529 -0.641267 -0.765448 -0.053529 -0.641267 -0.765448 -0.053529 -0.641267 -0.765448 -0.052097 -0.665171 -0.744871 -0.052097 -0.665171 -0.744871 -0.052097 -0.665171 -0.744871 -0.066113 -0.318704 -0.945546 -0.066113 -0.318704 -0.945546 -0.066113 -0.318704 -0.945546 -0.066757 -0.289678 -0.954793 
						-0.066757 -0.289678 -0.954793 -0.066757 -0.289678 -0.954793 -0.069195 -0.126496 -0.989551 -0.069195 -0.126496 -0.989551 -0.069195 -0.126496 -0.989551 -0.069513 -0.083001 -0.994122 -0.069513 -0.083001 -0.994122 -0.069513 -0.083001 -0.994122 -0.069651 -0.055036 -0.996052 -0.069651 -0.055036 -0.996052 -0.069651 -0.055036 -0.996052 -0.069701 -0.039745 -0.996776 -0.069701 -0.039745 -0.996776 -0.069701 -0.039745 -0.996776 -0.069095 -0.138245 -0.987985 -0.069095 -0.138245 -0.987985 -0.069095 -0.138245 -0.987985 -0.069088 -0.138244 -0.987986 -0.067936 -0.226942 -0.971536 -0.067936 -0.226942 -0.971536 -0.067936 -0.226942 -0.971536 -0.067937 -0.226941 -0.971536 -0.069645 -0.056506 -0.995970 -0.069645 -0.056506 -0.995970 -0.069645 -0.056506 -0.995970 -0.069597 -0.069060 -0.995182 -0.069597 -0.069060 -0.995182 -0.069597 -0.069060 -0.995182 -0.069592 0.067777 -0.995270 -0.069592 0.067777 -0.995270 -0.069592 0.067777 -0.995270 -0.069624 0.062057 -0.995641 -0.069624 0.062057 -0.995641 -0.069624 0.062057 -0.995641 -0.066596 0.297671 -0.952343 -0.066596 0.297671 -0.952343 -0.066596 0.297671 -0.952343 -0.067413 0.257090 -0.964033 -0.067413 0.257090 -0.964033 -0.067413 0.257090 -0.964033 -0.066485 0.302610 -0.950793 -0.066485 0.302610 -0.950793 -0.066485 0.302610 -0.950793 -0.065488 0.344547 -0.936482 -0.065488 0.344547 -0.936482 -0.065488 0.344547 -0.936482 -0.022468 -0.000001 -0.999748 -0.022468 -0.000001 -0.999748 -0.022468 -0.000001 -0.999748 -0.050889 -0.000001 -0.998704 -0.050889 -0.000001 -0.998704 -0.050889 -0.000001 -0.998704 0.295790 -0.000000 -0.955253 0.295790 -0.000000 -0.955253 0.295790 -0.000000 -0.955253 0.290544 -0.000000 -0.956862 0.290544 -0.000000 -0.956862 0.290544 -0.000000 -0.956862 0.572067 0.000000 -0.820207 0.572067 0.000000 -0.820207 0.572067 0.000000 -0.820207 0.569394 0.000000 -0.822065 0.569394 0.000000 -0.822065 0.569394 0.000000 -0.822065 
						0.707638 -0.683352 -0.179663 0.707638 -0.683352 -0.179663 0.707638 -0.683352 -0.179663 0.692856 -0.669096 -0.268812 0.692856 -0.669096 -0.268812 0.692856 -0.669096 -0.268812 0.703598 -0.679459 0.208051 0.703598 -0.679459 0.208051 0.703598 -0.679459 0.208051 0.709784 -0.685417 0.162511 0.709784 -0.685417 0.162512 0.709784 -0.685417 0.162512 0.681111 -0.657742 0.321658 0.681111 -0.657742 0.321658 0.681111 -0.657742 0.321658 0.671634 -0.648592 0.358102 0.671633 -0.648592 0.358102 0.671634 -0.648592 0.358102 0.699562 -0.675546 0.232919 0.699562 -0.675546 0.232919 0.699562 -0.675546 0.232919 0.687441 -0.663856 0.294485 0.687441 -0.663856 0.294485 0.687441 -0.663856 0.294485 -0.052265 -0.662261 -0.747449 -0.052265 -0.662260 -0.747449 -0.052265 -0.662261 -0.747449 -0.053598 -0.640034 -0.766475 -0.053598 -0.640034 -0.766475 -0.053598 -0.640034 -0.766475 -0.067112 -0.272445 -0.959828 -0.067112 -0.272445 -0.959828 -0.067112 -0.272445 -0.959828 -0.066375 -0.307554 -0.949213 -0.066375 -0.307554 -0.949213 -0.066375 -0.307554 -0.949213 0.179951 0.068619 -0.981279 0.179951 0.068619 -0.981279 0.179951 0.068619 -0.981279 0.179950 0.068619 -0.981280 -0.057238 0.571567 -0.818557 -0.057238 0.571567 -0.818557 -0.057238 0.571567 -0.818557 -0.057240 0.571567 -0.818556 -0.000002 -0.506546 -0.862213 -0.000002 -0.506546 -0.862213 -0.000002 -0.506546 -0.862213 0.000000 -0.506545 -0.862213 -0.000003 -0.465043 -0.885288 -0.000003 -0.465043 -0.885288 -0.000003 -0.465043 -0.885288 -0.000003 -0.465045 -0.885287 0.000010 -0.500625 -0.865664 0.000010 -0.500625 -0.865664 0.000010 -0.500626 -0.865664 -0.000002 -0.500626 -0.865664 -0.000002 -0.500626 -0.865664 -0.000002 -0.500626 -0.865664 -0.000008 -0.614815 -0.788671 -0.000008 -0.614815 -0.788672 -0.000008 -0.614815 -0.788671 0.000004 -0.614818 -0.788669 0.000004 -0.614818 -0.788669 0.000004 -0.614818 -0.788669 
						0.720246 0.048396 -0.692029 0.720246 0.048396 -0.692029 0.720246 0.048396 -0.692029 0.720238 0.048389 -0.692037 0.720238 0.048389 -0.692037 0.720238 0.048389 -0.692037 -0.313351 0.703824 0.637529 -0.313351 0.703824 0.637529 -0.313351 0.703824 0.637529 -0.313359 0.703819 0.637530 -0.347927 0.781461 0.517944 -0.347927 0.781461 0.517944 -0.347927 0.781461 0.517944 -0.347927 0.781461 0.517944 -0.362797 0.814852 0.452100 -0.362797 0.814852 0.452100 -0.362797 0.814852 0.452100 -0.362796 0.814852 0.452102 -0.361311 0.811516 0.459234 -0.361311 0.811516 0.459234 -0.361311 0.811516 0.459234 -0.361311 0.811515 0.459236 -0.343325 0.771155 0.536142 -0.343326 0.771155 0.536142 -0.343326 0.771155 0.536142 -0.343338 0.771151 0.536139 -0.343338 0.771151 0.536139 -0.343338 0.771151 0.536139 -0.306290 0.687909 0.658003 -0.306290 0.687909 0.658003 -0.306290 0.687909 0.658003 -0.306279 0.687911 0.658006 -0.306279 0.687911 0.658006 -0.306279 0.687911 0.658006 -0.285251 0.640632 0.712897 -0.285251 0.640632 0.712897 -0.285251 0.640632 0.712897 -0.285236 0.640640 0.712896 -0.285236 0.640640 0.712896 -0.285236 0.640640 0.712896 -0.285232 0.640640 0.712898 -0.285214 0.640644 0.712901 -0.285214 0.640644 0.712901 -0.285214 0.640644 0.712901 -0.285249 0.640639 0.712892 -0.285249 0.640639 0.712892 -0.285249 0.640639 0.712892 -0.285232 0.640640 0.712898 -0.285232 0.640640 0.712898 -0.285239 0.640647 0.712889 -0.285239 0.640647 0.712889 -0.285239 0.640647 0.712889 -0.285236 0.640639 0.712898 -0.285220 0.640640 0.712902 -0.285220 0.640640 0.712902 -0.285220 0.640641 0.712902 -0.500891 0.060375 -0.863402 -0.500891 0.060375 -0.863402 -0.500891 0.060375 -0.863402 -0.500891 0.060375 -0.863402 0.495844 -0.478830 0.724473 0.495843 -0.478831 0.724473 0.495844 -0.478830 0.724473 0.495844 -0.478830 0.724473 
						0.000001 0.691161 -0.722701 0.000001 0.691161 -0.722701 0.000001 0.691161 -0.722701 0.000001 0.691161 -0.722701 0.000000 0.551541 -0.834148 0.000000 0.551541 -0.834148 -0.000002 0.551542 -0.834147 -0.000002 0.551542 -0.834147 0.230993 0.000000 -0.972955 0.230993 0.000000 -0.972955 0.230993 0.000000 -0.972955 0.230994 0.000000 -0.972955 -0.192208 -0.000001 -0.981354 -0.192208 -0.000001 -0.981354 -0.192208 -0.000001 -0.981354 -0.192208 -0.000000 -0.981354 -0.508093 -0.000000 -0.861302 -0.508093 -0.000000 -0.861302 -0.508093 -0.000000 -0.861302 -0.508092 0.000001 -0.861303 -0.293287 0.658733 -0.692858 -0.293287 0.658733 -0.692859 -0.293287 0.658734 -0.692858 -0.293287 0.658734 -0.692858 -0.050661 0.687423 -0.724488 -0.050661 0.687423 -0.724488 -0.050661 0.687423 -0.724488 -0.050661 0.687423 -0.724489 0.000004 -0.603544 -0.797330 0.000004 -0.603544 -0.797330 0.000004 -0.603544 -0.797330 0.000003 -0.603543 -0.797331 -0.211081 0.068185 -0.975087 -0.211081 0.068185 -0.975087 -0.211081 0.068185 -0.975087 -0.211081 0.068184 -0.975088 -0.053584 -0.640330 -0.766229 -0.053584 -0.640330 -0.766229 -0.053584 -0.640330 -0.766229 -0.053304 -0.645060 -0.762271 -0.053304 -0.645060 -0.762271 -0.053304 -0.645060 -0.762271 0.712604 -0.688153 0.136533 0.712604 -0.688153 0.136533 0.712604 -0.688153 0.136533 0.713515 -0.689039 0.126971 0.713515 -0.689039 0.126971 0.713515 -0.689039 0.126971 0.712500 -0.688043 0.137627 0.712500 -0.688043 0.137627 0.712500 -0.688043 0.137627 0.713065 -0.688600 0.131787 0.713065 -0.688600 0.131787 0.713065 -0.688600 0.131787 0.719234 -0.694570 -0.016578 0.719234 -0.694570 -0.016578 0.719234 -0.694570 -0.016578 0.719311 -0.694621 -0.009659 0.719311 -0.694621 -0.009659 0.719311 -0.694621 -0.009659 0.680533 -0.657167 -0.324047 0.680533 -0.657167 -0.324047 0.680533 -0.657167 -0.324047 0.683919 -0.660465 -0.309905 
						0.683919 -0.660465 -0.309905 0.683919 -0.660465 -0.309905 0.566622 0.000001 -0.823978 0.566621 0.000001 -0.823978 0.566622 0.000001 -0.823978 0.567798 0.000000 -0.823168 0.567798 0.000000 -0.823168 0.567798 0.000000 -0.823168 0.310405 -0.000001 -0.950604 0.310405 -0.000001 -0.950604 0.310405 -0.000001 -0.950604 0.310839 -0.000000 -0.950462 0.310839 -0.000000 -0.950463 0.310839 -0.000000 -0.950463 0.077886 -0.000001 -0.996962 0.077886 -0.000001 -0.996962 0.077886 -0.000001 -0.996962 0.082339 -0.000002 -0.996604 0.082339 -0.000002 -0.996604 0.082339 -0.000002 -0.996604 -0.069666 0.049648 -0.996334 -0.069666 0.049648 -0.996334 -0.069666 0.049648 -0.996334 -0.069684 0.044716 -0.996566 -0.069684 0.044716 -0.996566 -0.069684 0.044716 -0.996566 -0.069748 0.001506 -0.997563 -0.069748 0.001506 -0.997563 -0.069748 0.001506 -0.997563 -0.069525 0.081810 -0.994220 -0.069525 0.081810 -0.994220 -0.069525 0.081810 -0.994220 -0.066279 -0.311487 -0.947936 -0.066279 -0.311487 -0.947936 -0.066279 -0.311487 -0.947936 -0.066438 -0.304988 -0.950036 -0.066438 -0.304988 -0.950036 -0.066438 -0.304988 -0.950036 -0.063079 -0.426558 -0.902258 -0.063079 -0.426558 -0.902258 -0.063079 -0.426558 -0.902258 -0.063078 -0.426558 -0.902258 -0.050574 -0.688935 -0.723057 -0.050574 -0.688935 -0.723057 -0.050574 -0.688935 -0.723057 -0.050594 -0.688924 -0.723066 -0.050594 -0.688924 -0.723066 -0.050594 -0.688924 -0.723066 0.715828 -0.691265 -0.098705 0.715828 -0.691265 -0.098705 0.715828 -0.691265 -0.098705 0.715822 -0.691273 -0.098700 0.715822 -0.691273 -0.098700 0.715822 -0.691273 -0.098700 0.717557 -0.692920 -0.070523 0.717557 -0.692920 -0.070523 0.717557 -0.692920 -0.070523 0.717548 -0.692930 -0.070522 0.717548 -0.692930 -0.070522 0.717548 -0.692930 -0.070522 0.708114 -0.683825 -0.175946 0.708114 -0.683826 -0.175946 0.708114 -0.683825 -0.175946 0.708120 -0.683819 -0.175949 
						0.659833 -0.637220 -0.398210 0.659833 -0.637220 -0.398210 0.659833 -0.637220 -0.398210 0.659832 -0.637221 -0.398210 0.665460 -0.000002 -0.746433 0.665460 -0.000002 -0.746433 0.665460 -0.000002 -0.746433 0.665460 0.000000 -0.746433 0.452395 -0.000003 -0.891818 0.452395 -0.000003 -0.891818 0.452395 -0.000003 -0.891818 0.452393 -0.000003 -0.891819 0.276817 -0.000001 -0.960923 0.276817 -0.000001 -0.960923 0.276817 -0.000001 -0.960923 0.276822 -0.000005 -0.960921 
					</float_array>
					<technique_common>
						<accessor count="400" offset="0" source="#meshId9-tangents-array" stride="3">
							<param name="X" type="float" />
							<param name="Y" type="float" />
							<param name="Z" type="float" />
						</accessor>
					</technique_common>
				</source>
				<source id="meshId9-bitangents" name="meshId9-bitangents">
					<float_array id="meshId9-bitangents-array" count="1200"> 
						0.803847 0.571355 -0.165481 0.803847 0.571355 -0.165481 0.803847 0.571355 -0.165481 0.803849 0.571358 -0.165458 0.803849 0.571358 -0.165458 0.803849 0.571358 -0.165458 0.776416 0.620700 -0.109133 0.776416 0.620699 -0.109133 0.776416 0.620700 -0.109133 0.792552 0.599134 -0.113583 0.792551 0.599134 -0.113583 0.792551 0.599134 -0.113582 0.472289 0.879186 0.063045 0.472289 0.879186 0.063045 0.472289 0.879186 0.063045 0.520859 0.850336 0.075062 0.520859 0.850336 0.075062 0.520859 0.850336 0.075062 0.154719 0.986632 0.051190 0.154719 0.986632 0.051190 0.154719 0.986632 0.051190 0.182053 0.981485 0.059533 0.182053 0.981485 0.059533 0.182053 0.981485 0.059533 -0.042024 0.998689 -0.029243 -0.042024 0.998689 -0.029243 -0.042024 0.998689 -0.029243 -0.061480 0.997138 -0.043999 -0.061480 0.997138 -0.043999 -0.061480 0.997138 -0.043999 0.490522 0.752741 -0.439055 0.490522 0.752741 -0.439055 0.490522 0.752741 -0.439055 0.512445 0.735179 -0.443749 0.512445 0.735179 -0.443749 0.512445 0.735179 -0.443749 0.669583 0.722459 -0.172371 0.669583 0.722459 -0.172371 0.669583 0.722459 -0.172371 0.674954 0.720522 -0.159013 0.674954 0.720522 -0.159013 0.674954 0.720522 -0.159013 0.675810 0.707661 0.206149 0.675810 0.707661 0.206149 0.675810 0.707661 0.206149 0.681497 0.707960 0.185352 0.681497 0.707960 0.185352 0.681497 0.707960 0.185352 0.541084 0.618185 0.570154 0.541084 0.618185 0.570154 0.541084 0.618185 0.570154 0.574148 0.627144 0.526349 0.574148 0.627144 0.526350 0.574148 0.627144 0.526350 0.845498 -0.436949 0.306935 0.845498 -0.436949 0.306935 0.845498 -0.436949 0.306935 0.853368 -0.417069 0.312757 0.853368 -0.417069 0.312757 0.853368 -0.417069 0.312757 0.910230 -0.407491 0.073705 0.910230 -0.407491 0.073705 0.910230 -0.407491 0.073705 0.910825 -0.408376 0.060216 
						0.910825 -0.408376 0.060216 0.910825 -0.408376 0.060216 0.991142 -0.121430 -0.053784 0.991142 -0.121430 -0.053784 0.991142 -0.121430 -0.053784 0.993832 -0.092077 -0.061805 0.993832 -0.092077 -0.061805 0.993832 -0.092077 -0.061805 0.961477 0.262454 -0.081735 0.961477 0.262454 -0.081735 0.961477 0.262454 -0.081735 0.955710 0.283747 -0.078143 0.955710 0.283747 -0.078143 0.955710 0.283747 -0.078143 0.951127 0.289651 -0.107047 0.951127 0.289651 -0.107047 0.951127 0.289651 -0.107047 0.951128 0.289653 -0.107041 0.997688 -0.017390 -0.065702 0.997688 -0.017390 -0.065702 0.997688 -0.017390 -0.065702 0.997688 -0.017394 -0.065702 0.986787 -0.150312 -0.060475 0.986787 -0.150312 -0.060475 0.986787 -0.150312 -0.060475 0.986362 -0.153921 -0.058299 0.986362 -0.153921 -0.058299 0.986362 -0.153921 -0.058299 0.966741 0.250717 -0.050524 0.966741 0.250717 -0.050524 0.966741 0.250717 -0.050524 0.967697 0.246634 -0.052298 0.967696 0.246634 -0.052298 0.967697 0.246634 -0.052298 0.974612 0.223894 0.001828 0.974612 0.223894 0.001828 0.974612 0.223894 0.001828 0.977348 0.211300 -0.011995 0.977348 0.211300 -0.011995 0.977348 0.211300 -0.011995 0.775500 0.615265 0.141593 0.775500 0.615265 0.141593 0.775500 0.615265 0.141593 0.761241 0.624027 0.176357 0.761241 0.624027 0.176357 0.761241 0.624027 0.176357 0.457719 0.889038 -0.010287 0.457719 0.889037 -0.010287 0.457719 0.889037 -0.010287 0.396289 0.917904 -0.020194 0.396289 0.917904 -0.020194 0.396289 0.917904 -0.020194 0.169476 0.984136 0.052477 0.169476 0.984136 0.052477 0.169476 0.984136 0.052477 0.139404 0.989330 0.042329 0.139404 0.989330 0.042329 0.139404 0.989330 0.042329 -0.079740 0.995263 -0.055615 -0.079740 0.995263 -0.055615 -0.079740 0.995263 -0.055615 -0.052086 0.997991 -0.036077 -0.052086 0.997991 -0.036077 -0.052086 0.997991 -0.036077 
						0.484866 0.654591 -0.580013 0.484866 0.654591 -0.580013 0.484866 0.654591 -0.580013 0.462529 0.698387 -0.546189 0.462529 0.698387 -0.546189 0.462529 0.698387 -0.546189 0.706611 0.638018 -0.305997 0.706611 0.638018 -0.305997 0.706611 0.638018 -0.305997 0.695827 0.646287 -0.313271 0.695827 0.646287 -0.313271 0.695827 0.646287 -0.313271 0.658156 0.742493 0.124642 0.658156 0.742493 0.124642 0.658156 0.742493 0.124642 0.648661 0.748320 0.138764 0.648661 0.748320 0.138764 0.648661 0.748320 0.138764 0.488050 0.689788 0.534789 0.488050 0.689788 0.534789 0.488050 0.689788 0.534789 0.435341 0.701246 0.564564 0.435341 0.701246 0.564564 0.435341 0.701246 0.564564 0.842227 -0.431399 0.323339 0.842227 -0.431399 0.323339 0.842227 -0.431399 0.323339 0.829119 -0.456294 0.323043 0.829119 -0.456294 0.323043 0.829119 -0.456295 0.323043 0.902436 -0.426891 0.058073 0.902436 -0.426891 0.058073 0.902436 -0.426892 0.058073 0.907244 -0.414588 0.070890 0.907244 -0.414588 0.070890 0.907244 -0.414588 0.070890 0.602305 -0.796385 0.054763 0.602305 -0.796385 0.054763 0.602305 -0.796385 0.054763 0.602305 -0.796385 0.054763 0.912819 -0.302095 -0.274772 0.912819 -0.302095 -0.274772 0.912819 -0.302095 -0.274772 0.912819 -0.302095 -0.274774 -0.984495 -0.151242 0.088856 -0.984495 -0.151242 0.088856 -0.984495 -0.151242 0.088856 -0.984495 -0.151243 0.088854 -0.943270 -0.293939 0.154409 -0.943270 -0.293939 0.154410 -0.943270 -0.293939 0.154409 -0.943269 -0.293940 0.154411 -0.876223 -0.417173 0.241246 -0.876223 -0.417173 0.241246 -0.876223 -0.417173 0.241246 -0.876224 -0.417166 0.241254 -0.876224 -0.417166 0.241254 -0.876224 -0.417166 0.241254 -0.811120 -0.461274 0.359597 -0.811120 -0.461274 0.359597 -0.811120 -0.461274 0.359597 -0.811121 -0.461277 0.359591 -0.811121 -0.461277 0.359591 -0.811121 -0.461277 0.359591 
						-0.324098 -0.858528 -0.397353 -0.324098 -0.858528 -0.397353 -0.324098 -0.858528 -0.397354 -0.324108 -0.858528 -0.397346 -0.324108 -0.858528 -0.397346 -0.324108 -0.858528 -0.397346 0.767156 0.583301 -0.266892 0.767156 0.583301 -0.266892 0.767156 0.583301 -0.266892 0.767155 0.583306 -0.266885 0.828748 0.514655 -0.219789 0.828748 0.514655 -0.219789 0.828748 0.514655 -0.219789 0.828746 0.514656 -0.219793 0.888267 0.449061 -0.096566 0.888268 0.449061 -0.096566 0.888268 0.449061 -0.096566 0.888269 0.449059 -0.096563 0.923079 0.380927 0.053112 0.923079 0.380927 0.053112 0.923079 0.380927 0.053112 0.923079 0.380926 0.053113 0.938773 0.299297 0.170664 0.938773 0.299297 0.170664 0.938773 0.299297 0.170664 0.938768 0.299308 0.170672 0.938768 0.299308 0.170671 0.938768 0.299308 0.170671 0.951938 0.221610 0.211430 0.951938 0.221610 0.211430 0.951938 0.221610 0.211430 0.951942 0.221602 0.211422 0.951942 0.221602 0.211422 0.951942 0.221602 0.211422 0.901851 0.431225 -0.026655 0.901851 0.431225 -0.026655 0.901851 0.431225 -0.026655 0.901854 0.431216 -0.026670 0.901854 0.431216 -0.026670 0.901854 0.431216 -0.026670 0.901855 0.431214 -0.026673 0.901864 0.431195 -0.026676 0.901864 0.431195 -0.026676 0.901865 0.431195 -0.026676 0.901857 0.431212 -0.026647 0.901857 0.431212 -0.026647 0.901857 0.431212 -0.026647 0.901857 0.431211 -0.026670 0.901857 0.431211 -0.026670 0.901855 0.431215 -0.026670 0.901855 0.431215 -0.026670 0.901855 0.431215 -0.026670 0.901854 0.431216 -0.026670 0.901862 0.431200 -0.026673 0.901862 0.431200 -0.026673 0.901862 0.431200 -0.026673 -0.133763 -0.990979 0.008305 -0.133763 -0.990978 0.008305 -0.133763 -0.990979 0.008305 -0.133763 -0.990979 0.008305 0.681384 0.731723 0.017270 0.681384 0.731723 0.017270 0.681383 0.731723 0.017269 0.681383 0.731723 0.017269 
						-0.997000 -0.055935 -0.053495 -0.997000 -0.055936 -0.053495 -0.997000 -0.055935 -0.053496 -0.997000 -0.055935 -0.053496 -0.914613 0.337272 0.223005 -0.914612 0.337272 0.223005 -0.914613 0.337271 0.223007 -0.914612 0.337271 0.223007 -0.584635 0.799335 -0.138800 -0.584635 0.799335 -0.138800 -0.584636 0.799335 -0.138800 -0.584635 0.799335 -0.138801 -0.272662 0.960627 0.053403 -0.272662 0.960627 0.053403 -0.272662 0.960627 0.053403 -0.272662 0.960627 0.053403 0.103049 0.992817 -0.060790 0.103049 0.992817 -0.060790 0.103049 0.992817 -0.060790 0.103049 0.992817 -0.060789 0.790018 0.575122 0.212381 0.790018 0.575122 0.212381 0.790018 0.575122 0.212381 0.790017 0.575123 0.212383 0.995713 0.090976 0.016695 0.995713 0.090976 0.016695 0.995713 0.090976 0.016695 0.995713 0.090974 0.016693 -0.998540 -0.043074 0.032600 -0.998540 -0.043074 0.032600 -0.998540 -0.043074 0.032600 -0.998540 -0.043077 0.032603 0.258325 -0.958205 -0.122925 0.258325 -0.958205 -0.122925 0.258325 -0.958205 -0.122925 0.258325 -0.958205 -0.122924 0.842664 -0.440698 0.309358 0.842664 -0.440698 0.309358 0.842664 -0.440698 0.309358 0.844904 -0.436013 0.309887 0.844904 -0.436013 0.309887 0.844904 -0.436013 0.309887 0.507796 0.640206 0.576438 0.507796 0.640206 0.576438 0.507796 0.640206 0.576438 0.517121 0.640178 0.568118 0.517121 0.640178 0.568118 0.517121 0.640178 0.568118 0.662789 0.724330 0.189886 0.662789 0.724331 0.189886 0.662789 0.724331 0.189886 0.664574 0.723749 0.185819 0.664574 0.723749 0.185819 0.664574 0.723749 0.185819 0.673053 0.702474 -0.231365 0.673053 0.702474 -0.231365 0.673053 0.702474 -0.231365 0.674527 0.701692 -0.229438 0.674527 0.701692 -0.229438 0.674527 0.701692 -0.229438 0.472518 0.731619 -0.491386 0.472518 0.731619 -0.491386 0.472518 0.731619 -0.491386 0.476362 0.726004 -0.495982 
						0.476362 0.726004 -0.495982 0.476362 0.726004 -0.495982 -0.049998 0.998157 -0.034381 -0.049998 0.998157 -0.034381 -0.049998 0.998157 -0.034381 -0.054905 0.997773 -0.037871 -0.054905 0.997773 -0.037871 -0.054905 0.997773 -0.037871 0.151454 0.987226 0.049454 0.151454 0.987226 0.049454 0.151454 0.987226 0.049454 0.157372 0.986197 0.051467 0.157372 0.986197 0.051467 0.157372 0.986197 0.051467 0.450585 0.892039 0.035200 0.450585 0.892039 0.035200 0.450585 0.892039 0.035200 0.462025 0.886045 0.038171 0.462025 0.886045 0.038171 0.462025 0.886045 0.038171 0.763442 0.645528 -0.021215 0.763442 0.645528 -0.021215 0.763442 0.645528 -0.021215 0.767163 0.640969 -0.024883 0.767163 0.640969 -0.024883 0.767163 0.640969 -0.024883 0.981071 -0.180990 -0.068869 0.981071 -0.180990 -0.068869 0.981071 -0.180990 -0.068869 0.981628 -0.171909 -0.082791 0.981628 -0.171909 -0.082791 0.981628 -0.171909 -0.082791 0.906464 -0.415877 0.073276 0.906464 -0.415877 0.073276 0.906464 -0.415878 0.073276 0.905918 -0.417512 0.070681 0.905918 -0.417512 0.070681 0.905918 -0.417512 0.070681 0.969507 -0.240705 0.046017 0.969507 -0.240705 0.046017 0.969507 -0.240705 0.046017 0.969506 -0.240707 0.046019 0.938855 -0.279684 0.200818 0.938855 -0.279684 0.200818 0.938855 -0.279684 0.200818 0.938857 -0.279694 0.200793 0.938858 -0.279694 0.200793 0.938857 -0.279694 0.200793 0.637255 0.588923 0.497068 0.637255 0.588923 0.497068 0.637255 0.588923 0.497068 0.637260 0.588921 0.497063 0.637260 0.588921 0.497063 0.637260 0.588921 0.497063 0.691135 0.695828 0.195337 0.691135 0.695828 0.195337 0.691135 0.695828 0.195337 0.691144 0.695819 0.195333 0.691144 0.695819 0.195333 0.691144 0.695819 0.195333 0.676102 0.728502 -0.110323 0.676102 0.728502 -0.110323 0.676102 0.728502 -0.110323 0.676097 0.728508 -0.110317 
						0.554981 0.770552 -0.313442 0.554981 0.770552 -0.313442 0.554981 0.770552 -0.313442 0.554983 0.770550 -0.313443 0.086651 0.993239 0.077249 0.086651 0.993239 0.077249 0.086651 0.993239 0.077249 0.086650 0.993239 0.077250 0.284700 0.947676 0.144417 0.284700 0.947676 0.144417 0.284700 0.947676 0.144417 0.284700 0.947676 0.144417 0.546959 0.822198 0.157564 0.546959 0.822198 0.157564 0.546959 0.822198 0.157564 0.546957 0.822199 0.157563 
					</float_array>
					<technique_common>
						<accessor count="400" offset="0" source="#meshId9-bitangents-array" stride="3">
							<param name="X" type="float" />
							<param name="Y" type="float" />
							<param name="Z" type="float" />
						</accessor>
					</technique_common>
				</source>
				<source id="meshId9-tex0" name="meshId9-tex0">
					<float_array id="meshId9-tex0-array" count="800"> 
						0.013410 0.212661 0.020755 0.213558 0.018406 0.221073 0.018406 0.221073 0.011784 0.217862 0.013410 0.212661 0.044909 0.215638 0.040489 0.228249 0.018406 0.221073 0.018406 0.221073 0.020755 0.213558 0.044909 0.215638 0.774477 0.146959 0.765662 0.159615 0.749336 0.150362 0.749336 0.150362 0.753879 0.143491 0.774477 0.146959 0.765662 0.159615 0.753621 0.171959 0.743130 0.156851 0.743130 0.156851 0.749336 0.150362 0.765662 0.159615 0.753621 0.171959 0.741580 0.180682 0.736925 0.161219 0.736925 0.161219 0.743130 0.156851 0.753621 0.171959 0.359267 0.181318 0.346637 0.173266 0.365491 0.159785 0.365491 0.159785 0.372268 0.164715 0.359267 0.181318 0.346637 0.173266 0.338211 0.159237 0.360783 0.151490 0.360783 0.151490 0.365491 0.159785 0.346637 0.173266 0.338211 0.159237 0.336246 0.142991 0.359405 0.142052 0.359405 0.142052 0.360783 0.151490 0.338211 0.159237 0.336246 0.142991 0.341268 0.128880 0.361725 0.133999 0.361725 0.133999 0.359405 0.142052 0.336246 0.142991 0.008473 0.170276 0.021472 0.173199 0.008818 0.189655 0.008818 0.189655 0.002100 0.188421 0.008473 0.170276 0.021472 0.173199 0.033929 0.183854 0.015219 0.195418 0.015219 0.195418 
						0.008818 0.189655 0.021472 0.173199 0.033929 0.183854 0.042507 0.199388 0.019588 0.204167 0.019588 0.204167 0.015219 0.195418 0.033929 0.183854 0.042507 0.199388 0.044909 0.215638 0.020755 0.213558 0.020755 0.213558 0.019588 0.204167 0.042507 0.199388 0.020755 0.213558 0.013410 0.212661 0.012602 0.206163 0.019588 0.204167 0.009579 0.200108 0.015219 0.195418 0.019588 0.204167 0.012602 0.206163 0.051313 0.171583 0.063132 0.193384 0.042507 0.199388 0.042507 0.199388 0.033929 0.183854 0.051313 0.171583 0.063132 0.193384 0.066413 0.216305 0.044909 0.215638 0.044909 0.215638 0.042507 0.199388 0.063132 0.193384 0.080400 0.185591 0.084042 0.214904 0.066413 0.216305 0.066413 0.216305 0.063132 0.193384 0.080400 0.185591 0.084042 0.214904 0.076710 0.238364 0.060278 0.234202 0.060278 0.234202 0.066413 0.216305 0.084042 0.214904 0.808157 0.160470 0.793975 0.181918 0.780735 0.169965 0.780735 0.169965 0.792904 0.152326 0.808157 0.160470 0.793975 0.181918 0.774603 0.202174 0.764112 0.187067 0.764112 0.187067 0.780735 0.169965 0.793975 0.181918 0.774603 0.202174 0.755231 0.215811 0.747489 0.199048 0.747489 0.199048 0.764112 0.187067 0.774603 0.202174 
						0.337610 0.213034 0.316456 0.197644 0.329957 0.186001 0.329957 0.186001 0.347521 0.197491 0.337610 0.213034 0.316456 0.197644 0.301758 0.171749 0.318149 0.166123 0.318149 0.166123 0.329957 0.186001 0.316456 0.197644 0.301758 0.171749 0.297455 0.142286 0.315261 0.143184 0.315261 0.143184 0.318149 0.166123 0.301758 0.171749 0.297455 0.142286 0.304700 0.117150 0.322066 0.123330 0.322066 0.123330 0.315261 0.143184 0.297455 0.142286 0.025807 0.136435 0.046778 0.140287 0.034125 0.156743 0.034125 0.156743 0.016171 0.152839 0.025807 0.136435 0.046778 0.140287 0.066761 0.158279 0.051313 0.171583 0.051313 0.171583 0.034125 0.156743 0.046778 0.140287 0.220127 0.318229 0.238464 0.333154 0.049338 0.481960 0.031001 0.467035 0.267995 0.081648 0.281634 0.108960 0.080400 0.185591 0.066761 0.158279 0.184121 0.491186 0.192308 0.477309 0.214399 0.484504 0.199431 0.509878 0.192308 0.477309 0.195304 0.462011 0.219879 0.456530 0.214399 0.484504 0.195304 0.462011 0.192308 0.449389 0.214400 0.433453 0.214400 0.433453 0.219879 0.456530 0.195304 0.462011 0.192308 0.449389 0.184121 0.442828 0.199431 0.421455 0.199431 0.421455 0.214400 0.433453 0.192308 0.449389 
						0.422742 0.392957 0.411311 0.379200 0.419310 0.360594 0.419310 0.360594 0.440211 0.385749 0.422742 0.392957 0.023994 0.733053 0.034686 0.728297 0.051037 0.749840 0.031486 0.758537 0.034686 0.728297 0.042068 0.716467 0.064535 0.728209 0.051037 0.749840 0.042068 0.716467 0.044161 0.700735 0.068362 0.699443 0.064535 0.728209 0.044161 0.700735 0.040405 0.685315 0.061494 0.671247 0.068362 0.699443 0.040405 0.685315 0.031805 0.674339 0.045770 0.651178 0.045770 0.651178 0.061494 0.671247 0.040405 0.685315 0.031805 0.674339 0.020667 0.670748 0.025403 0.644611 0.025403 0.644611 0.045770 0.651178 0.031805 0.674339 0.020667 0.670748 0.031805 0.674339 0.040405 0.685315 0.040405 0.685315 0.044161 0.700735 0.042068 0.716467 0.020667 0.670748 0.042068 0.716467 0.034686 0.728297 0.023994 0.733053 0.023994 0.733053 0.012856 0.729462 0.004256 0.718486 0.023994 0.733053 0.004256 0.718486 0.004256 0.718486 0.000500 0.703066 0.002593 0.687333 0.002593 0.687333 0.020667 0.670748 0.002593 0.687333 0.009975 0.675504 0.013125 0.445520 0.000500 0.423180 0.189626 0.274374 0.202251 0.296714 0.297455 0.142286 0.301758 0.171749 0.116381 0.235376 0.112078 0.205914 
						0.487387 0.131528 0.493551 0.100054 0.705707 0.198296 0.699543 0.229769 0.493551 0.100054 0.510394 0.071504 0.722549 0.169746 0.705707 0.198296 0.755231 0.215811 0.774603 0.202174 0.953246 0.364136 0.933875 0.377772 0.774603 0.202174 0.793975 0.181918 0.972618 0.343880 0.953246 0.364136 0.793975 0.181918 0.808157 0.160470 0.986800 0.322431 0.972618 0.343880 0.008816 0.280267 0.000500 0.246130 0.231443 0.233800 0.239759 0.267937 0.084042 0.214904 0.080400 0.185591 0.281634 0.108960 0.285276 0.138273 0.199431 0.509878 0.178983 0.525854 0.172939 0.499923 0.184121 0.491186 0.031001 0.467035 0.013125 0.445520 0.202251 0.296714 0.220127 0.318229 0.021472 0.173199 0.008473 0.170276 0.016171 0.152839 0.016171 0.152839 0.034125 0.156743 0.021472 0.173199 0.341268 0.128880 0.336246 0.142991 0.315261 0.143184 0.315261 0.143184 0.322066 0.123330 0.341268 0.128880 0.336246 0.142991 0.338211 0.159237 0.318149 0.166123 0.318149 0.166123 0.315261 0.143184 0.336246 0.142991 0.338211 0.159237 0.346637 0.173266 0.329957 0.186001 0.329957 0.186001 0.318149 0.166123 0.338211 0.159237 0.346637 0.173266 0.359267 0.181318 0.347521 0.197491 0.347521 0.197491 
						0.329957 0.186001 0.346637 0.173266 0.741580 0.180682 0.753621 0.171959 0.764112 0.187067 0.764112 0.187067 0.747489 0.199048 0.741580 0.180682 0.753621 0.171959 0.765662 0.159615 0.780735 0.169965 0.780735 0.169965 0.764112 0.187067 0.753621 0.171959 0.765662 0.159615 0.774477 0.146959 0.792904 0.152326 0.792904 0.152326 0.780735 0.169965 0.765662 0.159615 0.040489 0.228249 0.044909 0.215638 0.066413 0.216305 0.066413 0.216305 0.060278 0.234202 0.040489 0.228249 0.063132 0.193384 0.051313 0.171583 0.066761 0.158279 0.066761 0.158279 0.080400 0.185591 0.063132 0.193384 0.033929 0.183854 0.021472 0.173199 0.034125 0.156743 0.034125 0.156743 0.051313 0.171583 0.033929 0.183854 0.005149 0.196120 0.008818 0.189655 0.015219 0.195418 0.009579 0.200108 0.000500 0.195266 0.002100 0.188421 0.008818 0.189655 0.008818 0.189655 0.005149 0.196120 0.000500 0.195266 0.366701 0.142600 0.359405 0.142052 0.361725 0.133999 0.361725 0.133999 0.368307 0.137028 0.366701 0.142600 0.367655 0.149131 0.360783 0.151490 0.359405 0.142052 0.359405 0.142052 0.366701 0.142600 0.367655 0.149131 0.370913 0.154872 0.365491 0.159785 0.360783 0.151490 0.367655 0.149131 
						0.375603 0.158283 0.372268 0.164715 0.365491 0.159785 0.370913 0.154872 0.740197 0.151754 0.743130 0.156851 0.736925 0.161219 0.735902 0.154777 0.744491 0.147264 0.749336 0.150362 0.743130 0.156851 0.740197 0.151754 0.747635 0.142509 0.753879 0.143491 0.749336 0.150362 0.744491 0.147264 
					</float_array>
					<technique_common>
						<accessor count="400" offset="0" source="#meshId9-tex0-array" stride="2">
							<param name="S" type="float" />
							<param name="T" type="float" />
						</accessor>
					</technique_common>
				</source>
				<vertices id="meshId9-vertices">
					<input semantic="POSITION" source="#meshId9-positions" />
				</vertices>
				<polylist count="154" material="defaultMaterial">
					<input offset="0" semantic="VERTEX" source="#meshId9-vertices" />
					<input offset="0" semantic="NORMAL" source="#meshId9-normals" />
					<input offset="0" semantic="TANGENT" source="#meshId9-tangents" />
					<input offset="0" semantic="BINORMAL" source="#meshId9-bitangents" />
					<input offset="0" semantic="TEXCOORD" source="#meshId9-tex0" set="0" />
					<vcount>
						3 3 3 3 3 3 3 3 3 3 3 3 3 3 3 3 3 3 3 3 3 3 3 3 3 3 3 3 3 3 3 3 3 3 3 3 3 3 3 3 3 3 3 3 3 3 3 3 3 3 3 3 3 3 3 3 3 3 3 3 3 3 3 3 
						3 3 3 3 3 3 3 3 3 3 3 3 3 3 3 3 3 3 3 3 3 3 3 3 3 3 3 3 3 3 3 3 3 3 3 3 3 3 3 3 3 3 3 3 3 3 3 3 3 3 3 3 3 3 3 3 3 3 3 3 3 3 3 3 
						3 3 3 3 3 3 3 3 3 3 3 3 3 3 3 3 3 3 3 3 3 3 3 3 3 3 
					</vcount>
					<p>
						0 1 2 3 4 5 6 7 8 9 10 11 12 13 14 15 16 17 18 19 20 21 22 23 24 25 26 27 28 29 30 31 32 33 34 35 36 37 38 39 40 41 42 43 44 45 46 47 48 49 50 51 52 53 54 55 56 57 58 59 60 61 62 63 64 65 66 67 68 69 70 71 72 73 74 75 76 77 78 79 80 80 81 78 82 83 84 84 85 82 86 87 88 89 90 91 92 93 94 95 96 97 98 99 100 101 102 103 104 105 106 107 108 109 110 111 112 113 114 115 116 117 118 119 120 121 122 123 124 125 126 127 128 129 130 131 132 133 134 135 136 137 138 139 140 141 142 143 144 145 146 147 148 149 150 151 152 153 154 155 156 157 158 159 160 161 162 163 164 165 166 166 167 164 168 169 170 170 171 168 172 173 174 174 175 172 176 177 178 178 179 176 
						180 181 182 183 184 185 186 187 188 189 190 191 192 193 194 195 196 197 198 199 200 200 201 198 202 203 204 204 205 202 206 207 208 208 209 206 210 211 212 212 213 210 214 215 216 217 218 219 220 221 222 223 224 225 226 227 228 229 230 231 232 229 231 233 234 235 236 237 238 231 239 240 232 231 240 241 242 243 232 240 244 245 246 247 248 249 250 250 251 248 252 253 254 254 255 252 256 257 258 258 259 256 260 261 262 262 263 260 264 265 266 266 267 264 268 269 270 270 271 268 272 273 274 274 275 272 276 277 278 278 279 276 280 281 282 282 283 280 284 285 286 286 287 284 288 289 290 290 291 288 292 293 294 295 296 297 298 299 300 301 302 303 304 305 306 307 308 309 310 311 312 313 314 315 316 317 318 319 320 321 322 323 324 325 326 327 328 329 330 331 332 333 
						334 335 336 337 338 339 340 341 342 343 344 345 346 347 348 349 350 351 352 353 354 355 356 357 358 359 360 360 361 358 362 363 364 365 366 367 368 369 370 371 372 373 374 375 376 377 378 379 380 381 382 382 383 380 384 385 386 386 387 384 388 389 390 390 391 388 392 393 394 394 395 392 396 397 398 398 399 396 
					</p>
				</polylist>
			</mesh>
		</geometry>
		<geometry id="meshId10" name="meshId10_name" >
			<mesh>
				<source id="meshId10-positions" name="meshId10-positions">
					<float_array id="meshId10-positions-array" count="243"> 
						6.309466 -3.924060 20.891251 12.198747 -3.924060 20.849138 11.314909 -3.924060 22.009216 6.309466 -3.924060 22.036470 14.633857 -3.924059 23.390236 13.558314 -3.945868 24.403900 11.314909 -3.924060 22.009216 13.558314 4.361353 24.403898 11.314909 4.383164 22.009212 11.314909 -3.924060 22.009216 13.558314 -3.945868 24.403900 13.558314 -3.945868 24.403900 28.547630 -3.945868 24.432264 28.547630 4.361353 24.432261 13.558314 4.361353 24.403898 28.547630 -3.945868 24.432264 27.734467 -3.924059 23.498859 27.734467 3.437119 23.498857 28.547630 4.361353 24.432261 14.633857 -3.924059 23.390236 14.633855 3.437119 23.390234 27.734467 3.437119 23.498857 27.734467 -3.924059 23.498859 27.734467 -8.349250 23.498859 14.633857 -8.349250 23.390236 14.633857 -3.924059 23.390236 27.734467 -8.349250 23.498859 28.547630 -9.359990 24.432264 13.558314 -9.359990 24.403900 14.633857 -8.349250 23.390236 13.558314 -9.359990 24.403900 28.547630 -9.359990 24.432264 13.558314 -3.945868 24.403900 14.633857 -3.924059 23.390236 14.633857 -8.349250 23.390236 13.558314 -9.359990 24.403900 28.547630 -9.359990 24.432264 28.547630 -9.359990 24.432264 27.734467 -8.349250 23.498859 27.734467 -3.924059 23.498859 14.633855 3.437119 23.390234 13.558314 4.361353 24.403898 28.547630 4.361353 24.432261 27.734467 3.437119 23.498857 12.198747 3.437119 20.849134 11.314909 4.383164 22.009212 6.309466 3.437119 20.891251 6.309466 4.383164 22.036469 12.198747 3.437119 20.849134 12.198747 -3.924060 20.849138 6.309466 -3.924060 20.891251 6.309466 3.437119 20.891251 14.633855 3.437119 23.390234 14.633857 -3.924059 23.390236 12.198747 -3.924060 20.849138 12.198747 3.437119 20.849134 10.010262 -1.758818 22.016317 6.309466 -1.758818 22.036470 6.309466 -3.924060 22.036470 11.314909 -3.924060 22.009216 6.309466 4.383164 22.036469 6.309466 1.758823 22.036470 7.890739 1.758823 22.027861 11.314909 4.383164 22.009212 
						10.601254 1.758823 22.013100 11.033382 0.146099 22.010748 11.072530 0.000001 22.010532 10.641223 -1.609654 22.012882 10.601256 -1.758818 22.013100 10.210272 -1.758818 22.015230 6.309466 4.383164 22.036469 6.309466 3.437119 20.891251 6.309466 -3.924060 20.891251 6.309466 -3.924060 22.036470 6.309466 -1.758818 22.036470 6.309466 -1.758818 21.908955 6.309466 -1.043756 21.908955 6.309466 0.000002 21.908955 6.309466 0.693196 21.908955 6.309466 1.758823 21.908955 6.309466 1.758823 22.036470 
					</float_array>
					<technique_common>
						<accessor count="81" offset="0" source="#meshId10-positions-array" stride="3">
							<param name="X" type="float" />
							<param name="Y" type="float" />
							<param name="Z" type="float" />
						</accessor>
					</technique_common>
				</source>
				<source id="meshId10-normals" name="meshId10-normals">
					<float_array id="meshId10-normals-array" count="243"> 
						0.000000 -1.000000 0.000000 0.000000 -1.000000 0.000000 0.000000 -1.000000 0.000000 0.000000 -1.000000 0.000000 0.004571 -0.999929 -0.010986 0.006210 -0.999869 -0.014924 0.004783 -0.743181 0.669073 -0.729782 0.000000 0.683680 -0.729782 0.000000 0.683680 -0.729782 0.000000 0.683680 -0.729782 0.000000 0.683680 -0.001892 0.000000 0.999998 -0.001892 0.000000 0.999998 -0.001892 0.000000 0.999998 -0.001892 0.000000 0.999998 0.754003 -0.000000 -0.656871 0.754003 -0.000000 -0.656871 0.754003 -0.000000 -0.656871 0.754003 -0.000000 -0.656871 0.396308 -0.000000 -0.918118 0.396309 -0.000000 -0.918117 0.008291 -0.000000 -0.999966 0.008291 -0.000000 -0.999966 0.008291 0.000000 -0.999966 0.008291 0.000000 -0.999966 0.008291 0.000000 -0.999966 0.001604 -0.679470 -0.733701 0.001391 -0.677838 -0.735210 0.005367 -0.707795 -0.706397 0.005829 -0.711200 -0.702965 -0.001892 0.000000 0.999998 -0.001892 -0.000000 0.999998 -0.685862 0.000000 -0.727732 -0.685862 0.000000 -0.727732 -0.685862 0.000000 -0.727732 -0.685862 -0.000000 -0.727731 0.754003 0.000000 -0.656871 0.754003 0.000000 -0.656871 0.754003 0.000000 -0.656871 0.754003 0.000000 -0.656871 0.163754 0.808555 -0.565175 0.254981 0.830812 -0.494707 0.005412 0.711150 -0.703019 0.005855 0.708022 -0.706166 0.236981 0.836013 -0.494896 0.184493 0.825640 -0.533179 -0.003664 0.771386 -0.636357 -0.003468 0.770959 -0.636875 0.389208 -0.000000 -0.921150 0.389208 -0.000000 -0.921150 -0.007151 -0.000000 -0.999974 -0.007151 -0.000000 -0.999974 0.396309 -0.000000 -0.918117 0.396308 -0.000000 -0.918118 0.389208 -0.000000 -0.921150 0.389208 -0.000000 -0.921150 0.005445 0.000000 0.999985 0.005446 -0.000000 0.999985 0.005445 0.000000 0.999985 0.004783 -0.743181 0.669073 0.005445 0.000000 0.999985 0.005445 -0.000000 0.999985 0.005445 0.000000 0.999985 0.005445 0.000000 0.999985 
						0.005446 0.000000 0.999985 0.005454 -0.000000 0.999985 0.005443 0.000000 0.999985 0.005446 0.000000 0.999985 0.005443 -0.000000 0.999985 0.005445 0.000000 0.999985 -1.000000 0.000000 0.000000 -1.000000 0.000000 0.000000 -1.000000 0.000000 0.000000 -1.000000 0.000000 0.000000 -1.000000 0.000000 0.000000 -1.000000 0.000000 0.000000 -1.000000 0.000000 0.000000 -1.000000 0.000000 0.000000 -1.000000 0.000000 0.000000 -1.000000 0.000000 0.000000 -1.000000 0.000000 0.000000 
					</float_array>
					<technique_common>
						<accessor count="81" offset="0" source="#meshId10-normals-array" stride="3">
							<param name="X" type="float" />
							<param name="Y" type="float" />
							<param name="Z" type="float" />
						</accessor>
					</technique_common>
				</source>
				<source id="meshId10-tangents" name="meshId10-tangents">
					<float_array id="meshId10-tangents-array" count="243"> 
						-0.069765 0.000000 -0.997563 -0.069760 0.000000 -0.997564 -0.069760 -0.000000 -0.997564 -0.069766 0.000000 -0.997563 -0.069755 0.010640 -0.997507 -0.069753 0.014455 -0.997460 -0.089703 -0.666702 -0.739907 -0.682791 0.050961 -0.728834 -0.682791 0.050961 -0.728834 -0.682791 0.050961 -0.728834 -0.682792 0.050959 -0.728834 0.719337 -0.694659 0.001361 0.719337 -0.694659 0.001361 0.719337 -0.694659 0.001361 0.719341 -0.694656 0.001361 -0.656871 0.000004 -0.754003 -0.656871 0.000004 -0.754003 -0.656871 0.000005 -0.754003 -0.656871 0.000005 -0.754003 -0.348462 0.925175 -0.150415 -0.348462 0.925175 -0.150415 -0.406735 0.913540 -0.003373 -0.406735 0.913540 -0.003373 -0.406738 0.913539 -0.003372 -0.406738 0.913539 -0.003372 -0.406738 0.913539 -0.003372 -0.310373 0.697130 -0.646281 -0.310969 0.698466 -0.644549 -0.299552 0.672830 -0.676438 -0.298188 0.669760 -0.680078 0.719338 -0.694659 0.001362 0.719337 -0.694660 0.001361 -0.379791 0.853017 0.357940 -0.379791 0.853017 0.357940 -0.379791 0.853017 0.357940 -0.379793 0.853015 0.357942 -0.656871 0.000004 -0.754003 -0.656871 -0.000011 -0.754003 -0.656871 -0.000011 -0.754003 -0.656871 -0.000011 -0.754003 -0.001130 -0.572754 -0.819726 -0.001884 -0.511190 -0.859465 0.000006 -0.703030 -0.711161 0.000008 -0.706178 -0.708035 -0.001518 -0.509088 -0.860713 -0.001113 -0.542316 -0.840174 0.000001 -0.636362 -0.771391 -0.000000 -0.636879 -0.770964 -0.348627 0.925614 -0.147303 -0.348630 0.925613 -0.147305 -0.406737 0.913541 0.002908 -0.406733 0.913542 0.002908 -0.918117 -0.000000 -0.396309 -0.918117 -0.000000 -0.396308 -0.921150 0.000000 -0.389208 -0.921150 0.000000 -0.389208 0.719336 -0.694652 -0.003917 0.719332 -0.694655 -0.003917 0.719332 -0.694655 -0.003917 0.837511 -0.362613 -0.408764 0.719338 -0.694650 -0.003917 0.719340 -0.694647 -0.003917 0.719338 -0.694650 -0.003917 0.719334 -0.694653 -0.003917 
						0.719324 -0.694664 -0.003917 0.719597 -0.694381 -0.003925 0.719328 -0.694660 -0.003915 0.719335 -0.694653 -0.003917 0.719288 -0.694701 -0.003915 0.719337 -0.694651 -0.003916 0.000000 0.069762 -0.997564 0.000000 0.069755 -0.997564 0.000000 0.069759 -0.997564 0.000000 0.069759 -0.997564 0.000000 0.069776 -0.997563 0.000000 0.069766 -0.997563 0.000000 0.069772 -0.997563 0.000000 0.069675 -0.997570 0.000000 0.069771 -0.997563 0.000000 0.069801 -0.997561 0.000000 0.069853 -0.997557 
					</float_array>
					<technique_common>
						<accessor count="81" offset="0" source="#meshId10-tangents-array" stride="3">
							<param name="X" type="float" />
							<param name="Y" type="float" />
							<param name="Z" type="float" />
						</accessor>
					</technique_common>
				</source>
				<source id="meshId10-bitangents" name="meshId10-bitangents">
					<float_array id="meshId10-bitangents-array" count="243"> 
						0.997563 0.000000 -0.069765 0.997564 0.000000 -0.069760 0.997564 0.000000 -0.069760 0.997563 0.000000 -0.069766 0.997554 0.005326 -0.069701 0.997545 0.007236 -0.069655 0.995957 -0.056479 -0.069855 -0.034841 -0.998701 -0.037190 -0.034841 -0.998701 -0.037190 -0.034841 -0.998701 -0.037190 -0.034840 -0.998701 -0.037189 0.694658 0.719339 0.001314 0.694658 0.719339 0.001314 0.694658 0.719339 0.001314 0.694655 0.719342 0.001314 0.000003 1.000000 0.000003 0.000003 1.000000 0.000003 0.000003 1.000000 0.000003 0.000003 1.000000 0.000004 0.849420 0.379540 0.366655 0.849420 0.379540 0.366655 0.913509 0.406749 0.007574 0.913509 0.406749 0.007574 0.913507 0.406752 0.007574 0.913507 0.406752 0.007574 0.913507 0.406752 0.007574 0.950614 0.228757 -0.209771 0.950419 0.229524 -0.209815 0.954065 0.215233 -0.208410 0.954489 0.213580 -0.208168 0.694658 0.719339 0.001314 0.694659 0.719338 0.001314 0.620767 0.521884 -0.585052 0.620767 0.521884 -0.585052 0.620767 0.521884 -0.585052 0.620766 0.521886 -0.585051 0.000002 1.000000 0.000003 -0.000007 1.000000 -0.000009 -0.000007 1.000000 -0.000009 -0.000007 1.000000 -0.000009 -0.986501 0.134872 -0.092877 -0.966944 0.220080 -0.128779 -0.999985 0.003845 -0.003809 -0.999983 0.004140 -0.004140 -0.971513 0.204724 -0.119375 -0.982833 0.155600 -0.099135 -0.999993 -0.002827 0.002331 -0.999994 -0.002674 0.002209 0.852629 0.378469 0.360256 0.852628 0.378473 0.360256 0.913517 0.406747 -0.006533 0.913519 0.406744 -0.006533 0.000000 1.000000 -0.000000 0.000000 1.000000 -0.000000 0.000000 1.000000 -0.000000 0.000000 1.000000 -0.000000 0.694641 0.719346 -0.003783 0.694645 0.719343 -0.003783 0.694645 0.719343 -0.003783 0.546400 0.562311 0.620688 0.694639 0.719348 -0.003783 0.694637 0.719351 -0.003782 0.694639 0.719348 -0.003783 0.694643 0.719345 -0.003783 
						0.694654 0.719334 -0.003783 0.694371 0.719608 -0.003787 0.694650 0.719338 -0.003781 0.694642 0.719345 -0.003783 0.694691 0.719298 -0.003781 0.694640 0.719347 -0.003782 -0.000000 -0.997564 -0.069762 -0.000000 -0.997564 -0.069755 -0.000000 -0.997564 -0.069759 -0.000000 -0.997564 -0.069759 -0.000000 -0.997563 -0.069776 -0.000000 -0.997563 -0.069766 -0.000000 -0.997563 -0.069772 -0.000000 -0.997570 -0.069675 -0.000000 -0.997563 -0.069771 -0.000000 -0.997561 -0.069801 -0.000000 -0.997557 -0.069853 
					</float_array>
					<technique_common>
						<accessor count="81" offset="0" source="#meshId10-bitangents-array" stride="3">
							<param name="X" type="float" />
							<param name="Y" type="float" />
							<param name="Z" type="float" />
						</accessor>
					</technique_common>
				</source>
				<source id="meshId10-tex0" name="meshId10-tex0">
					<float_array id="meshId10-tex0-array" count="162"> 
						0.280946 0.543711 0.278476 0.583084 0.271137 0.576636 0.273294 0.543176 0.260358 0.598168 0.254087 0.590508 0.271137 0.576636 0.232932 0.451885 0.250270 0.452939 0.246066 0.513047 0.228728 0.511993 0.739054 0.432327 0.811279 0.502073 0.772625 0.542101 0.700400 0.472354 0.776476 0.905315 0.782950 0.905467 0.782950 0.956517 0.776476 0.962927 0.295625 0.240216 0.341174 0.260496 0.305082 0.341559 0.259533 0.321279 0.232151 0.309088 0.268243 0.228025 0.295625 0.240216 0.232151 0.309088 0.223657 0.311335 0.264952 0.218585 0.268243 0.228025 0.764247 0.406239 0.836471 0.475986 0.298453 0.233501 0.295625 0.240216 0.268243 0.228025 0.264952 0.218585 0.776476 0.867768 0.776476 0.867768 0.782950 0.874777 0.782950 0.905467 0.474304 0.122055 0.467296 0.129491 0.467100 0.025859 0.473553 0.031481 0.491873 0.138891 0.483852 0.145001 0.491582 0.179607 0.483664 0.179607 0.359993 0.411616 0.314948 0.391560 0.330993 0.355522 0.376039 0.375577 0.746046 0.739365 0.746046 0.685185 0.764749 0.685185 0.764749 0.739365 0.290355 0.398390 0.272523 0.381170 0.282598 0.370737 0.306717 0.394028 0.243944 0.410765 0.256155 0.398120 0.263774 0.405477 0.268062 0.434056 
						0.276835 0.418090 0.286421 0.412330 0.287289 0.411808 0.292701 0.402045 0.293203 0.401140 0.291319 0.399321 0.247825 0.543176 0.255036 0.550033 0.251596 0.599221 0.243944 0.598686 0.244955 0.584217 0.245807 0.584277 0.246141 0.579499 0.246629 0.572524 0.246953 0.567892 0.247451 0.560772 0.246599 0.560712 
					</float_array>
					<technique_common>
						<accessor count="81" offset="0" source="#meshId10-tex0-array" stride="2">
							<param name="S" type="float" />
							<param name="T" type="float" />
						</accessor>
					</technique_common>
				</source>
				<vertices id="meshId10-vertices">
					<input semantic="POSITION" source="#meshId10-positions" />
				</vertices>
				<polylist count="53" material="defaultMaterial">
					<input offset="0" semantic="VERTEX" source="#meshId10-vertices" />
					<input offset="0" semantic="NORMAL" source="#meshId10-normals" />
					<input offset="0" semantic="TANGENT" source="#meshId10-tangents" />
					<input offset="0" semantic="BINORMAL" source="#meshId10-bitangents" />
					<input offset="0" semantic="TEXCOORD" source="#meshId10-tex0" set="0" />
					<vcount>
						3 3 3 3 3 3 3 3 3 3 3 3 3 3 3 3 3 3 3 3 3 3 3 3 3 3 3 3 3 3 3 3 3 3 3 3 3 3 3 3 3 3 3 3 3 3 3 3 3 3 3 3 3 
					</vcount>
					<p>
						0 1 2 2 3 0 4 5 6 6 1 4 7 8 9 9 10 7 11 12 13 13 14 11 15 16 17 17 18 15 19 20 21 21 22 19 23 24 25 25 22 23 26 27 28 28 29 26 12 11 30 30 31 12 32 33 34 34 35 32 16 15 36 37 38 39 40 41 42 42 43 40 44 45 41 41 40 44 46 47 45 45 44 46 48 49 50 50 51 48 52 53 54 54 55 52 56 57 58 56 58 59 60 61 62 63 60 62 63 62 64 63 64 65 63 65 66 59 63 66 59 66 67 59 67 68 59 68 69 56 59 69 70 71 72 72 73 74 72 74 75 72 75 76 72 76 77 72 77 78 72 78 79 70 72 79 70 79 80 
					</p>
				</polylist>
			</mesh>
		</geometry>
		<geometry id="meshId11" name="meshId11_name" >
			<mesh>
				<source id="meshId11-positions" name="meshId11-positions">
					<float_array id="meshId11-positions-array" count="480"> 
						1.758822 6.726197 120.879959 1.758822 7.119570 120.879959 5.182662 7.119570 120.879959 5.182662 6.532167 120.879959 1.758822 6.532167 120.879959 -1.758821 6.925541 120.879959 -1.758821 6.532167 120.879959 -5.182672 6.532167 120.879959 -5.182672 7.119570 120.879959 -1.758821 7.119570 120.879959 -7.475005 6.725750 120.879959 -7.475005 7.119570 120.879959 -7.475005 6.725750 120.879959 -7.475005 6.731669 122.379959 -7.475005 7.125489 122.379959 -7.475005 7.119570 120.879959 -7.475005 6.731669 122.379959 -5.182673 6.538087 122.379959 -5.182673 7.125489 122.379959 -7.475005 7.125489 122.379959 5.182661 6.538087 122.379959 5.182661 7.125489 122.379959 7.474995 6.731669 122.379959 7.474995 7.125489 122.379959 7.474995 6.731669 122.379959 7.474996 6.725750 120.879959 7.474996 7.119570 120.879959 7.474995 7.125489 122.379959 7.474996 6.725750 120.879959 7.474996 7.119570 120.879959 5.182661 23.002571 120.879959 7.474995 23.002571 120.879959 7.474996 7.119570 120.879959 13.040784 23.002571 119.514381 13.040784 7.119570 119.514397 13.040784 23.002571 119.514381 13.218935 23.957649 120.783821 13.218935 7.125489 120.783821 13.040784 7.119570 119.514397 7.474996 23.957649 122.379959 7.474995 7.125489 122.379959 13.218935 7.125489 120.783821 13.218935 23.957649 120.783821 5.182662 23.957649 122.379959 7.474996 23.957649 122.379959 7.474995 23.002571 120.879959 5.182661 23.002571 120.879959 5.182662 23.957649 122.379959 5.182661 25.113604 120.879959 5.182662 25.114094 121.442215 5.182662 23.957649 122.379959 5.182661 23.002571 120.879959 1.727550 23.957649 122.379959 5.182662 23.957649 122.379959 5.182662 25.114094 121.442215 1.727550 23.957649 122.379959 5.182662 25.114094 121.442215 1.727550 25.136536 122.312691 -1.727561 25.136536 122.312691 -1.727561 23.957649 122.379959 1.727550 23.957649 122.379959 1.727550 25.136536 122.312691 1.727550 23.957649 122.379959 -1.727561 23.957649 122.379959 
						-5.182672 23.957649 122.379959 -5.182672 25.114094 121.442215 -5.182672 23.957649 122.379959 -1.727561 23.957649 122.379959 -5.182672 25.114094 121.442215 -5.182673 25.113604 120.879959 -5.182673 23.002571 120.879959 -5.182673 23.002571 120.879959 -5.182672 23.957649 122.379959 -5.182672 25.114094 121.442215 -5.182673 25.113604 120.879959 5.182661 25.113604 120.879959 -5.182673 23.002571 120.879959 1.727550 25.136536 122.312691 5.182662 25.114094 121.442215 5.182661 25.113604 120.879959 -1.727561 25.136536 122.312691 -5.182673 25.113604 120.879959 -5.182672 25.114094 121.442215 -7.475005 23.002571 120.879959 -7.475005 23.957649 122.379959 -5.182672 23.957649 122.379959 -5.182673 23.002571 120.879959 -7.475005 23.957649 122.379959 -7.475005 7.125489 122.379959 -13.040795 23.002571 119.514381 -13.218947 23.957649 120.783821 -13.218947 23.957649 120.783821 -13.218947 7.125489 120.783821 -13.218947 23.957649 120.783821 -13.040795 23.002571 119.514381 -13.040795 7.119570 119.514397 -13.218947 7.125489 120.783821 -7.475005 7.119570 120.879959 -7.475005 7.125489 122.379959 -13.218947 7.125489 120.783821 -13.040795 7.119570 119.514397 -13.040795 7.119570 119.514397 -13.040795 23.002571 119.514381 -7.475005 23.002571 120.879959 -7.475005 7.119570 120.879959 -1.727561 25.136536 122.312691 -5.182672 25.114094 121.442215 -1.727561 23.957649 122.379959 13.218935 23.957649 120.783821 13.040784 23.002571 119.514381 7.474995 7.125489 122.379959 7.474996 7.119570 120.879959 13.040784 7.119570 119.514397 13.218935 7.125489 120.783821 7.474995 6.215731 122.379959 7.474996 6.215731 120.879959 7.474996 6.215731 120.879959 5.182662 6.215731 120.879959 5.182662 6.215731 120.879959 5.182661 6.215731 122.379959 5.182661 6.538087 122.379959 5.182662 6.532167 120.879959 7.474996 6.215731 120.879959 7.474995 6.215731 122.379959 5.182661 6.215731 122.379959 5.182662 6.215731 120.879959 5.182661 6.215731 122.379959 7.474995 6.215731 122.379959 
						-7.475005 6.215731 122.379959 -5.182673 6.215731 122.379959 -7.475005 6.215731 122.379959 -7.475005 6.215731 120.879959 -5.182672 6.215731 120.879959 -5.182673 6.215731 122.379959 -5.182672 6.215731 120.879959 -7.475005 6.215731 120.879959 -5.182672 6.532167 120.879959 -5.182673 6.538087 122.379959 -5.182673 6.215731 122.379959 -5.182672 6.215731 120.879959 -7.475005 6.725750 120.879959 -7.475005 6.215731 120.879959 -7.475005 6.215731 122.379959 1.758822 8.466805 120.879959 0.287590 8.466805 120.879959 -0.000002 8.466805 120.879959 -1.510307 8.466805 120.879959 -1.758823 8.466805 120.879959 -1.758821 8.175272 120.879959 5.182662 6.532167 120.879959 5.182661 6.538087 122.379959 -5.182673 6.538087 122.379959 -5.182672 6.532167 120.879959 -1.758821 6.532167 120.879959 -1.758820 6.533105 121.117332 -0.627446 6.533105 121.117332 -0.000001 6.533105 121.117332 1.071629 6.533105 121.117332 1.758824 6.533105 121.117332 1.758822 6.532167 120.879959 
					</float_array>
					<technique_common>
						<accessor count="160" offset="0" source="#meshId11-positions-array" stride="3">
							<param name="X" type="float" />
							<param name="Y" type="float" />
							<param name="Z" type="float" />
						</accessor>
					</technique_common>
				</source>
				<source id="meshId11-normals" name="meshId11-normals">
					<float_array id="meshId11-normals-array" count="480"> 
						0.000000 0.000000 -1.000000 0.000000 0.000000 -1.000000 0.000000 0.000000 -1.000000 0.000000 0.000000 -1.000000 0.000000 0.000000 -1.000000 0.000000 0.000000 -1.000000 0.000000 0.000000 -1.000000 0.000000 0.000000 -1.000000 0.000000 0.000000 -1.000000 0.000000 0.000000 -1.000000 0.000000 0.000000 -1.000000 0.000000 0.000000 -1.000000 -1.000000 0.000000 -0.000000 -1.000000 0.000000 -0.000000 -1.000000 0.000000 -0.000000 -1.000000 0.000000 -0.000000 0.000000 0.000000 1.000000 0.000000 0.000000 1.000000 0.000000 0.000000 1.000000 0.000000 0.000000 1.000000 0.000000 0.000000 1.000000 0.000000 0.000000 1.000000 0.000000 0.000000 1.000000 0.000000 0.000000 1.000000 1.000000 0.000000 0.000000 1.000000 0.000000 0.000000 1.000000 0.000000 0.000000 1.000000 0.000000 0.000000 0.000000 0.000000 -1.000000 0.000000 0.000000 -1.000000 0.000000 0.000000 -1.000000 -0.120010 -0.000000 -0.992773 -0.120009 -0.000000 -0.992773 -0.238284 -0.000000 -0.971195 -0.238284 -0.000000 -0.971196 0.990296 -0.000000 -0.138976 0.990296 0.000000 -0.138976 0.990296 -0.000000 -0.138977 0.990296 -0.000000 -0.138977 0.135107 -0.000000 0.990831 0.135107 -0.000000 0.990831 0.267737 -0.000000 0.963492 0.267737 0.000000 0.963492 0.000000 0.000000 1.000000 -0.068222 0.841561 -0.535837 -0.078111 0.838208 -0.539729 0.000000 0.843526 -0.537089 0.000000 0.843526 -0.537089 1.000000 -0.000001 -0.000002 1.000000 -0.000001 -0.000002 1.000000 -0.000001 -0.000002 1.000000 0.000000 -0.000001 0.000000 0.629837 0.776727 0.000000 0.629837 0.776727 0.000000 0.629837 0.776727 0.244269 0.055243 0.968133 0.244269 0.055243 0.968133 0.244269 0.055243 0.968133 0.000000 0.056968 0.998376 0.000000 0.056968 0.998376 0.000000 0.056968 0.998376 0.000000 0.056968 0.998376 0.000000 0.000000 1.000000 0.000000 0.000000 1.000000 
						0.000000 0.000000 1.000000 0.000000 0.629837 0.776727 0.000000 0.629837 0.776727 0.000000 0.629837 0.776727 -1.000000 0.000000 0.000002 -1.000000 0.000000 0.000002 -1.000000 0.000000 0.000002 -1.000000 0.000000 0.000000 -1.000000 0.000000 0.000000 -1.000000 0.000000 0.000000 0.000000 0.000000 -1.000000 0.000000 0.000000 -1.000000 0.000000 0.000000 -1.000000 0.000317 0.999884 -0.015238 0.006276 0.999980 -0.000868 0.004706 0.999978 -0.004656 -0.000317 0.999884 -0.015238 -0.004706 0.999978 -0.004656 -0.006276 0.999980 -0.000868 0.069425 0.841491 -0.535793 0.063016 0.839075 -0.540354 0.000000 0.843526 -0.537089 0.000000 0.843526 -0.537089 -0.135107 0.000000 0.990831 -0.135107 0.000000 0.990831 0.155259 0.806571 -0.570384 0.160856 0.799401 -0.578865 -0.267737 0.000000 0.963492 -0.267737 -0.000000 0.963492 -0.990296 -0.000000 -0.138976 -0.990296 -0.000000 -0.138976 -0.990296 -0.000000 -0.138977 -0.990296 0.000000 -0.138977 -0.001098 -0.999991 0.004015 -0.001096 -0.999992 0.003946 -0.001104 -0.999990 0.004424 -0.001106 -0.999989 0.004507 0.238284 -0.000000 -0.971196 0.238285 -0.000000 -0.971195 0.120010 -0.000000 -0.992773 0.120009 0.000000 -0.992773 -0.244269 0.055243 0.968133 -0.244269 0.055243 0.968133 -0.244269 0.055243 0.968133 -0.143736 0.806749 -0.573145 -0.142835 0.800426 -0.582165 0.001012 -0.999991 0.004031 0.000968 -0.999992 0.003946 0.001202 -0.999990 0.004401 0.001247 -0.999989 0.004488 1.000000 0.000000 0.000000 1.000000 -0.000000 0.000000 0.000000 0.000000 -1.000000 0.000000 0.000000 -1.000000 -1.000000 0.000000 -0.000001 -1.000000 0.000000 -0.000001 -1.000000 0.000000 -0.000001 -1.000000 0.000000 -0.000001 0.000000 -1.000000 0.000000 0.000000 -1.000000 0.000000 0.000000 -1.000000 0.000000 0.000000 -1.000000 0.000000 0.000000 0.000000 1.000000 0.000000 0.000000 1.000000 
						0.000000 0.000000 1.000000 0.000000 0.000000 1.000000 0.000000 -1.000000 0.000000 0.000000 -1.000000 0.000000 0.000000 -1.000000 0.000000 0.000000 -1.000000 0.000000 0.000000 0.000000 -1.000000 0.000000 0.000000 -1.000000 1.000000 0.000000 0.000001 1.000000 0.000000 0.000001 1.000000 0.000000 0.000001 1.000000 -0.000000 0.000001 -1.000000 0.000000 -0.000000 -1.000000 0.000000 -0.000000 -1.000000 0.000000 -0.000000 0.000000 0.000000 -1.000000 0.000000 0.000000 -1.000000 0.000000 0.000000 -1.000000 0.000000 0.000000 -1.000000 0.000000 0.000000 -1.000000 0.000000 0.000000 -1.000000 0.000000 -0.999992 0.003946 0.000000 -0.999992 0.003946 -0.000000 -0.999992 0.003946 -0.000000 -0.999992 0.003946 0.000000 -0.999992 0.003945 -0.000000 -0.999992 0.003946 0.000000 -0.999992 0.003946 0.000000 -0.999992 0.003946 0.000000 -0.999992 0.003946 0.000000 -0.999992 0.003946 0.000000 -0.999992 0.003945 
					</float_array>
					<technique_common>
						<accessor count="160" offset="0" source="#meshId11-normals-array" stride="3">
							<param name="X" type="float" />
							<param name="Y" type="float" />
							<param name="Z" type="float" />
						</accessor>
					</technique_common>
				</source>
				<source id="meshId11-tangents" name="meshId11-tangents">
					<float_array id="meshId11-tangents-array" count="480"> 
						-0.406764 0.913533 -0.000000 -0.406730 0.913548 0.000000 -0.406727 0.913550 0.000000 -0.406735 0.913546 0.000000 -0.406808 0.913514 -0.000000 -0.406768 0.913531 0.000000 -0.406764 0.913533 -0.000000 -0.406753 0.913538 0.000000 -0.406746 0.913541 0.000000 -0.406751 0.913539 0.000000 -0.406761 0.913535 -0.000000 -0.406784 0.913525 0.000000 0.000000 0.069755 -0.997564 0.000000 0.069767 -0.997563 0.000000 0.069765 -0.997564 0.000000 0.069752 -0.997564 0.719338 -0.694660 0.000000 0.719334 -0.694665 0.000000 0.719329 -0.694669 0.000000 0.719334 -0.694664 0.000000 0.719350 -0.694648 0.000000 0.719340 -0.694658 -0.000000 0.719327 -0.694672 -0.000000 0.719321 -0.694678 0.000000 0.000000 -0.000003 -1.000000 0.000000 -0.000004 -1.000000 0.000000 -0.000003 -1.000000 0.000000 -0.000001 -1.000000 -0.406750 0.913539 0.000000 -0.406770 0.913531 0.000000 -0.406738 0.913545 0.000000 -0.406304 0.912417 0.049115 -0.406305 0.912417 0.049115 -0.404726 0.909031 0.099300 -0.404728 0.909030 0.099300 -0.138976 -0.000014 -0.990296 -0.138976 -0.000014 -0.990296 -0.138977 -0.000005 -0.990296 -0.138977 -0.000004 -0.990296 0.715959 -0.691283 -0.097627 0.715962 -0.691279 -0.097627 0.705386 -0.681182 -0.196014 0.705386 -0.681182 -0.196014 0.719338 -0.694660 0.000000 0.000005 -0.537088 -0.843526 0.000003 -0.541382 -0.840777 0.000003 -0.537089 -0.843526 -0.000000 -0.537089 -0.843526 -0.000002 -0.000002 -1.000000 -0.000002 -0.000002 -1.000000 -0.000002 -0.000002 -1.000000 -0.000001 -0.000000 -1.000000 0.626750 -0.605242 0.490782 0.626750 -0.605242 0.490782 0.626750 -0.605242 0.490782 0.712216 -0.687765 -0.140454 0.712216 -0.687765 -0.140454 0.712216 -0.687765 -0.140454 0.718773 -0.694116 0.039607 0.718771 -0.694117 0.039607 0.718779 -0.694110 0.039607 0.718781 -0.694108 0.039606 0.719341 -0.694657 0.000000 0.719340 -0.694658 0.000000 
						0.719339 -0.694660 0.000000 0.626753 -0.605240 0.490780 0.626753 -0.605240 0.490780 0.626753 -0.605240 0.490780 -0.000002 0.069778 -0.997563 -0.000002 0.069778 -0.997563 -0.000002 0.069778 -0.997563 -0.000000 0.069761 -0.997564 -0.000000 0.069761 -0.997564 -0.000000 0.069761 -0.997564 -0.406740 0.913544 0.000000 -0.406745 0.913542 0.000000 -0.406738 0.913545 0.000000 -0.000001 -0.015238 -0.999884 -0.000001 -0.000868 -1.000000 -0.000001 -0.004656 -0.999989 0.000003 -0.015238 -0.999884 -0.000000 -0.004656 -0.999989 -0.000001 -0.000868 -1.000000 -0.000000 -0.537089 -0.843526 0.000002 -0.541430 -0.840746 -0.000000 -0.537089 -0.843526 -0.000000 -0.537089 -0.843526 0.715961 -0.691281 0.097627 0.715961 -0.691281 0.097627 0.000001 -0.577386 -0.816472 -0.000007 -0.586501 -0.809949 0.705387 -0.681181 0.196014 0.705386 -0.681182 0.196014 0.138644 0.069081 -0.987930 0.138644 0.069082 -0.987930 0.138645 0.069073 -0.987930 0.138645 0.069072 -0.987930 -0.069750 -0.003929 -0.997557 -0.069751 -0.003860 -0.997557 -0.069748 -0.004336 -0.997555 -0.069747 -0.004419 -0.997555 -0.404725 0.909031 -0.099300 -0.404727 0.909030 -0.099301 -0.406307 0.912415 -0.049116 -0.406305 0.912416 -0.049115 0.702366 -0.678278 0.215917 0.702366 -0.678278 0.215917 0.702366 -0.678278 0.215917 -0.000003 -0.579159 -0.815214 -0.000006 -0.588197 -0.808718 -0.069752 -0.004092 -0.997556 -0.069753 -0.004004 -0.997556 -0.069744 -0.004474 -0.997555 -0.069743 -0.004564 -0.997555 0.000000 -0.000000 -1.000000 0.000000 -0.000000 -1.000000 -0.406740 0.913544 -0.000000 -0.406771 0.913530 0.000000 0.000001 0.069760 -0.997564 0.000001 0.069760 -0.997564 0.000001 0.069760 -0.997564 0.000001 0.069756 -0.997564 -0.069758 -0.000000 -0.997564 -0.069751 -0.000000 -0.997564 -0.069763 -0.000000 -0.997564 -0.069770 -0.000000 -0.997563 0.719365 -0.694632 -0.000000 0.719334 -0.694664 -0.000000 
						0.719347 -0.694651 -0.000000 0.719364 -0.694633 0.000000 -0.069754 -0.000000 -0.997564 -0.069751 -0.000000 -0.997564 -0.069755 -0.000000 -0.997564 -0.069757 -0.000000 -0.997564 -0.406744 0.913542 -0.000000 -0.406728 0.913549 0.000000 0.000001 -0.000001 -1.000000 0.000001 -0.000001 -1.000000 0.000001 -0.000001 -1.000000 0.000001 -0.000000 -1.000000 0.000000 0.069768 -0.997563 0.000000 0.069768 -0.997563 0.000000 0.069764 -0.997564 -0.406738 0.913545 -0.000000 -0.406746 0.913541 -0.000000 -0.406746 0.913541 0.000000 -0.406713 0.913556 0.000000 -0.406734 0.913547 0.000000 -0.406747 0.913541 -0.000000 -0.069764 -0.003936 -0.997556 -0.069762 -0.003936 -0.997556 -0.069757 -0.003936 -0.997556 -0.069748 -0.003936 -0.997557 -0.069638 -0.003936 -0.997565 -0.069743 -0.003936 -0.997557 -0.069797 -0.003936 -0.997553 -0.069799 -0.003936 -0.997553 -0.069659 -0.003936 -0.997563 -0.069773 -0.003936 -0.997555 -0.069809 -0.003936 -0.997553 
					</float_array>
					<technique_common>
						<accessor count="160" offset="0" source="#meshId11-tangents-array" stride="3">
							<param name="X" type="float" />
							<param name="Y" type="float" />
							<param name="Z" type="float" />
						</accessor>
					</technique_common>
				</source>
				<source id="meshId11-bitangents" name="meshId11-bitangents">
					<float_array id="meshId11-bitangents-array" count="480"> 
						0.913533 0.406764 0.000000 0.913548 0.406730 0.000000 0.913550 0.406727 0.000000 0.913546 0.406735 0.000000 0.913514 0.406808 0.000000 0.913531 0.406768 0.000000 0.913533 0.406764 0.000000 0.913538 0.406753 0.000000 0.913541 0.406746 0.000000 0.913539 0.406751 -0.000000 0.913535 0.406761 0.000000 0.913525 0.406784 0.000000 0.000000 -0.997564 -0.069755 0.000000 -0.997563 -0.069767 0.000000 -0.997564 -0.069765 0.000000 -0.997564 -0.069752 0.694660 0.719338 0.000000 0.694665 0.719334 0.000000 0.694669 0.719329 0.000000 0.694664 0.719334 0.000000 0.694648 0.719350 -0.000000 0.694658 0.719340 0.000000 0.694672 0.719327 0.000000 0.694678 0.719321 0.000000 0.000000 1.000000 -0.000003 0.000000 1.000000 -0.000004 0.000000 1.000000 -0.000003 0.000000 1.000000 -0.000001 0.913539 0.406750 0.000000 0.913531 0.406770 0.000000 0.913545 0.406738 0.000000 0.905823 0.409262 -0.109499 0.905822 0.409263 -0.109499 0.882846 0.416729 -0.216608 0.882846 0.416732 -0.216607 -0.000002 1.000000 -0.000014 -0.000002 1.000000 -0.000014 -0.000001 1.000000 -0.000004 -0.000000 1.000000 -0.000004 0.684944 0.722585 -0.093397 0.684941 0.722588 -0.093397 0.656314 0.732114 -0.182378 0.656314 0.732114 -0.182378 0.694660 0.719338 -0.000000 -0.997670 -0.057550 0.036637 -0.996945 -0.065675 0.042285 -1.000000 -0.000001 -0.000002 -1.000000 0.000000 0.000000 0.000001 1.000000 -0.000002 0.000001 1.000000 -0.000002 0.000001 1.000000 -0.000002 -0.000000 1.000000 -0.000000 0.779220 0.486814 -0.394750 0.779220 0.486814 -0.394750 0.779220 0.486814 -0.394750 0.658089 0.723828 -0.207344 0.658089 0.723828 -0.207344 0.658089 0.723828 -0.207344 0.695245 0.717606 -0.040947 0.695247 0.717604 -0.040947 0.695239 0.717611 -0.040948 0.695237 0.717613 -0.040948 0.694657 0.719341 0.000000 0.694658 0.719340 0.000000 
						0.694660 0.719339 0.000000 0.779218 0.486816 -0.394752 0.779218 0.486816 -0.394752 0.779218 0.486816 -0.394752 -0.000000 -0.997563 -0.069778 -0.000000 -0.997563 -0.069778 -0.000000 -0.997563 -0.069778 -0.000000 -0.997564 -0.069761 -0.000000 -0.997564 -0.069761 -0.000000 -0.997564 -0.069761 0.913544 0.406740 0.000000 0.913542 0.406745 -0.000000 0.913545 0.406738 0.000000 -1.000000 0.000317 -0.000004 -0.999980 0.006276 -0.000004 -0.999989 0.004706 -0.000021 -1.000000 -0.000317 0.000002 -0.999989 -0.004706 0.000022 -0.999980 -0.006276 0.000007 -0.997587 0.058562 -0.037287 -0.998013 0.052979 -0.034120 -1.000000 0.000000 0.000000 -1.000000 0.000000 0.000000 0.684942 0.722586 0.093397 0.684942 0.722586 0.093397 -0.987874 0.126764 -0.089645 -0.986978 0.130289 -0.094337 0.656313 0.732115 0.182377 0.656313 0.732114 0.182378 0.009601 -0.997611 -0.068410 0.009601 -0.997611 -0.068411 0.009599 -0.997612 -0.068402 0.009599 -0.997612 -0.068402 0.997564 -0.001375 -0.069745 0.997564 -0.001369 -0.069746 0.997564 -0.001410 -0.069742 0.997564 -0.001418 -0.069742 0.882847 0.416729 0.216607 0.882846 0.416731 0.216608 0.905821 0.409265 0.109499 0.905822 0.409263 0.109498 0.668591 0.732726 0.126882 0.668591 0.732726 0.126882 0.668591 0.732726 0.126882 -0.989616 -0.117174 0.083248 -0.989747 -0.115510 0.084020 0.997564 0.000728 -0.069755 0.997564 0.000690 -0.069757 0.997564 0.000893 -0.069749 0.997564 0.000931 -0.069747 0.000000 1.000000 -0.000000 0.000000 1.000000 -0.000000 0.913544 0.406740 0.000000 0.913530 0.406771 0.000000 0.000000 -0.997564 -0.069760 0.000000 -0.997564 -0.069760 0.000000 -0.997564 -0.069760 0.000000 -0.997564 -0.069756 0.997564 -0.000000 -0.069758 0.997564 -0.000000 -0.069751 0.997564 -0.000000 -0.069763 0.997563 -0.000000 -0.069770 0.694632 0.719365 0.000000 0.694664 0.719334 0.000000 
						0.694651 0.719347 -0.000000 0.694633 0.719364 0.000000 0.997564 -0.000000 -0.069754 0.997564 -0.000000 -0.069751 0.997564 -0.000000 -0.069755 0.997564 -0.000000 -0.069757 0.913542 0.406744 0.000000 0.913549 0.406728 0.000000 0.000000 1.000000 -0.000001 0.000000 1.000000 -0.000001 0.000000 1.000000 -0.000001 0.000000 1.000000 -0.000000 0.000000 -0.997563 -0.069768 0.000000 -0.997563 -0.069768 0.000000 -0.997564 -0.069764 0.913545 0.406738 0.000000 0.913541 0.406746 0.000000 0.913541 0.406746 0.000000 0.913556 0.406713 0.000000 0.913547 0.406734 0.000000 0.913541 0.406747 0.000000 0.997564 -0.000275 -0.069764 0.997564 -0.000275 -0.069762 0.997564 -0.000275 -0.069757 0.997565 -0.000275 -0.069747 0.997572 -0.000275 -0.069637 0.997565 -0.000275 -0.069743 0.997561 -0.000275 -0.069796 0.997561 -0.000275 -0.069799 0.997571 -0.000275 -0.069658 0.997563 -0.000275 -0.069772 0.997560 -0.000275 -0.069808 
					</float_array>
					<technique_common>
						<accessor count="160" offset="0" source="#meshId11-bitangents-array" stride="3">
							<param name="X" type="float" />
							<param name="Y" type="float" />
							<param name="Z" type="float" />
						</accessor>
					</technique_common>
				</source>
				<source id="meshId11-tex0" name="meshId11-tex0">
					<float_array id="meshId11-tex0-array" count="320"> 
						0.028898 0.556805 0.031311 0.557879 0.021960 0.578880 0.018357 0.577276 0.027708 0.556275 0.039727 0.535772 0.037314 0.534698 0.046665 0.513697 0.050268 0.515301 0.040917 0.536302 0.054112 0.500164 0.056528 0.501240 0.502720 0.658127 0.492700 0.657386 0.492884 0.654755 0.502904 0.655495 0.864803 0.324743 0.876836 0.334547 0.874083 0.337398 0.862958 0.326654 0.927144 0.383128 0.924390 0.385979 0.937362 0.394812 0.935516 0.396723 0.431598 0.394480 0.441646 0.394440 0.441646 0.397078 0.431598 0.397118 0.013284 0.591866 0.015700 0.592941 0.119384 0.622256 0.113124 0.636317 0.015700 0.592941 0.097924 0.670457 0.000500 0.627081 0.627761 0.908292 0.619253 0.914694 0.619253 0.801875 0.627761 0.801835 0.856626 0.478416 0.935516 0.396723 0.963394 0.423644 0.884503 0.505338 0.845500 0.467672 0.360594 0.431507 0.371166 0.431507 0.371166 0.447664 0.360594 0.447664 0.446717 0.313873 0.442951 0.313877 0.436670 0.306130 0.446717 0.299733 0.828731 0.451479 0.845500 0.467672 0.840080 0.473285 0.828731 0.451479 0.840080 0.473285 0.823206 0.457200 0.806437 0.441007 0.811962 0.435285 0.828731 0.451479 0.823206 0.457200 0.828731 0.451479 0.811962 0.435285 
						0.795193 0.419091 0.789773 0.424704 0.795193 0.419091 0.811962 0.435285 0.468835 0.507674 0.472592 0.507940 0.471605 0.522046 0.471605 0.522046 0.462028 0.514963 0.468835 0.507674 0.160641 0.564442 0.132333 0.628022 0.147692 0.558677 0.801835 0.885840 0.807666 0.862696 0.811432 0.862696 0.801835 0.908983 0.811432 0.932127 0.807666 0.932127 0.817479 0.569476 0.806907 0.569476 0.806907 0.553320 0.817479 0.553320 0.784067 0.408347 0.862958 0.326654 0.827103 0.608704 0.818156 0.609960 0.756189 0.381426 0.835080 0.299733 0.008370 0.735902 0.016411 0.742882 0.008985 0.849080 0.000500 0.848447 0.867647 0.819885 0.857624 0.819184 0.870974 0.781548 0.879373 0.783332 0.071728 0.467100 0.169152 0.510476 0.153952 0.544616 0.056528 0.501240 0.806437 0.441007 0.789773 0.424704 0.811962 0.435285 0.371843 0.391024 0.380790 0.392280 0.497531 0.259159 0.507554 0.259860 0.514078 0.297689 0.505512 0.298286 0.431598 0.391024 0.441646 0.391024 0.010156 0.590473 0.016416 0.576412 0.553199 0.170722 0.543176 0.170021 0.543327 0.167867 0.553347 0.168608 0.624204 0.645414 0.614181 0.644713 0.615252 0.629396 0.625275 0.630097 0.928654 0.381563 0.939780 0.392308 
						0.867222 0.322238 0.878347 0.332982 0.792763 0.740974 0.802786 0.741675 0.801715 0.756993 0.791692 0.756292 0.044724 0.512832 0.050984 0.498772 0.274278 0.631516 0.264231 0.631555 0.264231 0.629396 0.274278 0.629396 0.502720 0.658127 0.502482 0.661535 0.492459 0.660834 0.039574 0.561558 0.043592 0.552534 0.044378 0.550770 0.048502 0.541506 0.049181 0.539982 0.047393 0.539185 0.228608 0.491417 0.218585 0.490716 0.223428 0.421455 0.233451 0.422155 0.231851 0.445034 0.230265 0.444923 0.229737 0.452483 0.229443 0.456675 0.228943 0.463836 0.228622 0.468428 0.230208 0.468539 
					</float_array>
					<technique_common>
						<accessor count="160" offset="0" source="#meshId11-tex0-array" stride="2">
							<param name="S" type="float" />
							<param name="T" type="float" />
						</accessor>
					</technique_common>
				</source>
				<vertices id="meshId11-vertices">
					<input semantic="POSITION" source="#meshId11-positions" />
				</vertices>
				<polylist count="111" material="defaultMaterial">
					<input offset="0" semantic="VERTEX" source="#meshId11-vertices" />
					<input offset="0" semantic="NORMAL" source="#meshId11-normals" />
					<input offset="0" semantic="TANGENT" source="#meshId11-tangents" />
					<input offset="0" semantic="BINORMAL" source="#meshId11-bitangents" />
					<input offset="0" semantic="TEXCOORD" source="#meshId11-tex0" set="0" />
					<vcount>
						3 3 3 3 3 3 3 3 3 3 3 3 3 3 3 3 3 3 3 3 3 3 3 3 3 3 3 3 3 3 3 3 3 3 3 3 3 3 3 3 3 3 3 3 3 3 3 3 3 3 3 3 3 3 3 3 3 3 3 3 3 3 3 3 
						3 3 3 3 3 3 3 3 3 3 3 3 3 3 3 3 3 3 3 3 3 3 3 3 3 3 3 3 3 3 3 3 3 3 3 3 3 3 3 3 3 3 3 3 3 3 3 
					</vcount>
					<p>
						0 1 2 0 2 3 0 3 4 5 6 7 5 7 8 5 8 9 7 10 11 11 8 7 12 13 14 14 15 12 16 17 18 18 19 16 17 20 21 21 18 17 20 22 23 23 21 20 24 25 26 26 27 24 28 3 2 2 29 28 2 30 31 31 32 2 33 34 32 32 31 33 35 36 37 37 38 35 39 40 41 41 42 39 43 21 40 40 39 43 44 45 46 46 47 44 48 49 50 50 51 48 52 53 54 55 56 57 58 59 60 60 61 58 21 43 62 21 62 63 21 63 64 21 64 18 65 66 67 68 69 70 71 72 73 74 75 30 30 76 74 77 78 79 80 77 79 80 79 81 82 80 81 83 84 85 85 86 83 87 88 18 18 64 87 89 90 84 84 83 89 91 92 88 88 87 91 93 94 95 95 96 93 97 98 99 99 100 97 101 102 103 
						103 104 101 76 8 104 104 103 76 105 106 107 108 109 45 45 44 108 110 111 112 112 113 110 114 115 25 25 24 114 116 117 3 3 28 116 118 119 120 120 121 118 122 123 124 124 125 122 22 20 126 126 127 22 128 129 17 17 16 128 130 131 132 132 133 130 10 7 134 134 135 10 136 137 138 138 139 136 13 140 141 141 142 13 8 76 30 30 2 1 30 1 143 30 143 144 30 144 145 30 145 146 30 146 147 8 30 147 8 147 148 8 148 9 149 150 151 152 153 154 151 152 154 151 154 155 151 155 156 151 156 157 151 157 158 149 151 158 149 158 159 
					</p>
				</polylist>
			</mesh>
		</geometry>
		<geometry id="meshId12" name="meshId12_name" >
			<mesh>
				<source id="meshId12-positions" name="meshId12-positions">
					<float_array id="meshId12-positions-array" count="1587"> 
						1.748614 -8.726708 115.020294 1.748614 -8.726708 117.128296 1.759124 -8.765927 117.128296 1.997044 -9.653852 117.128296 2.019106 -9.736190 117.128296 2.019106 -9.736190 115.020294 1.997044 -9.653852 117.128296 1.739270 -8.717362 117.128296 1.748614 -8.726708 117.128296 1.748614 -8.726708 115.020294 1.009537 -7.987630 115.020294 1.009537 -7.987630 117.128204 1.026113 -8.004207 117.128204 1.009537 -7.987630 115.020294 1.026113 -8.004207 117.128204 1.688334 -8.666425 117.128288 1.748614 -8.726708 115.020294 1.739270 -8.717362 117.128296 -0.000003 -7.717128 115.020271 -0.000003 -7.717126 117.128204 0.927200 -7.965568 117.128204 1.009537 -7.987630 115.020294 0.961173 -7.974669 117.128204 1.009537 -7.987630 117.128204 -1.009517 -7.987620 115.020294 -1.009517 -7.987620 117.128204 -0.082339 -7.739188 117.128204 -0.000003 -7.717128 115.020271 -1.009517 -7.987620 115.020294 -0.082339 -7.739188 117.128204 -0.071010 -7.736154 117.128204 -0.000003 -7.717128 115.020271 -0.071010 -7.736154 117.128204 -0.000003 -7.717126 117.128204 -1.806482 -8.942780 120.552498 -2.019103 -9.736268 120.552498 -2.019104 -9.736264 140.865540 -1.748577 -8.726672 140.865540 -1.748576 -8.726676 120.552498 -1.759085 -8.765895 120.552498 -1.009518 -7.987618 140.865540 -1.009517 -7.987620 120.552498 -1.026092 -8.004197 120.552498 -1.167713 -8.145818 120.552498 -1.748577 -8.726672 140.865540 -1.739233 -8.717334 120.552498 -1.748577 -8.726672 140.865540 -1.739233 -8.717334 120.552498 -1.748576 -8.726676 120.552498 -0.000003 -7.717124 140.865540 -0.000002 -7.717128 120.552498 -0.216091 -7.775027 120.552498 -1.009518 -7.987618 140.865540 -0.961152 -7.974662 120.552498 -1.009517 -7.987620 120.552498 1.009537 -7.987626 140.865540 1.009537 -7.987630 120.552498 0.793444 -7.929729 120.552498 -0.000003 -7.717124 140.865540 0.071005 -7.736154 120.552498 -0.000002 -7.717128 120.552498 -0.000004 -7.148452 142.195801 1.009537 -7.369718 142.351379 1.009537 -7.987626 140.865540 
						1.009537 -7.987626 140.865540 -0.000003 -7.717124 140.865540 -0.000004 -7.148452 142.195801 1.009537 -7.369718 142.351379 1.748613 -7.974271 142.776520 1.748614 -8.726705 140.865540 1.748614 -8.726705 140.865540 1.009537 -7.987626 140.865540 1.009537 -7.369718 142.351379 0.857704 -5.396892 143.100769 1.656571 -5.765769 143.664764 1.748613 -7.974271 142.776520 1.748613 -7.974271 142.776520 1.009537 -7.369718 142.351379 0.857704 -5.396892 143.100769 1.656571 -5.765769 143.664764 2.011522 -6.291383 144.495514 2.019105 -8.800002 143.357269 2.019105 -8.800002 143.357269 1.748613 -7.974271 142.776520 1.656571 -5.765769 143.664764 2.011522 -6.291383 144.495514 1.827500 -6.833074 145.370239 1.748595 -9.625789 143.938019 1.748595 -9.625789 143.938019 2.019105 -8.800002 143.357269 2.011522 -6.291383 144.495514 1.827500 -6.833074 145.370239 1.153778 -7.245625 146.054535 1.009526 -10.230344 144.363159 1.009526 -10.230344 144.363159 1.748595 -9.625789 143.938019 1.827500 -6.833074 145.370239 1.153778 -7.245625 146.054535 0.170946 -7.418500 146.365051 0.000008 -10.451613 144.518738 0.000008 -10.451613 144.518738 1.009526 -10.230344 144.363159 1.153778 -7.245625 146.054535 0.170946 -7.418500 146.365051 -0.857739 -7.305308 146.218781 -1.009570 -10.230329 144.363159 -1.009570 -10.230329 144.363159 0.000008 -10.451613 144.518738 0.170946 -7.418500 146.365051 -0.857739 -7.305308 146.218781 -1.656584 -6.936482 145.654694 -1.748618 -9.625789 143.938019 -1.748618 -9.625789 143.938019 -1.009570 -10.230329 144.363159 -0.857739 -7.305308 146.218781 -1.656584 -6.936482 145.654694 -2.011528 -6.410855 144.824036 -2.019104 -8.800063 143.357269 -2.019104 -8.800063 143.357269 -1.748618 -9.625789 143.938019 -1.656584 -6.936482 145.654694 -2.011528 -6.410855 144.824036 -1.827494 -5.869149 143.949310 -1.748577 -7.974240 142.776520 -1.748577 -7.974240 142.776520 -2.019104 -8.800063 143.357269 -2.011528 -6.410855 144.824036 -1.827494 -5.869149 143.949310 
						-1.153772 -5.456581 143.265015 -1.009517 -7.369702 142.351379 -1.009517 -7.369702 142.351379 -1.748577 -7.974240 142.776520 -1.827494 -5.869149 143.949310 -1.153772 -5.456581 143.265015 -0.170949 -5.283738 142.954407 -0.000004 -7.148452 142.195801 -0.000004 -7.148452 142.195801 -1.009517 -7.369702 142.351379 -1.153772 -5.456581 143.265015 -0.531581 -5.185002 144.486328 -0.078771 -5.105375 144.343231 -0.170949 -5.283738 142.954407 -0.170949 -5.283738 142.954407 -1.153772 -5.456581 143.265015 -0.531581 -5.185002 144.486328 -0.078771 -5.105375 144.343231 0.395190 -5.157510 144.410645 0.857704 -5.396892 143.100769 0.857704 -5.396892 143.100769 -0.170949 -5.283738 142.954407 -0.078771 -5.105375 144.343231 -0.078771 -8.045011 142.801819 0.395190 -8.097144 142.869263 0.395190 -5.157510 144.410645 0.395190 -5.157510 144.410645 -0.078771 -5.105375 144.343231 -0.078771 -8.045011 142.801819 0.395190 -8.097144 142.869263 0.763252 -8.267138 143.129059 0.763252 -5.327502 144.670502 0.763252 -5.327502 144.670502 0.395190 -5.157510 144.410645 0.395190 -8.097144 142.869263 0.763252 -8.267138 143.129059 0.926786 -8.509257 143.511841 0.926786 -5.569621 145.053223 0.926786 -5.569621 145.053223 0.763252 -5.327502 144.670502 0.763252 -8.267138 143.129059 0.926786 -8.509257 143.511841 0.841998 -8.758836 143.914886 0.841998 -5.819200 145.456329 0.841998 -5.819200 145.456329 0.926786 -5.569621 145.053223 0.926786 -8.509257 143.511841 0.841998 -8.758836 143.914886 0.531608 -8.948913 144.230164 0.531608 -6.009279 145.771545 0.531608 -6.009279 145.771545 0.841998 -5.819200 145.456329 0.841998 -8.758836 143.914886 0.531608 -8.948913 144.230164 0.078769 -9.028592 144.373199 0.078769 -6.088958 145.914581 0.531608 -6.009279 145.771545 0.078769 -9.028592 144.373199 -0.395222 -8.976401 144.305847 -0.395222 -6.036768 145.847229 -0.395222 -6.036768 145.847229 0.078769 -6.088958 145.914581 0.078769 -9.028592 144.373199 -0.395222 -8.976401 144.305847 
						-0.763264 -8.806481 144.045959 -0.763264 -5.866844 145.587402 -0.763264 -5.866844 145.587402 -0.395222 -6.036768 145.847229 -0.395222 -8.976401 144.305847 -0.763264 -8.806481 144.045959 -0.926789 -8.564336 143.663208 -0.926789 -5.624702 145.204651 -0.763264 -5.866844 145.587402 -0.926789 -8.564336 143.663208 -0.841994 -8.314746 143.260223 -0.841995 -5.375112 144.801605 -0.841995 -5.375112 144.801605 -0.926789 -5.624702 145.204651 -0.926789 -8.564336 143.663208 -0.841994 -8.314746 143.260223 -0.531581 -8.124639 142.944946 -0.531581 -5.185002 144.486328 -0.841995 -5.375112 144.801605 -0.841994 -9.743829 139.376404 -0.531580 -9.375762 139.365906 -0.531581 -8.124639 142.944946 -0.531581 -8.124639 142.944946 -0.841994 -8.314746 143.260223 -0.841994 -9.743829 139.376404 -0.531580 -9.375762 139.365906 -0.078771 -9.212329 139.355438 -0.078771 -8.045011 142.801819 -0.078771 -8.045011 142.801819 -0.531581 -8.124639 142.944946 -0.531580 -9.375762 139.365906 0.395190 -9.297256 139.348053 -0.078771 -9.212329 139.355438 -0.531580 -9.375762 139.365906 -0.531580 -9.375762 139.365906 -0.841994 -9.743829 139.376404 -0.926789 -10.217736 139.384338 -0.926789 -10.217736 139.384338 -0.763264 -10.670667 139.387604 -0.395222 -10.981164 139.385162 -0.531580 -9.375762 139.365906 -0.926789 -10.217736 139.384338 -0.395222 -10.981164 139.385162 -0.395222 -10.981164 139.385162 0.078769 -11.066064 139.377777 0.531608 -10.902631 139.367401 0.531608 -10.902631 139.367401 0.841998 -10.534614 139.356812 0.926786 -10.060628 139.348877 -0.395222 -10.981164 139.385162 0.531608 -10.902631 139.367401 0.926786 -10.060628 139.348877 -0.531580 -9.375762 139.365906 -0.395222 -10.981164 139.385162 0.926786 -10.060628 139.348877 0.395190 -9.297256 139.348053 -0.531580 -9.375762 139.365906 0.926786 -10.060628 139.348877 0.395190 -9.297256 139.348053 0.926786 -10.060628 139.348877 0.763252 -9.607707 139.345551 0.926786 -8.509257 143.511841 0.763252 -8.267138 143.129059 0.763252 -9.607707 139.345551 
						0.763252 -9.607707 139.345551 0.926786 -10.060628 139.348877 0.926786 -8.509257 143.511841 0.763252 -8.267138 143.129059 0.395190 -8.097144 142.869263 0.395190 -9.297256 139.348053 0.395190 -9.297256 139.348053 0.763252 -9.607707 139.345551 0.763252 -8.267138 143.129059 0.841998 -8.758836 143.914886 0.926786 -8.509257 143.511841 0.926786 -10.060628 139.348877 0.926786 -10.060628 139.348877 0.841998 -10.534614 139.356812 0.841998 -8.758836 143.914886 0.531608 -8.948913 144.230164 0.841998 -8.758836 143.914886 0.841998 -10.534614 139.356812 0.841998 -10.534614 139.356812 0.531608 -10.902631 139.367401 0.531608 -8.948913 144.230164 0.078769 -9.028592 144.373199 0.531608 -8.948913 144.230164 0.531608 -10.902631 139.367401 0.531608 -10.902631 139.367401 0.078769 -11.066064 139.377777 0.078769 -9.028592 144.373199 -0.395222 -8.976401 144.305847 0.078769 -9.028592 144.373199 0.078769 -11.066064 139.377777 0.078769 -11.066064 139.377777 -0.395222 -10.981164 139.385162 -0.395222 -8.976401 144.305847 -0.763264 -8.806481 144.045959 -0.395222 -8.976401 144.305847 -0.395222 -10.981164 139.385162 -0.395222 -10.981164 139.385162 -0.763264 -10.670667 139.387604 -0.763264 -8.806481 144.045959 -0.926789 -8.564336 143.663208 -0.763264 -8.806481 144.045959 -0.763264 -10.670667 139.387604 -0.763264 -10.670667 139.387604 -0.926789 -10.217736 139.384338 -0.926789 -8.564336 143.663208 0.395190 -8.097144 142.869263 -0.078771 -8.045011 142.801819 -0.078771 -9.212329 139.355438 -0.078771 -9.212329 139.355438 0.395190 -9.297256 139.348053 0.395190 -8.097144 142.869263 -0.841994 -8.314746 143.260223 -0.926789 -8.564336 143.663208 -0.926789 -10.217736 139.384338 -0.926789 -10.217736 139.384338 -0.841994 -9.743829 139.376404 -0.841994 -8.314746 143.260223 -1.827494 -5.869149 143.949310 -2.011528 -6.410855 144.824036 -0.926789 -5.624702 145.204651 -0.926789 -5.624702 145.204651 -0.841995 -5.375112 144.801605 -1.827494 -5.869149 143.949310 -2.011528 -6.410855 144.824036 
						-1.656584 -6.936482 145.654694 -0.763264 -5.866844 145.587402 -0.763264 -5.866844 145.587402 -0.926789 -5.624702 145.204651 -2.011528 -6.410855 144.824036 -1.656584 -6.936482 145.654694 -0.857739 -7.305308 146.218781 -0.395222 -6.036768 145.847229 -0.395222 -6.036768 145.847229 -0.763264 -5.866844 145.587402 -1.656584 -6.936482 145.654694 -0.857739 -7.305308 146.218781 0.170946 -7.418500 146.365051 0.078769 -6.088958 145.914581 0.078769 -6.088958 145.914581 -0.395222 -6.036768 145.847229 -0.857739 -7.305308 146.218781 0.170946 -7.418500 146.365051 1.153778 -7.245625 146.054535 0.531608 -6.009279 145.771545 0.531608 -6.009279 145.771545 0.078769 -6.088958 145.914581 0.170946 -7.418500 146.365051 1.153778 -7.245625 146.054535 1.827500 -6.833074 145.370239 0.841998 -5.819200 145.456329 0.841998 -5.819200 145.456329 0.531608 -6.009279 145.771545 1.153778 -7.245625 146.054535 1.827500 -6.833074 145.370239 2.011522 -6.291383 144.495514 0.926786 -5.569621 145.053223 0.926786 -5.569621 145.053223 0.841998 -5.819200 145.456329 1.827500 -6.833074 145.370239 2.011522 -6.291383 144.495514 1.656571 -5.765769 143.664764 0.763252 -5.327502 144.670502 0.763252 -5.327502 144.670502 0.926786 -5.569621 145.053223 2.011522 -6.291383 144.495514 1.656571 -5.765769 143.664764 0.857704 -5.396892 143.100769 0.395190 -5.157510 144.410645 0.395190 -5.157510 144.410645 0.763252 -5.327502 144.670502 1.656571 -5.765769 143.664764 -0.078771 -5.105375 144.343231 -0.531581 -5.185002 144.486328 -0.531581 -8.124639 142.944946 -0.531581 -8.124639 142.944946 -0.078771 -8.045011 142.801819 -0.078771 -5.105375 144.343231 -1.153772 -5.456581 143.265015 -1.827494 -5.869149 143.949310 -0.841995 -5.375112 144.801605 -0.841995 -5.375112 144.801605 -0.531581 -5.185002 144.486328 -1.153772 -5.456581 143.265015 -1.009518 -7.987618 140.865540 -1.748577 -8.726672 140.865540 -1.748577 -7.974240 142.776520 -1.748577 -7.974240 142.776520 -1.009517 -7.369702 142.351379 
						-1.009518 -7.987618 140.865540 -1.748577 -8.726672 140.865540 -2.019104 -9.736264 140.865540 -2.019104 -8.800063 143.357269 -2.019104 -8.800063 143.357269 -1.748577 -7.974240 142.776520 -1.748577 -8.726672 140.865540 -2.019104 -9.736264 140.865540 -1.748618 -10.745748 140.865540 -1.748618 -9.625789 143.938019 -1.748618 -9.625789 143.938019 -2.019104 -8.800063 143.357269 -2.019104 -9.736264 140.865540 -1.748618 -10.745748 140.865540 -1.009571 -11.484794 140.865540 -1.009570 -10.230329 144.363159 -1.009570 -10.230329 144.363159 -1.748618 -9.625789 143.938019 -1.748618 -10.745748 140.865540 -1.748617 -10.745749 115.020294 -1.009570 -11.484797 115.020294 -1.009571 -11.484794 140.865540 -1.748618 -10.745748 140.865540 -1.009570 -11.484797 115.020294 0.000009 -11.755326 115.020294 0.000009 -11.755324 140.865540 -1.009571 -11.484794 140.865540 0.000009 -11.755326 115.020294 1.009527 -11.484826 115.020294 1.009527 -11.484822 140.865540 0.000009 -11.755324 140.865540 1.009527 -11.484826 115.020294 1.748595 -10.745746 115.020294 1.748595 -10.745744 140.865540 1.009527 -11.484822 140.865540 1.748595 -9.625789 143.938019 1.009526 -10.230344 144.363159 1.009527 -11.484822 140.865540 1.009527 -11.484822 140.865540 1.748595 -10.745744 140.865540 1.748595 -9.625789 143.938019 1.009526 -10.230344 144.363159 0.000008 -10.451613 144.518738 0.000009 -11.755324 140.865540 0.000009 -11.755324 140.865540 1.009527 -11.484822 140.865540 1.009526 -10.230344 144.363159 0.000008 -10.451613 144.518738 -1.009570 -10.230329 144.363159 -1.009571 -11.484794 140.865540 -1.009571 -11.484794 140.865540 0.000009 -11.755324 140.865540 0.000008 -10.451613 144.518738 1.748595 -10.745744 140.865540 2.019106 -9.736186 140.865540 2.019105 -8.800002 143.357269 2.019105 -8.800002 143.357269 1.748595 -9.625789 143.938019 1.748595 -10.745744 140.865540 2.019106 -9.736186 140.865540 1.748614 -8.726705 140.865540 1.748613 -7.974271 142.776520 1.748613 -7.974271 142.776520 2.019105 -8.800002 143.357269 
						2.019106 -9.736186 140.865540 1.009537 -7.369718 142.351379 -0.000004 -7.148452 142.195801 -0.170949 -5.283738 142.954407 -0.170949 -5.283738 142.954407 0.857704 -5.396892 143.100769 1.009537 -7.369718 142.351379 -0.000003 -7.717124 140.865540 -1.009518 -7.987618 140.865540 -1.009517 -7.369702 142.351379 -1.009517 -7.369702 142.351379 -0.000004 -7.148452 142.195801 -0.000003 -7.717124 140.865540 1.759124 -8.765929 120.552498 1.748614 -8.726707 120.552498 1.748614 -8.726705 140.865540 1.764222 -8.784955 120.552498 2.019106 -9.736186 140.865540 2.019106 -9.736190 120.552498 1.961207 -9.520108 120.552498 2.019106 -9.736186 140.865540 1.748595 -10.745744 140.865540 1.748595 -10.745746 115.020294 2.019106 -9.736190 115.020294 2.019106 -9.736190 117.128296 2.013039 -9.758830 117.128296 2.013039 -9.758830 120.475693 1.748595 -10.745746 115.020294 2.013039 -9.758830 120.475693 2.013039 -9.758830 120.552498 2.013039 -9.758830 120.552498 2.019106 -9.736190 120.552498 -1.026094 -8.004197 117.128204 -1.009517 -7.987620 117.128204 -1.009517 -7.987620 115.020294 -1.064148 -8.042251 117.128204 -1.026094 -8.004197 117.128204 -1.009517 -7.987620 115.020294 -1.748576 -8.726676 115.020294 -1.748576 -8.726676 117.128204 -1.069794 -8.047896 117.128204 -1.748576 -8.726676 115.020294 -1.069794 -8.047896 117.128204 -1.064148 -8.042251 117.128204 -1.009517 -7.987620 115.020294 -1.069794 -8.047896 117.128204 -1.759085 -8.765895 117.128204 -1.748576 -8.726676 117.128204 -1.748576 -8.726676 115.020294 -1.764184 -8.784923 117.128204 -2.019103 -9.736268 115.020294 -2.019103 -9.736268 117.128204 -1.770640 -8.809018 117.128204 -1.764184 -8.784923 117.128204 -1.748576 -8.726676 115.020294 -1.770640 -8.809018 117.128204 -2.019103 -9.736268 115.020294 -1.748617 -10.745749 115.020294 -1.748618 -10.745748 140.865540 -2.019104 -9.736264 140.865540 -2.019103 -9.736268 120.552498 -2.013035 -9.758912 120.552498 -2.019104 -9.736264 140.865540 -2.013035 -9.758912 120.552498 
						-2.013035 -9.758910 117.205009 -1.748618 -10.745748 140.865540 -2.013035 -9.758910 117.205009 -2.013035 -9.758910 117.128204 -2.013035 -9.758910 117.128204 -2.019103 -9.736268 115.020294 -2.013035 -9.758910 117.128204 -2.019103 -9.736268 117.128204 1.026114 -8.004207 120.552498 1.009537 -7.987630 120.552498 1.009537 -7.987626 140.865540 1.064169 -8.042262 120.552498 1.026114 -8.004207 120.552498 1.009537 -7.987626 140.865540 1.748614 -8.726705 140.865540 1.748614 -8.726707 120.552498 1.590414 -8.568507 120.552498 
					</float_array>
					<technique_common>
						<accessor count="529" offset="0" source="#meshId12-positions-array" stride="3">
							<param name="X" type="float" />
							<param name="Y" type="float" />
							<param name="Z" type="float" />
						</accessor>
					</technique_common>
				</source>
				<source id="meshId12-normals" name="meshId12-normals">
					<float_array id="meshId12-normals-array" count="1587"> 
						0.965925 0.258824 0.000000 0.965925 0.258824 0.000000 0.965925 0.258824 0.000000 0.965925 0.258821 -0.000000 0.965926 0.258820 0.000000 0.965926 0.258820 0.000000 0.965925 0.258821 -0.000000 0.707120 0.707093 0.000000 0.707120 0.707093 0.000000 0.707120 0.707093 0.000000 0.707112 0.707102 -0.000000 0.707112 0.707102 -0.000000 0.707112 0.707102 -0.000000 0.707107 0.707107 -0.000000 0.707107 0.707107 -0.000000 0.707107 0.707107 -0.000000 0.707107 0.707107 -0.000000 0.707105 0.707108 -0.000000 0.258817 0.965927 -0.000000 0.258816 0.965927 -0.000000 0.258817 0.965927 -0.000000 0.258817 0.965927 -0.000000 0.258817 0.965926 -0.000000 0.258815 0.965927 -0.000000 -0.258815 0.965927 -0.000000 -0.258815 0.965927 -0.000000 -0.258815 0.965927 -0.000000 -0.258815 0.965927 -0.000000 -0.258815 0.965927 -0.000000 -0.258815 0.965927 -0.000000 -0.258817 0.965926 -0.000000 -0.258820 0.965926 -0.000000 -0.258820 0.965926 -0.000000 -0.258820 0.965926 -0.000000 -0.965924 0.258826 -0.000000 -0.965924 0.258826 -0.000000 -0.965924 0.258826 -0.000000 -0.965924 0.258826 -0.000000 -0.965924 0.258827 -0.000000 -0.965924 0.258827 -0.000000 -0.707099 0.707114 -0.000000 -0.707099 0.707114 -0.000000 -0.707099 0.707114 -0.000000 -0.707106 0.707108 -0.000000 -0.707105 0.707109 -0.000000 -0.707105 0.707109 -0.000000 -0.707084 0.707129 -0.000000 -0.707084 0.707129 -0.000000 -0.707084 0.707129 -0.000000 -0.258813 0.965928 -0.000000 -0.258813 0.965928 -0.000000 -0.258813 0.965928 -0.000000 -0.258815 0.965927 -0.000000 -0.258815 0.965927 -0.000000 -0.258823 0.965925 -0.000000 0.258815 0.965927 -0.000000 0.258815 0.965927 -0.000000 0.258815 0.965927 -0.000000 0.258816 0.965927 -0.000000 0.258817 0.965926 -0.000000 0.258815 0.965927 -0.000000 0.253038 0.893291 -0.371488 0.253038 0.893291 -0.371488 0.253038 0.893291 -0.371488 
						0.239224 0.892806 -0.381666 0.239224 0.892806 -0.381666 0.239224 0.892806 -0.381666 0.696943 0.667265 -0.262730 0.696943 0.667265 -0.262730 0.696943 0.667265 -0.262730 0.678385 0.678384 -0.282116 0.678385 0.678384 -0.282116 0.678385 0.678384 -0.282116 0.639662 0.309618 -0.703541 0.639662 0.309618 -0.703541 0.639662 0.309618 -0.703541 0.652625 0.312429 -0.690267 0.652625 0.312429 -0.690267 0.652625 0.312429 -0.690267 0.939633 0.143738 -0.310530 0.939633 0.143738 -0.310530 0.939633 0.143738 -0.310530 0.958659 0.139667 -0.247925 0.958659 0.139667 -0.247925 0.958659 0.139667 -0.247925 0.984323 -0.101708 0.144094 0.984323 -0.101708 0.144094 0.984323 -0.101708 0.144094 0.954469 -0.120862 0.272730 0.954469 -0.120862 0.272730 0.954469 -0.120862 0.272730 0.764428 -0.345424 0.544364 0.764428 -0.345424 0.544364 0.764428 -0.345424 0.544364 0.667062 -0.354804 0.655090 0.667062 -0.354804 0.655090 0.667062 -0.354804 0.655090 0.339579 -0.502954 0.794811 0.339579 -0.502954 0.794811 0.339579 -0.502954 0.794811 0.236405 -0.487669 0.840412 0.236405 -0.487669 0.840412 0.236405 -0.487669 0.840412 -0.176082 -0.520789 0.835329 -0.176082 -0.520789 0.835329 -0.176082 -0.520789 0.835329 -0.237342 -0.495310 0.835666 -0.237342 -0.495310 0.835666 -0.237342 -0.495310 0.835666 -0.644602 -0.395559 0.654233 -0.644602 -0.395559 0.654234 -0.644602 -0.395559 0.654233 -0.672227 -0.371403 0.640446 -0.672227 -0.371403 0.640446 -0.672227 -0.371403 0.640446 -0.940538 -0.175551 0.290811 -0.940538 -0.175551 0.290811 -0.940538 -0.175551 0.290811 -0.957063 -0.131992 0.258085 -0.957063 -0.131992 0.258085 -0.957063 -0.131992 0.258085 -0.983574 0.058301 -0.170831 -0.983574 0.058301 -0.170831 -0.983574 0.058301 -0.170831 -0.960254 0.148241 -0.236510 -0.960254 0.148241 -0.236510 -0.960254 0.148241 -0.236510 -0.759509 0.232807 -0.607410 
						-0.759509 0.232807 -0.607410 -0.759509 0.232807 -0.607410 -0.663829 0.344841 -0.663639 -0.663829 0.344841 -0.663639 -0.663829 0.344841 -0.663639 -0.336646 0.328194 -0.882586 -0.336646 0.328194 -0.882586 -0.336646 0.328194 -0.882586 -0.225461 0.405951 -0.885647 -0.225461 0.405951 -0.885647 -0.225461 0.405951 -0.885647 -0.206099 0.972195 -0.111178 -0.206099 0.972195 -0.111178 -0.206099 0.972195 -0.111178 -0.206110 0.972192 -0.111181 -0.206110 0.972192 -0.111181 -0.206110 0.972192 -0.111181 0.127247 0.982688 -0.134657 0.127247 0.982688 -0.134657 0.127247 0.982688 -0.134657 0.127255 0.982688 -0.134651 0.127255 0.982688 -0.134651 0.127255 0.982688 -0.134651 -0.174392 -0.457263 0.872065 -0.174392 -0.457263 0.872065 -0.174392 -0.457263 0.872065 -0.174337 -0.457274 0.872070 -0.174337 -0.457275 0.872070 -0.174337 -0.457275 0.872070 -0.643014 -0.355658 0.678263 -0.643014 -0.355658 0.678263 -0.643014 -0.355658 0.678263 -0.643080 -0.355621 0.678220 -0.643080 -0.355621 0.678220 -0.643080 -0.355621 0.678220 -0.940212 -0.158163 0.301639 -0.940212 -0.158163 0.301639 -0.940212 -0.158163 0.301639 -0.940199 -0.158185 0.301669 -0.940199 -0.158185 0.301669 -0.940199 -0.158185 0.301669 -0.984301 0.081964 -0.156311 -0.984301 0.081964 -0.156311 -0.984301 0.081964 -0.156311 -0.984305 0.081953 -0.156296 -0.984305 0.081953 -0.156296 -0.984305 0.081953 -0.156296 -0.763963 0.299645 -0.571466 -0.763963 0.299645 -0.571466 -0.763963 0.299645 -0.571466 -0.763917 0.299680 -0.571509 -0.763917 0.299680 -0.571509 -0.763917 0.299680 -0.571509 -0.339927 0.436726 -0.832898 -0.339927 0.436726 -0.832899 -0.339927 0.436726 -0.832898 -0.339927 0.436726 -0.832899 0.174270 0.457273 -0.872085 0.174270 0.457273 -0.872085 0.174270 0.457273 -0.872084 0.174269 0.457273 -0.872085 0.174269 0.457273 -0.872085 0.174269 0.457273 -0.872085 0.643094 0.355626 -0.678203 
						0.643094 0.355626 -0.678203 0.643094 0.355626 -0.678203 0.643028 0.355641 -0.678258 0.643028 0.355641 -0.678258 0.643028 0.355641 -0.678258 0.940214 0.158166 -0.301632 0.940214 0.158166 -0.301632 0.940214 0.158166 -0.301632 0.940214 0.158165 -0.301632 0.984295 -0.081976 0.156340 0.984295 -0.081976 0.156340 0.984295 -0.081976 0.156340 0.984299 -0.081969 0.156321 0.984299 -0.081969 0.156321 0.984299 -0.081969 0.156321 0.763950 -0.299652 0.571480 0.763950 -0.299652 0.571480 0.763950 -0.299652 0.571480 0.763950 -0.299652 0.571480 0.749006 -0.625449 0.218638 0.749006 -0.625449 0.218638 0.749006 -0.625449 0.218638 0.679237 -0.688771 0.253439 0.679237 -0.688771 0.253439 0.679237 -0.688771 0.253439 0.329737 -0.894174 0.302865 0.329737 -0.894174 0.302865 0.329737 -0.894174 0.302865 0.260945 -0.911279 0.318556 0.260945 -0.911279 0.318556 0.260945 -0.911279 0.318556 0.018077 0.013947 0.999739 0.018077 0.013947 0.999739 0.018077 0.013947 0.999739 0.017724 0.013567 0.999751 0.017724 0.013567 0.999751 0.017724 0.013567 0.999751 0.018280 0.013807 0.999738 0.018280 0.013807 0.999738 0.018280 0.013807 0.999738 0.017850 0.013508 0.999749 0.017850 0.013508 0.999749 0.017850 0.013508 0.999749 0.018008 0.013574 0.999746 0.018008 0.013574 0.999746 0.018008 0.013574 0.999746 0.018106 0.013497 0.999745 0.018106 0.013497 0.999745 0.018106 0.013497 0.999745 0.018011 0.013541 0.999746 0.018011 0.013541 0.999746 0.018011 0.013541 0.999746 0.018024 0.013523 0.999746 0.018024 0.013523 0.999746 0.018024 0.013523 0.999746 0.018099 0.013683 0.999743 0.018099 0.013683 0.999743 0.018099 0.013683 0.999743 0.018679 0.014087 0.999726 0.018679 0.014087 0.999726 0.018679 0.014087 0.999726 -0.908735 -0.393409 0.139393 -0.908735 -0.393410 0.139393 -0.908735 -0.393409 0.139393 
						-0.933453 -0.336118 0.125258 -0.933453 -0.336118 0.125258 -0.933453 -0.336118 0.125258 -0.553665 -0.788217 0.268643 -0.553665 -0.788217 0.268643 -0.553665 -0.788217 0.268643 -0.621236 -0.738629 0.261711 -0.621236 -0.738629 0.261711 -0.621236 -0.738629 0.261711 -0.975330 0.206856 -0.077087 -0.975330 0.206856 -0.077087 -0.975330 0.206856 -0.077087 -0.982292 0.174577 -0.068013 -0.982292 0.174577 -0.068013 -0.982292 0.174577 -0.068013 -0.684656 0.679146 -0.264588 -0.684656 0.679146 -0.264588 -0.684656 0.679146 -0.264588 -0.743831 0.620185 -0.249172 -0.743831 0.620185 -0.249172 -0.743831 0.620185 -0.249172 -0.270547 0.893304 -0.358904 -0.270547 0.893304 -0.358904 -0.270547 0.893304 -0.358904 -0.324304 0.875899 -0.357251 -0.324304 0.875899 -0.357251 -0.324304 0.875899 -0.357251 0.153768 0.914931 -0.373171 0.153768 0.914931 -0.373171 0.153768 0.914931 -0.373171 0.157990 0.914459 -0.372565 0.157990 0.914459 -0.372565 0.157990 0.914459 -0.372565 0.570147 0.760822 -0.309971 0.570147 0.760822 -0.309971 0.570147 0.760822 -0.309971 0.615420 0.731779 -0.292844 0.615421 0.731779 -0.292844 0.615420 0.731779 -0.292844 0.913435 0.377852 -0.151209 0.913435 0.377852 -0.151209 0.913435 0.377852 -0.151209 0.932919 0.335884 -0.129789 0.932919 0.335884 -0.129789 0.932919 0.335884 -0.129789 -0.148181 -0.936688 0.317265 -0.148181 -0.936688 0.317265 -0.148181 -0.936688 0.317265 -0.162393 -0.933971 0.318319 -0.162393 -0.933971 0.318319 -0.162393 -0.933971 0.318319 0.975759 -0.204140 0.078882 0.975759 -0.204140 0.078882 0.975759 -0.204140 0.078882 0.982517 -0.174722 0.064291 0.982517 -0.174722 0.064291 0.982517 -0.174722 0.064291 -0.626849 0.714545 0.310622 -0.626849 0.714545 0.310622 -0.626849 0.714545 0.310622 -0.626843 0.714552 0.310617 -0.626843 0.714552 0.310617 -0.626843 0.714552 0.310617 -0.597950 0.536830 0.595205 
						-0.597950 0.536830 0.595205 -0.597950 0.536830 0.595205 -0.597944 0.536914 0.595136 -0.597944 0.536914 0.595136 -0.597944 0.536914 0.595136 -0.404310 0.389762 0.827417 -0.404310 0.389762 0.827417 -0.404310 0.389762 0.827417 -0.404262 0.389682 0.827478 -0.404262 0.389682 0.827478 -0.404262 0.389682 0.827478 -0.099846 0.313078 0.944465 -0.099846 0.313078 0.944465 -0.099846 0.313078 0.944465 -0.099745 0.313008 0.944498 -0.099745 0.313008 0.944498 -0.099745 0.313008 0.944498 0.232056 0.326504 0.916267 0.232056 0.326504 0.916267 0.232056 0.326504 0.916267 0.231965 0.326533 0.916280 0.231965 0.326533 0.916280 0.231965 0.326533 0.916280 0.503374 0.425428 0.752081 0.503374 0.425428 0.752081 0.503374 0.425428 0.752081 0.503296 0.425432 0.752131 0.503296 0.425432 0.752131 0.503296 0.425432 0.752131 0.643162 0.583057 0.496375 0.643162 0.583057 0.496375 0.643162 0.583057 0.496375 0.643211 0.583071 0.496293 0.643211 0.583071 0.496293 0.643211 0.583071 0.496293 0.615511 0.757814 0.216482 0.615511 0.757814 0.216482 0.615511 0.757814 0.216482 0.615514 0.757830 0.216416 0.615514 0.757830 0.216416 0.615514 0.757830 0.216416 0.427454 0.903924 -0.014261 0.427455 0.903924 -0.014261 0.427454 0.903924 -0.014261 0.427492 0.903908 -0.014184 0.427492 0.903908 -0.014184 0.427492 0.903908 -0.014184 0.340003 -0.436713 0.832874 0.340003 -0.436713 0.832874 0.340003 -0.436713 0.832874 0.340053 -0.436712 0.832855 0.340053 -0.436712 0.832855 0.340053 -0.436712 0.832855 -0.482876 0.874166 0.051628 -0.482876 0.874166 0.051628 -0.482876 0.874166 0.051628 -0.482910 0.874146 0.051636 -0.482910 0.874146 0.051636 -0.482910 0.874146 0.051636 -0.681195 0.681200 -0.268217 -0.681195 0.681200 -0.268217 -0.681195 0.681200 -0.268217 -0.698526 0.660727 -0.274776 -0.698526 0.660727 -0.274776 
						-0.698526 0.660727 -0.274776 -0.961389 0.257611 -0.096790 -0.961389 0.257611 -0.096790 -0.961389 0.257611 -0.096790 -0.964028 0.247319 -0.097380 -0.964028 0.247319 -0.097380 -0.964028 0.247319 -0.097380 -0.961657 -0.257671 0.093924 -0.961657 -0.257671 0.093924 -0.961657 -0.257671 0.093924 -0.963763 -0.249714 0.093824 -0.963763 -0.249714 0.093824 -0.963763 -0.249714 0.093824 -0.685408 -0.685407 0.245830 -0.685408 -0.685407 0.245830 -0.685408 -0.685407 0.245830 -0.694603 -0.675890 0.246370 -0.694603 -0.675890 0.246370 -0.694603 -0.675890 0.246370 -0.707107 -0.707106 0.000000 -0.707107 -0.707106 0.000000 -0.707107 -0.707106 0.000000 -0.707107 -0.707106 0.000000 -0.258831 -0.965923 0.000000 -0.258831 -0.965923 0.000000 -0.258831 -0.965923 0.000000 -0.258830 -0.965923 0.000000 0.258820 -0.965926 0.000000 0.258820 -0.965926 0.000000 0.258820 -0.965926 0.000000 0.258820 -0.965926 0.000000 0.707113 -0.707101 0.000000 0.707113 -0.707101 0.000000 0.707113 -0.707101 0.000000 0.707112 -0.707102 0.000000 0.694094 -0.677618 0.243039 0.694094 -0.677618 0.243039 0.694094 -0.677618 0.243039 0.684733 -0.684723 0.249590 0.684733 -0.684723 0.249590 0.684733 -0.684723 0.249590 0.250027 -0.911910 0.325432 0.250027 -0.911910 0.325432 0.250027 -0.911910 0.325432 0.244559 -0.912704 0.327356 0.244559 -0.912704 0.327356 0.244559 -0.912704 0.327356 -0.250129 -0.911367 0.326873 -0.250129 -0.911367 0.326873 -0.250129 -0.911367 0.326873 -0.244700 -0.913191 0.325889 -0.244700 -0.913191 0.325889 -0.244700 -0.913191 0.325889 0.961391 -0.257604 0.096786 0.961391 -0.257604 0.096786 0.961391 -0.257604 0.096786 0.963582 -0.251243 0.091581 0.963582 -0.251243 0.091581 0.963582 -0.251243 0.091581 0.960948 0.257488 -0.101384 0.960948 0.257488 -0.101384 0.960948 0.257488 -0.101384 0.963762 0.249720 -0.093824 0.963762 0.249720 -0.093824 
						0.963762 0.249720 -0.093824 0.222394 0.384819 -0.895799 0.222394 0.384819 -0.895799 0.222394 0.384819 -0.895799 0.170191 0.361339 -0.916771 0.170191 0.361339 -0.916771 0.170191 0.361339 -0.916771 -0.240163 0.896315 -0.372749 -0.240163 0.896315 -0.372749 -0.240163 0.896315 -0.372749 -0.253540 0.889460 -0.380236 -0.253540 0.889460 -0.380236 -0.253540 0.889460 -0.380236 0.965926 0.258820 0.000000 0.965926 0.258820 0.000000 0.965926 0.258820 0.000000 0.965927 0.258815 0.000000 0.965925 0.258822 -0.000000 0.965925 0.258822 -0.000000 0.965925 0.258822 -0.000000 0.965926 -0.258819 0.000000 0.965926 -0.258819 0.000000 0.965926 -0.258819 0.000000 0.965925 -0.258822 -0.000000 0.965925 -0.258822 0.000000 0.965925 -0.258822 0.000000 0.965926 -0.258820 0.000000 0.965921 -0.258836 0.000003 0.965921 -0.258836 0.000003 0.965921 -0.258836 0.000003 0.965926 -0.258820 0.000000 0.965925 -0.258823 0.000000 -0.707107 0.707107 -0.000000 -0.707107 0.707107 -0.000000 -0.707107 0.707107 -0.000000 -0.707101 0.707112 -0.000000 -0.707101 0.707112 -0.000000 -0.707101 0.707112 -0.000000 -0.707105 0.707109 -0.000000 -0.707105 0.707109 -0.000000 -0.707105 0.707109 -0.000000 -0.707105 0.707109 0.000000 -0.707105 0.707109 0.000000 -0.707151 0.707062 -0.000003 -0.707152 0.707062 -0.000003 -0.707152 0.707062 -0.000003 -0.965924 0.258827 -0.000000 -0.965924 0.258827 -0.000000 -0.965924 0.258827 -0.000000 -0.965926 0.258820 -0.000000 -0.965924 0.258826 0.000000 -0.965924 0.258826 0.000000 -0.965924 0.258826 0.000000 -0.965924 0.258828 0.000000 -0.965924 0.258828 0.000000 -0.965924 0.258828 0.000000 -0.965927 -0.258815 0.000000 -0.965927 -0.258815 0.000000 -0.965927 -0.258815 0.000000 -0.965928 -0.258811 -0.000000 -0.965928 -0.258811 -0.000000 -0.965928 -0.258811 -0.000000 -0.965927 -0.258816 -0.000000 -0.965927 -0.258816 -0.000000 
						-0.965927 -0.258815 -0.000000 -0.965927 -0.258815 -0.000000 -0.965927 -0.258815 -0.000000 -0.965927 -0.258815 -0.000000 -0.965927 -0.258817 -0.000000 -0.965928 -0.258812 0.000000 -0.965928 -0.258812 0.000000 -0.965928 -0.258812 -0.000000 0.707112 0.707102 -0.000000 0.707112 0.707102 -0.000000 0.707112 0.707102 -0.000000 0.707101 0.707112 -0.000000 0.707101 0.707112 -0.000000 0.707101 0.707112 -0.000000 0.707107 0.707106 -0.000000 0.707107 0.707106 -0.000000 0.707107 0.707106 -0.000000 
					</float_array>
					<technique_common>
						<accessor count="529" offset="0" source="#meshId12-normals-array" stride="3">
							<param name="X" type="float" />
							<param name="Y" type="float" />
							<param name="Z" type="float" />
						</accessor>
					</technique_common>
				</source>
				<source id="meshId12-tangents" name="meshId12-tangents">
					<float_array id="meshId12-tangents-array" count="1587"> 
						0.000000 -0.000000 -1.000000 0.000000 -0.000000 -1.000000 0.000000 -0.000000 -1.000000 -0.000001 0.000004 -1.000000 0.000000 -0.000000 -1.000000 0.000000 -0.000000 -1.000000 0.000002 -0.000007 -1.000000 0.000000 -0.000000 -1.000000 0.000000 -0.000000 -1.000000 0.000000 -0.000000 -1.000000 -0.000000 -0.000000 -1.000000 -0.000000 -0.000000 -1.000000 -0.000000 -0.000000 -1.000000 0.000006 -0.000006 -1.000000 0.000006 -0.000006 -1.000000 0.000006 -0.000006 -1.000000 0.000010 -0.000010 -1.000000 0.000005 -0.000005 -1.000000 0.000000 -0.000000 -1.000000 0.000000 -0.000000 -1.000000 0.000000 -0.000000 -1.000000 0.000001 -0.000000 -1.000000 0.000005 -0.000002 -1.000000 -0.000000 -0.000000 -1.000000 0.000000 -0.000000 -1.000000 0.000000 -0.000000 -1.000000 0.000000 -0.000000 -1.000000 0.000011 0.000003 -1.000000 0.000011 0.000003 -1.000000 0.000011 0.000003 -1.000000 0.000010 0.000002 -1.000000 0.000000 -0.000000 -1.000000 0.000000 -0.000000 -1.000000 0.000000 -0.000000 -1.000000 0.018689 0.069745 -0.997390 0.018689 0.069745 -0.997390 0.018689 0.069745 -0.997390 0.018689 0.069745 -0.997390 0.018690 0.069748 -0.997390 0.018690 0.069748 -0.997390 0.000000 -0.000000 -1.000000 0.000000 -0.000000 -1.000000 0.000000 -0.000000 -1.000000 0.000001 0.000000 -1.000000 -0.000001 -0.000001 -1.000000 0.000000 0.000000 -1.000000 0.000000 -0.000000 -1.000000 0.000000 -0.000000 -1.000000 0.000000 -0.000000 -1.000000 0.000000 -0.000000 -1.000000 0.000000 -0.000000 -1.000000 0.000000 -0.000000 -1.000000 -0.000001 -0.000000 -1.000000 -0.000000 -0.000000 -1.000000 0.000000 -0.000000 -1.000000 -0.000000 -0.000000 -1.000000 -0.000000 -0.000000 -1.000000 -0.000000 -0.000000 -1.000000 0.000000 -0.000000 -1.000000 -0.000001 0.000000 -1.000000 0.000000 -0.000000 -1.000000 0.000000 -0.383984 -0.923340 0.000000 -0.383984 -0.923340 0.000000 -0.383984 -0.923340 
						0.000000 -0.393080 -0.919505 0.000000 -0.393080 -0.919504 0.000000 -0.393080 -0.919505 -0.352743 -0.000001 -0.935721 -0.352743 -0.000001 -0.935721 -0.352743 -0.000001 -0.935720 -0.383975 -0.000010 -0.923343 -0.383975 -0.000010 -0.923343 -0.383975 -0.000010 -0.923343 -0.406529 0.913070 0.032212 -0.406529 0.913070 0.032212 -0.406529 0.913070 0.032212 -0.406570 0.913162 0.028917 -0.406570 0.913162 0.028917 -0.406570 0.913162 0.028917 -0.313787 -0.000011 -0.949493 -0.313787 -0.000011 -0.949493 -0.313787 -0.000011 -0.949493 -0.250380 0.000009 -0.968148 -0.250380 0.000009 -0.968148 -0.250380 0.000009 -0.968148 0.144846 0.000009 -0.989454 0.144846 0.000009 -0.989454 0.144846 0.000009 -0.989454 0.274744 -0.000000 -0.961517 0.274744 -0.000000 -0.961517 0.274744 -0.000000 -0.961517 0.580068 -0.000005 -0.814568 0.580068 -0.000005 -0.814568 0.580068 -0.000005 -0.814568 0.700675 0.000000 -0.713480 0.700675 0.000000 -0.713480 0.700675 0.000000 -0.713480 0.576330 -0.556546 -0.598415 0.576330 -0.556546 -0.598415 0.576330 -0.556546 -0.598415 0.615355 -0.594226 -0.517912 0.615356 -0.594227 -0.517912 0.615356 -0.594227 -0.517912 0.692438 -0.668677 -0.270928 0.692437 -0.668677 -0.270928 0.692437 -0.668677 -0.270928 0.704333 -0.680190 -0.203116 0.704333 -0.680190 -0.203116 0.704333 -0.680190 -0.203116 -0.725864 0.047991 -0.686162 -0.725864 0.047991 -0.686162 -0.725864 0.047991 -0.686162 -0.703164 0.049595 -0.709296 -0.703164 0.049595 -0.709296 -0.703164 0.049595 -0.709296 -0.306039 0.066411 -0.949700 -0.306039 0.066411 -0.949700 -0.306039 0.066411 -0.949700 -0.268404 0.067200 -0.960960 -0.268404 0.067200 -0.960960 -0.268404 0.067200 -0.960960 0.174669 0.068685 -0.982229 0.174669 0.068685 -0.982229 0.174669 0.068685 -0.982229 0.248428 0.067563 -0.966291 0.248428 0.067563 -0.966291 0.248428 0.067563 -0.966291 0.633697 0.053960 -0.771697 
						0.633697 0.053960 -0.771697 0.633697 0.053960 -0.771697 0.718665 0.048514 -0.693662 0.718665 0.048514 -0.693662 0.718665 0.048514 -0.693662 -0.364537 0.818784 0.443515 -0.364537 0.818784 0.443515 -0.364537 0.818784 0.443515 -0.360519 0.809758 0.462944 -0.360519 0.809758 0.462944 -0.360519 0.809758 0.462944 0.000004 -0.113617 -0.993525 0.000004 -0.113617 -0.993525 0.000004 -0.113617 -0.993525 -0.000003 -0.113621 -0.993524 -0.000003 -0.113621 -0.993524 -0.000003 -0.113621 -0.993524 -0.000006 -0.135760 -0.990742 -0.000006 -0.135760 -0.990742 -0.000006 -0.135760 -0.990742 0.000005 -0.135755 -0.990742 0.000005 -0.135755 -0.990742 0.000005 -0.135755 -0.990742 0.702475 -0.678384 -0.215229 0.702475 -0.678384 -0.215229 0.702475 -0.678384 -0.215229 0.702460 -0.678382 -0.215283 0.702461 -0.678382 -0.215283 0.702461 -0.678382 -0.215283 0.685569 -0.662057 0.302781 0.685569 -0.662057 0.302781 0.685569 -0.662057 0.302781 0.685551 -0.662019 0.302904 0.685551 -0.662019 0.302904 0.685551 -0.662019 0.302904 -0.314896 0.066214 -0.946814 -0.314896 0.066214 -0.946814 -0.314896 0.066214 -0.946814 -0.314925 0.066189 -0.946806 -0.314925 0.066189 -0.946806 -0.314925 0.066189 -0.946806 0.162055 0.068825 -0.984379 0.162055 0.068825 -0.984379 0.162055 0.068825 -0.984379 0.162039 0.068841 -0.984380 0.162039 0.068841 -0.984380 0.162039 0.068841 -0.984380 0.611865 0.055186 -0.789035 0.611865 0.055186 -0.789035 0.611865 0.055186 -0.789035 0.611918 0.055184 -0.788994 0.611918 0.055184 -0.788994 0.611918 0.055184 -0.788994 -0.341810 0.767697 0.542039 -0.341810 0.767697 0.542040 -0.341810 0.767697 0.542040 -0.341817 0.767694 0.542040 -0.377943 0.848866 0.369574 -0.377943 0.848866 0.369574 -0.377943 0.848866 0.369574 -0.377929 0.848871 0.369579 -0.377929 0.848871 0.369579 -0.377929 0.848870 0.369579 -0.404956 0.909598 0.092969 
						-0.404956 0.909598 0.092969 -0.404956 0.909598 0.092969 -0.404964 0.909590 0.093009 -0.404964 0.909590 0.093009 -0.404964 0.909590 0.093009 -0.305477 -0.000006 -0.952200 -0.305477 -0.000006 -0.952200 -0.305477 -0.000006 -0.952200 -0.305476 -0.000007 -0.952200 0.156869 0.000004 -0.987619 0.156869 0.000004 -0.987619 0.156869 0.000004 -0.987620 0.156850 0.000007 -0.987622 0.156850 0.000007 -0.987622 0.156850 0.000007 -0.987623 0.599003 -0.000008 -0.800747 0.599003 -0.000008 -0.800747 0.599003 -0.000008 -0.800747 0.599005 -0.000001 -0.800745 0.280213 0.000003 -0.959938 0.280213 0.000003 -0.959938 0.280213 0.000003 -0.959938 0.349578 -0.000004 -0.936907 0.349578 -0.000004 -0.936907 0.349577 -0.000004 -0.936907 -0.065561 -0.341720 -0.937512 -0.065561 -0.341720 -0.937512 -0.065561 -0.341720 -0.937512 -0.065452 -0.345931 -0.935974 -0.065452 -0.345931 -0.935974 -0.065452 -0.345931 -0.935974 0.719232 -0.694762 -0.003313 0.719232 -0.694762 -0.003313 0.719232 -0.694762 -0.003313 0.719304 -0.694687 -0.003325 0.719304 -0.694687 -0.003325 0.719304 -0.694687 -0.003325 0.719344 -0.694645 -0.003560 0.719344 -0.694645 -0.003560 0.719344 -0.694645 -0.003560 0.719330 -0.694660 -0.003458 0.719330 -0.694660 -0.003458 0.719330 -0.694660 -0.003458 0.719323 -0.694667 -0.003525 0.719323 -0.694667 -0.003525 0.719323 -0.694667 -0.003525 0.719310 -0.694680 -0.003648 0.719310 -0.694680 -0.003648 0.719310 -0.694680 -0.003648 0.719341 -0.694648 -0.003551 0.719341 -0.694648 -0.003551 0.719341 -0.694648 -0.003551 0.719344 -0.694645 -0.003573 0.719344 -0.694645 -0.003573 0.719344 -0.694645 -0.003573 0.719351 -0.694638 -0.003516 0.719351 -0.694638 -0.003516 0.719351 -0.694638 -0.003516 0.719352 -0.694636 -0.003653 0.719352 -0.694636 -0.003653 0.719352 -0.694636 -0.003653 -0.180219 0.068617 -0.981230 -0.180219 0.068617 -0.981230 -0.180219 0.068617 -0.981230 
						-0.157006 0.068890 -0.985192 -0.157006 0.068890 -0.985192 -0.157006 0.068890 -0.985192 -0.066983 -0.279402 -0.957835 -0.066983 -0.279402 -0.957835 -0.066983 -0.279402 -0.957835 -0.066914 -0.282753 -0.956856 -0.066914 -0.282753 -0.956856 -0.066914 -0.282753 -0.956856 0.093230 0.069447 -0.993220 0.093230 0.069447 -0.993220 0.093230 0.069447 -0.993220 0.081199 0.069526 -0.994270 0.081199 0.069526 -0.994270 0.081199 0.069526 -0.994270 0.413931 0.063506 -0.908090 0.413931 0.063506 -0.908090 0.413931 0.063506 -0.908090 0.365223 0.064932 -0.928653 0.365223 0.064932 -0.928653 0.365223 0.064932 -0.928653 0.000000 -0.372807 -0.927909 0.000000 -0.372807 -0.927909 0.000000 -0.372807 -0.927909 -0.000000 -0.377662 -0.925943 -0.000000 -0.377662 -0.925943 -0.000000 -0.377662 -0.925943 0.000000 -0.377662 -0.925943 0.000000 -0.377662 -0.925943 0.000000 -0.377662 -0.925943 0.000000 -0.377303 -0.926090 0.000000 -0.377303 -0.926090 0.000000 -0.377303 -0.926090 0.000000 -0.377303 -0.926090 0.000000 -0.377303 -0.926090 0.000000 -0.377303 -0.926090 -0.000000 -0.371535 -0.928419 -0.000000 -0.371535 -0.928419 -0.000000 -0.371535 -0.928419 -0.163315 -0.000004 -0.986574 -0.163315 -0.000004 -0.986574 -0.163315 -0.000004 -0.986574 -0.137793 -0.000004 -0.990461 -0.137793 -0.000004 -0.990461 -0.137793 -0.000004 -0.990461 -0.066307 -0.310675 -0.948201 -0.066307 -0.310675 -0.948201 -0.066307 -0.310675 -0.948201 -0.066287 -0.311547 -0.947916 -0.066287 -0.311547 -0.947916 -0.066287 -0.311547 -0.947916 0.080579 0.000002 -0.996748 0.080579 0.000002 -0.996748 0.080579 0.000002 -0.996748 0.065296 0.000005 -0.997866 0.065296 0.000005 -0.997866 0.065296 0.000005 -0.997866 -0.000022 0.398657 -0.917100 -0.000022 0.398657 -0.917100 -0.000022 0.398657 -0.917100 0.000002 0.398665 -0.917097 0.000002 0.398665 -0.917097 0.000002 0.398665 -0.917097 -0.681154 0.051071 -0.730357 
						-0.681154 0.051071 -0.730357 -0.681154 0.051071 -0.730357 -0.681104 0.051082 -0.730402 -0.681104 0.051082 -0.730402 -0.681104 0.051082 -0.730402 0.595195 -0.574772 0.561588 0.595195 -0.574772 0.561588 0.595195 -0.574772 0.561588 0.595247 -0.574806 0.561497 0.595247 -0.574806 0.561497 0.595247 -0.574806 0.561497 0.687791 -0.664201 0.292885 0.687791 -0.664201 0.292885 0.687791 -0.664201 0.292885 0.687811 -0.664232 0.292765 0.687811 -0.664232 0.292765 0.687811 -0.664232 0.292765 0.717808 -0.693180 0.065215 0.717808 -0.693180 0.065215 0.717808 -0.693180 0.065215 0.717803 -0.693177 0.065307 0.717803 -0.693177 0.065307 0.717803 -0.693177 0.065307 0.716535 -0.691957 -0.088165 0.716535 -0.691958 -0.088165 0.716535 -0.691958 -0.088165 0.716538 -0.691965 -0.088079 0.716538 -0.691965 -0.088079 0.716538 -0.691965 -0.088079 0.610970 0.000008 -0.791654 0.610970 0.000008 -0.791654 0.610970 0.000008 -0.791654 0.610878 0.000007 -0.791725 0.610878 0.000007 -0.791725 0.610878 0.000007 -0.791725 0.000007 0.274673 -0.961538 0.000007 0.274673 -0.961538 0.000007 0.274673 -0.961538 -0.000001 0.274597 -0.961559 -0.000001 0.274597 -0.961559 -0.000001 0.274597 -0.961559 -0.000003 -0.015773 -0.999876 -0.000003 -0.015773 -0.999876 -0.000003 -0.015773 -0.999876 0.000014 -0.015697 -0.999877 0.000014 -0.015697 -0.999877 0.000014 -0.015697 -0.999877 0.600948 -0.580329 -0.549617 0.600948 -0.580329 -0.549617 0.600948 -0.580329 -0.549617 0.600934 -0.580312 -0.549650 0.600934 -0.580312 -0.549650 0.600934 -0.580312 -0.549650 -0.000002 0.058956 -0.998261 -0.000002 0.058956 -0.998261 -0.000002 0.058956 -0.998261 -0.000002 0.058966 -0.998260 -0.000002 0.058966 -0.998260 -0.000002 0.058966 -0.998260 0.419808 0.063311 -0.905402 0.419808 0.063311 -0.905402 0.419808 0.063311 -0.905402 0.416698 0.063414 -0.906830 0.416698 0.063414 -0.906830 
						0.416698 0.063414 -0.906830 0.118289 0.069273 -0.990560 0.118289 0.069273 -0.990560 0.118289 0.069273 -0.990560 0.117838 0.069275 -0.990614 0.117838 0.069275 -0.990614 0.117838 0.069275 -0.990614 -0.115348 0.069291 -0.990905 -0.115348 0.069291 -0.990905 -0.115348 0.069291 -0.990905 -0.114432 0.069299 -0.991011 -0.114432 0.069299 -0.991011 -0.114432 0.069299 -0.991011 -0.393117 0.064135 -0.917249 -0.393117 0.064135 -0.917249 -0.393117 0.064135 -0.917249 -0.388564 0.064270 -0.919178 -0.388564 0.064270 -0.919178 -0.388564 0.064270 -0.919178 -0.069587 0.069587 -0.995146 -0.069587 0.069587 -0.995146 -0.069587 0.069587 -0.995146 -0.069587 0.069587 -0.995146 -0.069744 0.018689 -0.997390 -0.069744 0.018689 -0.997390 -0.069744 0.018689 -0.997390 -0.069744 0.018689 -0.997390 -0.069745 -0.018688 -0.997390 -0.069745 -0.018688 -0.997390 -0.069745 -0.018688 -0.997390 -0.069745 -0.018688 -0.997390 0.000001 0.000001 -1.000000 0.000001 0.000001 -1.000000 0.000001 0.000001 -1.000000 0.000001 0.000001 -1.000000 0.330476 -0.000002 -0.943814 0.330476 -0.000002 -0.943814 0.330476 -0.000002 -0.943814 0.342465 0.000000 -0.939531 0.342465 0.000000 -0.939531 0.342465 0.000000 -0.939531 -0.065315 -0.351226 -0.934010 -0.065315 -0.351227 -0.934010 -0.065315 -0.351227 -0.934010 -0.065282 -0.352340 -0.933592 -0.065282 -0.352340 -0.933592 -0.065282 -0.352340 -0.933592 -0.066077 -0.320750 -0.944856 -0.066077 -0.320750 -0.944856 -0.066077 -0.320750 -0.944856 -0.066100 -0.319614 -0.945240 -0.066100 -0.319614 -0.945240 -0.066100 -0.319614 -0.945240 0.100167 -0.000001 -0.994971 0.100167 -0.000001 -0.994971 0.100167 -0.000001 -0.994971 0.094616 -0.000001 -0.995514 0.094616 -0.000001 -0.995514 0.094616 -0.000001 -0.995514 -0.104919 -0.000009 -0.994481 -0.104919 -0.000009 -0.994481 -0.104919 -0.000009 -0.994481 -0.096894 0.000000 -0.995295 -0.096894 0.000000 -0.995295 
						-0.096894 0.000000 -0.995295 -0.390483 0.877053 0.279823 -0.390483 0.877053 0.279823 -0.390483 0.877053 0.279823 -0.391203 0.878664 0.273696 -0.391203 0.878664 0.273696 -0.391203 0.878664 0.273696 -0.000000 -0.383988 -0.923338 -0.000000 -0.383988 -0.923338 -0.000000 -0.383988 -0.923338 -0.000000 -0.393079 -0.919505 -0.000000 -0.393080 -0.919505 -0.000000 -0.393080 -0.919505 0.000000 -0.000000 -1.000000 0.000000 -0.000000 -1.000000 0.000000 -0.000000 -1.000000 0.000000 -0.000000 -1.000000 0.000000 -0.000000 -1.000000 0.000000 -0.000000 -1.000000 0.000000 -0.000000 -1.000000 0.000000 0.000001 -1.000000 0.000000 0.000001 -1.000000 0.000000 0.000001 -1.000000 -0.000000 -0.000000 -1.000000 -0.000000 -0.000000 -1.000000 -0.000000 -0.000000 -1.000000 -0.000000 -0.000000 -1.000000 0.000003 -0.000001 -1.000000 0.000003 -0.000001 -1.000000 0.000003 -0.000001 -1.000000 -0.000000 -0.000000 -1.000000 0.000000 -0.000000 -1.000000 0.000000 -0.000000 -1.000000 0.000000 -0.000000 -1.000000 0.000000 -0.000000 -1.000000 -0.000006 -0.000006 -1.000000 -0.000006 -0.000006 -1.000000 -0.000006 -0.000006 -1.000000 0.000000 -0.000000 -1.000000 0.000000 -0.000000 -1.000000 0.000000 -0.000000 -1.000000 -0.000008 -0.000008 -1.000000 -0.000008 -0.000008 -1.000000 0.000043 0.000039 -1.000000 0.000043 0.000039 -1.000000 0.000043 0.000039 -1.000000 0.018687 0.069738 -0.997390 0.018687 0.069738 -0.997390 0.018687 0.069738 -0.997390 0.018686 0.069736 -0.997390 0.018687 0.069740 -0.997390 0.018687 0.069740 -0.997390 0.018687 0.069740 -0.997390 0.018691 0.069752 -0.997389 0.018691 0.069752 -0.997389 0.018691 0.069752 -0.997389 -0.018688 0.069745 -0.997390 -0.018688 0.069745 -0.997390 -0.018688 0.069745 -0.997390 -0.018684 0.069732 -0.997391 -0.018684 0.069732 -0.997391 -0.018684 0.069732 -0.997391 -0.018688 0.069745 -0.997390 -0.018688 0.069745 -0.997390 
						-0.018688 0.069746 -0.997390 1.000000 0.000000 0.000000 -0.018701 0.069795 -0.997386 -0.018701 0.069795 -0.997386 -0.018687 0.069743 -0.997390 -0.018696 0.069777 -0.997387 -0.018696 0.069777 -0.997387 -0.018696 0.069777 -0.997387 -0.000001 0.000001 -1.000000 -0.000001 0.000001 -1.000000 -0.000001 0.000001 -1.000000 -0.000000 -0.000000 -1.000000 -0.000000 -0.000000 -1.000000 -0.000000 -0.000000 -1.000000 0.000000 -0.000000 -1.000000 0.000000 -0.000000 -1.000000 0.000000 -0.000000 -1.000000 
					</float_array>
					<technique_common>
						<accessor count="529" offset="0" source="#meshId12-tangents-array" stride="3">
							<param name="X" type="float" />
							<param name="Y" type="float" />
							<param name="Z" type="float" />
						</accessor>
					</technique_common>
				</source>
				<source id="meshId12-bitangents" name="meshId12-bitangents">
					<float_array id="meshId12-bitangents-array" count="1587"> 
						-0.258824 0.965925 -0.000000 -0.258824 0.965925 -0.000000 -0.258824 0.965925 -0.000000 -0.258821 0.965925 0.000004 -0.258820 0.965926 -0.000000 -0.258820 0.965926 -0.000000 -0.258821 0.965925 -0.000007 -0.707093 0.707120 -0.000000 -0.707093 0.707120 -0.000000 -0.707093 0.707120 -0.000000 -0.707102 0.707112 -0.000000 -0.707102 0.707112 -0.000000 -0.707102 0.707112 -0.000000 -0.707107 0.707107 -0.000008 -0.707107 0.707107 -0.000008 -0.707107 0.707107 -0.000008 -0.707107 0.707107 -0.000015 -0.707108 0.707105 -0.000007 -0.965927 0.258817 -0.000000 -0.965927 0.258816 -0.000000 -0.965927 0.258817 -0.000000 -0.965927 0.258817 -0.000001 -0.965926 0.258817 -0.000005 -0.965927 0.258815 -0.000000 -0.965927 -0.258815 0.000000 -0.965927 -0.258815 0.000000 -0.965927 -0.258815 0.000000 -0.965927 -0.258815 -0.000012 -0.965927 -0.258815 -0.000012 -0.965927 -0.258815 -0.000012 -0.965926 -0.258817 -0.000010 -0.965926 -0.258820 0.000000 -0.965926 -0.258820 0.000000 -0.965926 -0.258820 0.000000 -0.258150 -0.963403 -0.072205 -0.258150 -0.963403 -0.072205 -0.258150 -0.963403 -0.072205 -0.258150 -0.963403 -0.072206 -0.258151 -0.963402 -0.072209 -0.258151 -0.963402 -0.072209 -0.707114 -0.707099 0.000000 -0.707114 -0.707099 0.000000 -0.707114 -0.707099 0.000000 -0.707108 -0.707106 -0.000001 -0.707109 -0.707105 0.000001 -0.707109 -0.707105 -0.000000 -0.707129 -0.707084 0.000000 -0.707129 -0.707084 0.000000 -0.707129 -0.707084 0.000000 -0.965928 -0.258813 -0.000000 -0.965928 -0.258813 -0.000000 -0.965928 -0.258813 -0.000000 -0.965927 -0.258815 0.000001 -0.965927 -0.258815 0.000000 -0.965925 -0.258823 -0.000000 -0.965927 0.258815 -0.000000 -0.965927 0.258815 -0.000000 -0.965927 0.258815 -0.000000 -0.965927 0.258816 -0.000000 -0.965926 0.258817 0.000001 -0.965927 0.258815 -0.000000 -0.967456 0.233640 -0.097163 -0.967456 0.233640 -0.097163 -0.967456 0.233640 -0.097163 
						-0.970964 0.219967 -0.094034 -0.970964 0.219967 -0.094034 -0.970964 0.219967 -0.094034 -0.624374 0.744820 0.235372 -0.624374 0.744820 0.235372 -0.624374 0.744820 0.235372 -0.626384 0.734708 0.260476 -0.626384 0.734708 0.260476 -0.626384 0.734708 0.260476 0.652355 0.265405 0.709924 0.652355 0.265405 0.709924 0.652355 0.265405 0.709924 0.639360 0.261770 0.722977 0.639360 0.261770 0.722977 0.639360 0.261770 0.722977 -0.136482 0.989616 0.045093 -0.136482 0.989616 0.045093 -0.136482 0.989616 0.045093 -0.135216 0.990199 0.034979 -0.135216 0.990199 0.034979 -0.135216 0.990199 0.034979 0.100634 0.994814 0.014741 0.100634 0.994814 0.014741 0.100634 0.994814 0.014741 0.116211 0.992669 0.033206 0.116211 0.992669 0.033206 0.116211 0.992669 0.033206 0.281375 0.938447 0.200365 0.281375 0.938447 0.200365 0.281375 0.938447 0.200365 0.253146 0.934941 0.248603 0.253146 0.934941 0.248603 0.253146 0.934941 0.248603 0.743324 0.661282 0.100876 0.743324 0.661282 0.100876 0.743324 0.661282 0.100876 0.751964 0.639589 0.159611 0.751964 0.639589 0.159611 0.751964 0.639589 0.159611 0.699661 0.530707 0.478356 0.699661 0.530707 0.478356 0.699661 0.530707 0.478356 0.669017 0.540380 0.510301 0.669017 0.540380 0.510301 0.669017 0.540380 0.510301 0.240020 -0.917186 -0.318058 0.240020 -0.917186 -0.318058 0.240020 -0.917186 -0.318058 0.231671 -0.927146 -0.294496 0.231671 -0.927146 -0.294496 0.231671 -0.927146 -0.294496 0.147407 -0.982228 -0.116187 0.147407 -0.982228 -0.116187 0.147407 -0.982228 -0.116187 0.109496 -0.988970 -0.099741 0.109496 -0.988970 -0.099741 0.109496 -0.988970 -0.099741 -0.045531 -0.995933 -0.077740 -0.045531 -0.995933 -0.077740 -0.045531 -0.995933 -0.077740 -0.127265 -0.986641 -0.101705 -0.127265 -0.986641 -0.101705 -0.127265 -0.986641 -0.101705 -0.146881 -0.971025 -0.188512 
						-0.146881 -0.971025 -0.188512 -0.146881 -0.971025 -0.188512 -0.207007 -0.937407 -0.280030 -0.207007 -0.937407 -0.280030 -0.207007 -0.937407 -0.280030 0.868206 0.471043 -0.156002 0.868206 0.471043 -0.156002 0.868206 0.471043 -0.156002 0.905093 0.423668 -0.036216 0.905093 0.423668 -0.036216 0.905093 0.423669 -0.036216 -0.978531 -0.204765 0.023413 -0.978531 -0.204765 0.023413 -0.978531 -0.204765 0.023413 -0.978529 -0.204775 0.023421 -0.978529 -0.204775 0.023421 -0.978529 -0.204775 0.023421 -0.991871 0.126070 -0.017269 -0.991871 0.126070 -0.017269 -0.991871 0.126070 -0.017269 -0.991870 0.126076 -0.017281 -0.991870 0.126076 -0.017281 -0.991870 0.126076 -0.017281 0.690012 0.575070 0.439520 0.690012 0.575070 0.439520 0.690012 0.575070 0.439520 0.690040 0.575063 0.439485 0.690040 0.575063 0.439485 0.690040 0.575063 0.439485 0.341362 0.659688 0.669540 0.341362 0.659688 0.669540 0.341362 0.659688 0.669540 0.341276 0.659745 0.669527 0.341276 0.659745 0.669527 0.341276 0.659745 0.669527 0.129778 -0.985190 -0.112060 0.129778 -0.985190 -0.112060 0.129778 -0.985190 -0.112060 0.129803 -0.985189 -0.112047 0.129803 -0.985189 -0.112047 0.129803 -0.985189 -0.112047 -0.069926 -0.994256 -0.081028 -0.069926 -0.994256 -0.081028 -0.069926 -0.994256 -0.081028 -0.069913 -0.994256 -0.081040 -0.069913 -0.994256 -0.081040 -0.069913 -0.994256 -0.081040 -0.204893 -0.952453 -0.225502 -0.204893 -0.952453 -0.225502 -0.204893 -0.952453 -0.225502 -0.204907 -0.952443 -0.225536 -0.204907 -0.952443 -0.225536 -0.204907 -0.952443 -0.225536 0.876136 0.468947 -0.111684 0.876136 0.468947 -0.111684 0.876136 0.468947 -0.111684 0.876134 0.468953 -0.111679 0.909279 0.265193 0.320755 0.909279 0.265193 0.320755 0.909280 0.265193 0.320755 0.909285 0.265180 0.320749 0.909285 0.265180 0.320749 0.909285 0.265180 0.320749 0.649954 0.214854 0.728970 
						0.649954 0.214854 0.728970 0.649954 0.214854 0.728970 0.650015 0.214863 0.728914 0.650015 0.214863 0.728914 0.650014 0.214863 0.728914 -0.150607 0.987413 0.048311 -0.150607 0.987413 0.048311 -0.150607 0.987413 0.048311 -0.150607 0.987413 0.048309 0.080961 0.996634 0.012864 0.080961 0.996634 0.012864 0.080961 0.996634 0.012864 0.080954 0.996635 0.012864 0.080954 0.996635 0.012864 0.080954 0.996635 0.012864 0.239950 0.954049 0.179486 0.239950 0.954049 0.179486 0.239950 0.954049 0.179486 0.239946 0.954048 0.179492 0.600392 0.780265 0.175261 0.600392 0.780265 0.175261 0.600392 0.780265 0.175261 0.645316 0.724979 0.240776 0.645316 0.724979 0.240776 0.645316 0.724979 0.240776 0.941794 0.289276 -0.171301 0.941794 0.289276 -0.171301 0.941794 0.289276 -0.171301 0.963132 0.223388 -0.149914 0.963132 0.223388 -0.149914 0.963132 0.223388 -0.149914 0.694535 0.719105 -0.022590 0.694535 0.719105 -0.022590 0.694535 0.719105 -0.022590 0.694469 0.719184 -0.022072 0.694469 0.719184 -0.022072 0.694469 0.719184 -0.022072 0.694413 0.719221 -0.022631 0.694413 0.719220 -0.022631 0.694413 0.719221 -0.022631 0.694439 0.719212 -0.022117 0.694439 0.719212 -0.022117 0.694439 0.719212 -0.022117 0.694443 0.719203 -0.022274 0.694443 0.719203 -0.022274 0.694443 0.719203 -0.022274 0.694454 0.719192 -0.022286 0.694454 0.719192 -0.022286 0.694454 0.719192 -0.022286 0.694423 0.719222 -0.022252 0.694423 0.719223 -0.022252 0.694423 0.719222 -0.022252 0.694420 0.719226 -0.022248 0.694420 0.719226 -0.022248 0.694420 0.719226 -0.022248 0.694411 0.719229 -0.022416 0.694411 0.719229 -0.022416 0.694411 0.719229 -0.022416 0.694395 0.719223 -0.023108 0.694395 0.719223 -0.023108 0.694395 0.719223 -0.023108 0.376461 -0.916799 -0.133255 0.376461 -0.916799 -0.133255 0.376461 -0.916799 -0.133255 
						0.322512 -0.939297 -0.117078 0.322512 -0.939297 -0.117078 0.322512 -0.939297 -0.117078 0.830041 -0.548315 0.101898 0.830041 -0.548315 0.101898 0.830041 -0.548315 0.101898 0.780761 -0.611946 0.126232 0.780761 -0.611946 0.126232 0.780761 -0.611946 0.126232 -0.200100 -0.975904 -0.087019 -0.200100 -0.975904 -0.087019 -0.200100 -0.975904 -0.087019 -0.168848 -0.982186 -0.082470 -0.168848 -0.982186 -0.082470 -0.168848 -0.982186 -0.082470 -0.599923 -0.731251 -0.324600 -0.599923 -0.731251 -0.324600 -0.599923 -0.731250 -0.324600 -0.559757 -0.781764 -0.274804 -0.559757 -0.781764 -0.274804 -0.559757 -0.781764 -0.274804 -0.962707 -0.251043 0.100862 -0.962707 -0.251043 0.100862 -0.962707 -0.251043 0.100862 -0.945953 -0.300287 0.122478 -0.945953 -0.300287 0.122478 -0.945953 -0.300287 0.122478 -0.988107 0.142381 -0.058073 -0.988107 0.142381 -0.058073 -0.988107 0.142381 -0.058073 -0.987441 0.146313 -0.059610 -0.987441 0.146313 -0.059610 -0.987441 0.146313 -0.059610 -0.821543 0.528008 -0.215119 -0.821542 0.528008 -0.215119 -0.821542 0.528008 -0.215119 -0.788199 0.571368 -0.228650 -0.788199 0.571368 -0.228650 -0.788199 0.571368 -0.228650 -0.372779 0.925866 0.061706 -0.372779 0.925866 0.061706 -0.372779 0.925866 0.061706 -0.332680 0.941903 0.046279 -0.332680 0.941903 0.046279 -0.332680 0.941903 0.046279 0.986735 -0.161543 -0.016073 0.986735 -0.161543 -0.016073 0.986735 -0.161543 -0.016073 0.984497 -0.175036 -0.011317 0.984497 -0.175036 -0.011317 0.984497 -0.175035 -0.011317 0.203476 0.978942 0.016451 0.203476 0.978942 0.016451 0.203476 0.978942 0.016451 0.174349 0.984618 0.011413 0.174349 0.984618 0.011413 0.174349 0.984618 0.011413 -0.779141 -0.574890 -0.249882 -0.779141 -0.574890 -0.249882 -0.779141 -0.574890 -0.249882 -0.779145 -0.574875 -0.249901 -0.779145 -0.574876 -0.249901 -0.779145 -0.574875 -0.249901 -0.422475 -0.842143 0.335126 
						-0.422475 -0.842143 0.335126 -0.422475 -0.842143 0.335126 -0.422564 -0.842089 0.335150 -0.422564 -0.842089 0.335150 -0.422564 -0.842089 0.335150 0.694461 0.719530 0.000402 0.694461 0.719530 0.000402 0.694461 0.719530 0.000402 0.694445 0.719546 0.000416 0.694445 0.719546 0.000416 0.694445 0.719546 0.000416 0.719010 0.678837 -0.149014 0.719010 0.678837 -0.149014 0.719010 0.678837 -0.149014 0.719004 0.678838 -0.149037 0.719004 0.678838 -0.149037 0.719004 0.678838 -0.149037 0.656431 0.642570 -0.395224 0.656431 0.642570 -0.395224 0.656431 0.642570 -0.395224 0.656469 0.642559 -0.395179 0.656468 0.642559 -0.395179 0.656468 0.642560 -0.395179 0.482900 0.583272 -0.653147 0.482900 0.583272 -0.653147 0.482900 0.583272 -0.653147 0.482976 0.583261 -0.653101 0.482976 0.583261 -0.653101 0.482976 0.583261 -0.653101 -0.461583 0.812432 -0.356225 -0.461583 0.812432 -0.356225 -0.461583 0.812432 -0.356225 -0.461635 0.812421 -0.356181 -0.461635 0.812421 -0.356181 -0.461635 0.812421 -0.356181 -0.788128 0.591839 0.169059 -0.788128 0.591839 0.169059 -0.788128 0.591839 0.169059 -0.788126 0.591853 0.169019 -0.788126 0.591853 0.169019 -0.788126 0.591853 0.169019 -0.904037 0.427401 -0.006739 -0.904037 0.427401 -0.006739 -0.904037 0.427401 -0.006739 -0.904019 0.427439 -0.006723 -0.904019 0.427439 -0.006723 -0.904019 0.427439 -0.006723 0.723366 0.687386 0.065128 0.723366 0.687386 0.065128 0.723366 0.687386 0.065128 0.723355 0.687401 0.065098 0.723355 0.687401 0.065098 0.723355 0.687401 0.065098 -0.875689 -0.482036 -0.028466 -0.875689 -0.482036 -0.028466 -0.875689 -0.482036 -0.028466 -0.875670 -0.482070 -0.028474 -0.875670 -0.482070 -0.028474 -0.875670 -0.482070 -0.028474 -0.599778 -0.729355 -0.329100 -0.599778 -0.729355 -0.329100 -0.599778 -0.729355 -0.329100 -0.581743 -0.747943 -0.319620 -0.581743 -0.747943 -0.319620 
						-0.581743 -0.747943 -0.319620 -0.248474 -0.963762 -0.097071 -0.248474 -0.963762 -0.097071 -0.248474 -0.963762 -0.097071 -0.238252 -0.966454 -0.095927 -0.238252 -0.966454 -0.095927 -0.238252 -0.966454 -0.095927 0.248820 -0.963745 -0.096356 0.248820 -0.963745 -0.096356 0.248820 -0.963745 -0.096356 0.240968 -0.965837 -0.095363 0.240968 -0.965837 -0.095363 0.240968 -0.965837 -0.095363 0.612923 -0.725330 -0.313404 0.612923 -0.725330 -0.313404 0.612923 -0.725330 -0.313404 0.605429 -0.734195 -0.307269 0.605429 -0.734195 -0.307269 0.605429 -0.734195 -0.307269 0.703674 -0.703675 -0.098410 0.703674 -0.703675 -0.098410 0.703674 -0.703675 -0.098410 0.703674 -0.703675 -0.098410 0.963402 -0.258155 -0.072204 0.963402 -0.258155 -0.072204 0.963402 -0.258155 -0.072204 0.963402 -0.258155 -0.072204 0.963404 0.258144 -0.072205 0.963404 0.258144 -0.072205 0.963405 0.258144 -0.072205 0.963404 0.258144 -0.072205 0.707101 0.707113 0.000001 0.707101 0.707113 0.000001 0.707101 0.707113 0.000001 0.707102 0.707112 0.000001 0.639546 0.735415 0.223935 0.639546 0.735415 0.223935 0.639546 0.735414 0.223935 0.643318 0.728803 0.234494 0.643318 0.728803 0.234494 0.643318 0.728803 0.234494 0.966033 0.212272 -0.147377 0.966033 0.212272 -0.147377 0.966033 0.212272 -0.147377 0.967434 0.206948 -0.145751 0.967434 0.206948 -0.145751 0.967434 0.206948 -0.145751 0.965955 -0.257934 0.020009 0.965955 -0.257934 0.020009 0.965955 -0.257934 0.020009 0.967343 -0.252842 0.017848 0.967343 -0.252842 0.017848 0.967343 -0.252842 0.017848 0.256309 0.966250 0.025803 0.256309 0.966250 0.025803 0.256309 0.966250 0.025803 0.250116 0.967924 0.023770 0.250116 0.967924 0.023770 0.250116 0.967924 0.023770 -0.256068 0.966282 0.027006 -0.256068 0.966282 0.027006 -0.256068 0.966282 0.027006 -0.248545 0.968318 0.024197 -0.248545 0.968318 0.024197 
						-0.248545 0.968318 0.024197 0.893344 0.287564 0.345316 0.893344 0.287564 0.345316 0.893344 0.287564 0.345316 0.904431 0.312063 0.290897 0.904431 0.312063 0.290897 0.904431 0.312063 0.290897 -0.970733 -0.221751 0.092220 -0.970733 -0.221751 0.092220 -0.970733 -0.221751 0.092220 -0.967325 -0.233131 0.099662 -0.967325 -0.233131 0.099662 -0.967325 -0.233131 0.099662 -0.258820 0.965926 -0.000000 -0.258820 0.965926 -0.000000 -0.258820 0.965926 -0.000000 -0.258815 0.965927 -0.000000 -0.258822 0.965925 -0.000000 -0.258822 0.965925 -0.000000 -0.258822 0.965925 -0.000000 0.258819 0.965926 0.000001 0.258819 0.965926 0.000001 0.258819 0.965926 0.000001 0.258822 0.965925 -0.000000 0.258822 0.965925 -0.000000 0.258822 0.965925 -0.000000 0.258820 0.965926 -0.000000 0.258836 0.965921 -0.000000 0.258836 0.965921 -0.000000 0.258836 0.965921 -0.000000 0.258820 0.965926 -0.000000 0.258823 0.965925 -0.000000 -0.707107 -0.707107 0.000000 -0.707107 -0.707107 0.000000 -0.707107 -0.707107 0.000000 -0.707112 -0.707101 0.000009 -0.707112 -0.707101 0.000009 -0.707112 -0.707101 0.000009 -0.707109 -0.707105 -0.000000 -0.707109 -0.707105 -0.000000 -0.707109 -0.707105 -0.000000 -0.707109 -0.707105 0.000011 -0.707109 -0.707105 0.000011 -0.707062 -0.707151 -0.000058 -0.707062 -0.707152 -0.000058 -0.707062 -0.707152 -0.000058 -0.258151 -0.963403 -0.072198 -0.258151 -0.963403 -0.072198 -0.258151 -0.963403 -0.072198 -0.258145 -0.963405 -0.072196 -0.258150 -0.963403 -0.072201 -0.258150 -0.963403 -0.072201 -0.258150 -0.963403 -0.072201 -0.258152 -0.963402 -0.072213 -0.258152 -0.963402 -0.072213 -0.258152 -0.963402 -0.072213 0.258140 -0.963406 -0.072205 0.258140 -0.963406 -0.072205 0.258140 -0.963406 -0.072205 0.258135 -0.963408 -0.072192 0.258135 -0.963408 -0.072192 0.258135 -0.963408 -0.072192 0.258140 -0.963405 -0.072205 0.258140 -0.963405 -0.072205 
						0.258140 -0.963405 -0.072206 0.000000 0.000000 1.000000 0.258139 -0.963402 -0.072257 0.258139 -0.963402 -0.072257 0.258141 -0.963405 -0.072203 0.258136 -0.963404 -0.072239 0.258136 -0.963404 -0.072239 0.258136 -0.963404 -0.072239 -0.707102 0.707112 0.000001 -0.707102 0.707112 0.000001 -0.707102 0.707112 0.000001 -0.707112 0.707101 0.000000 -0.707112 0.707101 0.000000 -0.707112 0.707101 0.000000 -0.707106 0.707107 -0.000000 -0.707106 0.707107 -0.000000 -0.707106 0.707107 -0.000000 
					</float_array>
					<technique_common>
						<accessor count="529" offset="0" source="#meshId12-bitangents-array" stride="3">
							<param name="X" type="float" />
							<param name="Y" type="float" />
							<param name="Z" type="float" />
						</accessor>
					</technique_common>
				</source>
				<source id="meshId12-tex0" name="meshId12-tex0">
					<float_array id="meshId12-tex0-array" count="1058"> 
						0.719207 0.967715 0.704838 0.967715 0.704838 0.967448 0.704838 0.961396 0.704838 0.960835 0.719207 0.960835 0.704838 0.961396 0.411311 0.548314 0.411311 0.548248 0.426240 0.548248 0.426240 0.553482 0.411312 0.553482 0.411312 0.553365 0.426240 0.553482 0.411312 0.553365 0.411311 0.548675 0.426240 0.548248 0.411311 0.548314 0.426241 0.560632 0.411312 0.560632 0.411312 0.554065 0.426240 0.553482 0.411312 0.553825 0.411312 0.553482 0.426240 0.567781 0.411312 0.567781 0.411312 0.561215 0.426241 0.560632 0.426240 0.567781 0.411312 0.561215 0.411312 0.561135 0.426241 0.560632 0.411312 0.561135 0.411312 0.560632 0.453743 0.841521 0.453365 0.846934 0.314803 0.837245 0.315284 0.830358 0.453847 0.840047 0.453828 0.840315 0.345286 0.820565 0.482693 0.820565 0.482693 0.820677 0.482693 0.821635 0.345286 0.825564 0.482693 0.825501 0.345286 0.825564 0.482693 0.825501 0.482693 0.825564 0.345286 0.813736 0.482693 0.813736 0.482693 0.815198 0.345286 0.820565 0.482693 0.820238 0.482693 0.820565 0.345286 0.806907 0.482693 0.806907 0.482693 0.808369 0.345286 0.813736 0.482693 0.813256 0.482693 0.813736 0.336287 0.813736 0.335235 0.806907 0.345286 0.806907 
						0.345286 0.806907 0.345286 0.813736 0.336287 0.813736 0.532915 0.976965 0.530017 0.972844 0.543043 0.967715 0.543043 0.967715 0.543043 0.972753 0.532915 0.976965 0.476472 0.627125 0.471717 0.631289 0.456957 0.625441 0.456957 0.625441 0.463083 0.622357 0.476472 0.627125 0.523963 0.987897 0.518301 0.984315 0.526059 0.967216 0.526059 0.967216 0.530017 0.972844 0.523963 0.987897 0.518301 0.984315 0.512338 0.980623 0.522101 0.961587 0.522101 0.961587 0.526059 0.967216 0.518301 0.984315 0.512338 0.980623 0.507674 0.977811 0.519203 0.957466 0.519203 0.957466 0.522101 0.961587 0.512338 0.980623 0.428463 0.341737 0.424155 0.335813 0.438717 0.318927 0.438717 0.318927 0.442919 0.325243 0.428463 0.341737 0.424155 0.335813 0.418146 0.331166 0.432258 0.314948 0.432258 0.314948 0.438717 0.318927 0.424155 0.335813 0.279446 0.818109 0.283470 0.815862 0.293897 0.835025 0.293897 0.835025 0.290708 0.838947 0.279446 0.818109 0.283470 0.815862 0.289386 0.812673 0.298252 0.829670 0.298252 0.829670 0.293897 0.835025 0.283470 0.815862 0.289386 0.812673 0.295612 0.809395 0.302608 0.824314 0.302608 0.824314 0.298252 0.829670 0.289386 0.812673 0.295612 0.809395 
						0.300476 0.806907 0.305796 0.820393 0.305796 0.820393 0.302608 0.824314 0.295612 0.809395 0.481956 0.613751 0.480219 0.620705 0.467484 0.616379 0.467484 0.616379 0.468982 0.609109 0.481956 0.613751 0.492505 0.490292 0.493525 0.487066 0.503421 0.487723 0.503421 0.487723 0.501208 0.494725 0.492505 0.490292 0.493525 0.487066 0.493045 0.483689 0.502378 0.480393 0.502378 0.480393 0.503421 0.487723 0.493525 0.487066 0.448980 0.469895 0.451815 0.472088 0.436466 0.487983 0.436466 0.487983 0.433631 0.485790 0.448980 0.469895 0.451815 0.472088 0.454693 0.473091 0.439343 0.488986 0.439343 0.488986 0.436466 0.487983 0.451815 0.472088 0.605612 0.208747 0.602910 0.210202 0.593884 0.189610 0.593884 0.189610 0.596584 0.188154 0.605612 0.208747 0.602910 0.210202 0.600069 0.211699 0.591042 0.191106 0.591042 0.191106 0.593884 0.189610 0.602910 0.210202 0.600069 0.211699 0.597849 0.212834 0.588822 0.192241 0.588822 0.192241 0.591042 0.191106 0.600069 0.211699 0.421454 0.282830 0.422292 0.279477 0.442478 0.288465 0.441641 0.291818 0.422292 0.279477 0.424099 0.276382 0.444285 0.285369 0.444285 0.285369 0.442478 0.288465 0.422292 0.279477 0.424099 0.276382 
						0.426391 0.274374 0.446578 0.283361 0.446578 0.283361 0.444285 0.285369 0.424099 0.276382 0.533335 0.226146 0.535928 0.227786 0.525483 0.247707 0.522889 0.246066 0.535928 0.227786 0.538659 0.229478 0.528214 0.249398 0.528214 0.249398 0.525483 0.247707 0.535928 0.227786 0.538659 0.229478 0.540796 0.230766 0.530351 0.250686 0.528214 0.249398 0.564977 0.219794 0.565049 0.222288 0.540796 0.230766 0.540796 0.230766 0.538659 0.229478 0.564977 0.219794 0.509585 0.595665 0.509435 0.598874 0.485048 0.597169 0.485048 0.597169 0.484259 0.593894 0.509585 0.595665 0.461057 0.423321 0.458378 0.421524 0.456957 0.418629 0.456957 0.418629 0.457174 0.415411 0.458970 0.412733 0.458970 0.412733 0.461866 0.411311 0.465085 0.411527 0.456957 0.418629 0.458970 0.412733 0.465085 0.411527 0.465085 0.411527 0.467764 0.413324 0.469186 0.416219 0.469186 0.416219 0.468969 0.419437 0.467172 0.422116 0.465085 0.411527 0.469186 0.416219 0.467172 0.422116 0.456957 0.418629 0.465085 0.411527 0.467172 0.422116 0.461057 0.423321 0.456957 0.418629 0.467172 0.422116 0.461057 0.423321 0.467172 0.422116 0.464276 0.423537 0.602910 0.210202 0.605612 0.208747 0.630545 0.219594 
						0.630545 0.219594 0.630308 0.222653 0.602910 0.210202 0.482315 0.602965 0.484336 0.600489 0.509253 0.602232 0.509253 0.602232 0.509088 0.604837 0.482315 0.602965 0.600069 0.211699 0.602910 0.210202 0.630308 0.222653 0.630308 0.222653 0.630031 0.225852 0.600069 0.211699 0.597849 0.212834 0.600069 0.211699 0.630031 0.225852 0.630031 0.225852 0.629785 0.228334 0.597849 0.212834 0.538105 0.982617 0.539138 0.979346 0.574262 0.979346 0.574262 0.979346 0.574188 0.982617 0.538105 0.982617 0.538591 0.986041 0.538105 0.982617 0.574188 0.982617 0.574188 0.982617 0.574134 0.986041 0.538591 0.986041 0.540468 0.988699 0.538591 0.986041 0.574134 0.986041 0.574134 0.986041 0.574117 0.988699 0.540468 0.988699 0.535928 0.227786 0.533335 0.226146 0.564902 0.213513 0.564902 0.213513 0.564924 0.216582 0.535928 0.227786 0.484336 0.600489 0.485048 0.597169 0.509435 0.598874 0.509435 0.598874 0.509253 0.602232 0.484336 0.600489 0.538659 0.229478 0.535928 0.227786 0.564924 0.216582 0.564924 0.216582 0.564977 0.219794 0.538659 0.229478 0.496332 0.499526 0.490099 0.500837 0.487387 0.493108 0.487387 0.493108 0.490259 0.492504 0.496332 0.499526 0.289386 0.812673 
						0.283470 0.815862 0.284439 0.808598 0.284439 0.808598 0.287165 0.807129 0.289386 0.812673 0.412048 0.329040 0.418146 0.331166 0.414121 0.340222 0.414121 0.340222 0.411311 0.339242 0.412048 0.329040 0.418146 0.331166 0.424155 0.335813 0.416889 0.342363 0.416889 0.342363 0.414121 0.340222 0.418146 0.331166 0.424155 0.335813 0.428463 0.341737 0.418874 0.345092 0.418874 0.345092 0.416889 0.342363 0.424155 0.335813 0.428463 0.341737 0.429916 0.347350 0.419544 0.347679 0.419544 0.347679 0.418874 0.345092 0.428463 0.341737 0.512338 0.980623 0.518301 0.984315 0.514499 0.989234 0.514499 0.989234 0.511752 0.987533 0.512338 0.980623 0.492440 0.472172 0.498359 0.474701 0.491193 0.481066 0.491193 0.481066 0.488466 0.479901 0.492440 0.472172 0.498359 0.474701 0.502378 0.480393 0.493045 0.483689 0.493045 0.483689 0.491193 0.481066 0.498359 0.474701 0.433631 0.485790 0.431598 0.482995 0.446948 0.467100 0.446948 0.467100 0.448980 0.469895 0.433631 0.485790 0.501208 0.494725 0.496332 0.499526 0.490259 0.492504 0.490259 0.492504 0.492505 0.490292 0.501208 0.494725 0.315637 0.825316 0.315284 0.830358 0.302608 0.824314 0.302608 0.824314 0.305796 0.820393 
						0.315637 0.825316 0.315284 0.830358 0.314803 0.837245 0.298252 0.829670 0.298252 0.829670 0.302608 0.824314 0.315284 0.830358 0.314803 0.837245 0.314321 0.844131 0.293897 0.835025 0.293897 0.835025 0.298252 0.829670 0.314803 0.837245 0.314321 0.844131 0.313969 0.849172 0.290708 0.838947 0.290708 0.838947 0.293897 0.835025 0.314321 0.844131 0.490620 0.856459 0.490268 0.861500 0.313969 0.849172 0.314321 0.844131 0.722276 0.932321 0.721800 0.939129 0.547523 0.926942 0.547999 0.920135 0.721800 0.939129 0.721324 0.945936 0.547047 0.933749 0.547523 0.926942 0.719207 0.948916 0.719207 0.953953 0.543043 0.953953 0.543043 0.948916 0.522101 0.961587 0.519203 0.957466 0.543043 0.948916 0.543043 0.948916 0.543043 0.953953 0.522101 0.961587 0.523462 0.932100 0.522889 0.925220 0.547523 0.926942 0.547523 0.926942 0.547047 0.933749 0.523462 0.932100 0.522889 0.925220 0.524414 0.918485 0.547999 0.920135 0.547999 0.920135 0.547523 0.926942 0.522889 0.925220 0.543043 0.953953 0.543043 0.960835 0.526059 0.967216 0.526059 0.967216 0.522101 0.961587 0.543043 0.953953 0.543043 0.960835 0.543043 0.967715 0.530017 0.972844 0.530017 0.972844 0.526059 0.967216 
						0.543043 0.960835 0.463083 0.622357 0.467484 0.616379 0.480219 0.620705 0.480219 0.620705 0.476472 0.627125 0.463083 0.622357 0.345286 0.813736 0.345286 0.820565 0.335235 0.820565 0.335235 0.820565 0.336287 0.813736 0.345286 0.813736 0.681499 0.967448 0.681499 0.967715 0.543043 0.967715 0.681499 0.967318 0.543043 0.960835 0.681499 0.960835 0.681499 0.962307 0.543043 0.960835 0.543043 0.953953 0.719207 0.953953 0.719207 0.960835 0.704838 0.960835 0.704838 0.960680 0.682022 0.960680 0.719207 0.953953 0.682022 0.960680 0.681499 0.960680 0.681499 0.960680 0.681499 0.960835 0.411312 0.567899 0.411312 0.567781 0.426240 0.567781 0.411312 0.568168 0.411312 0.567899 0.426240 0.567781 0.426240 0.573016 0.411312 0.573016 0.411312 0.568208 0.426240 0.573016 0.411312 0.568208 0.411312 0.568168 0.426240 0.567781 0.411312 0.568208 0.477186 0.841948 0.477205 0.841680 0.491584 0.842686 0.477177 0.842078 0.491102 0.849573 0.476723 0.848567 0.477165 0.842242 0.477177 0.842078 0.491584 0.842686 0.477165 0.842242 0.491102 0.849573 0.490620 0.856459 0.314321 0.844131 0.314803 0.837245 0.453365 0.846934 0.453354 0.847088 0.314803 0.837245 0.453354 0.847088 
						0.476188 0.848685 0.314321 0.844131 0.476188 0.848685 0.476712 0.848722 0.476712 0.848722 0.491102 0.849573 0.476712 0.848722 0.476723 0.848567 0.681499 0.972640 0.681499 0.972753 0.543043 0.972753 0.681499 0.972381 0.681499 0.972640 0.543043 0.972753 0.543043 0.967715 0.681499 0.967715 0.681499 0.968794 
					</float_array>
					<technique_common>
						<accessor count="529" offset="0" source="#meshId12-tex0-array" stride="2">
							<param name="S" type="float" />
							<param name="T" type="float" />
						</accessor>
					</technique_common>
				</source>
				<vertices id="meshId12-vertices">
					<input semantic="POSITION" source="#meshId12-positions" />
				</vertices>
				<polylist count="206" material="defaultMaterial">
					<input offset="0" semantic="VERTEX" source="#meshId12-vertices" />
					<input offset="0" semantic="NORMAL" source="#meshId12-normals" />
					<input offset="0" semantic="TANGENT" source="#meshId12-tangents" />
					<input offset="0" semantic="BINORMAL" source="#meshId12-bitangents" />
					<input offset="0" semantic="TEXCOORD" source="#meshId12-tex0" set="0" />
					<vcount>
						3 3 3 3 3 3 3 3 3 3 3 3 3 3 3 3 3 3 3 3 3 3 3 3 3 3 3 3 3 3 3 3 3 3 3 3 3 3 3 3 3 3 3 3 3 3 3 3 3 3 3 3 3 3 3 3 3 3 3 3 3 3 3 3 
						3 3 3 3 3 3 3 3 3 3 3 3 3 3 3 3 3 3 3 3 3 3 3 3 3 3 3 3 3 3 3 3 3 3 3 3 3 3 3 3 3 3 3 3 3 3 3 3 3 3 3 3 3 3 3 3 3 3 3 3 3 3 3 3 
						3 3 3 3 3 3 3 3 3 3 3 3 3 3 3 3 3 3 3 3 3 3 3 3 3 3 3 3 3 3 3 3 3 3 3 3 3 3 3 3 3 3 3 3 3 3 3 3 3 3 3 3 3 3 3 3 3 3 3 3 3 3 3 3 
						3 3 3 3 3 3 3 3 3 3 3 3 3 3 
					</vcount>
					<p>
						0 1 2 0 2 3 3 4 5 0 6 5 7 8 9 10 11 12 13 14 15 16 13 15 17 16 15 18 19 20 21 18 20 21 20 22 21 22 23 24 25 26 27 28 29 27 29 30 31 32 33 34 35 36 34 36 37 37 38 39 34 37 39 40 41 42 40 42 43 44 40 43 44 43 45 46 47 48 49 50 51 52 49 51 52 51 53 52 53 54 55 56 57 58 55 57 58 57 59 58 59 60 61 62 63 64 65 66 67 68 69 70 71 72 73 74 75 76 77 78 79 80 81 82 83 84 85 86 87 88 89 90 91 92 93 94 95 96 97 98 99 100 101 102 103 104 105 106 107 108 109 110 111 112 113 114 115 116 117 118 119 120 121 122 123 124 125 126 127 128 129 130 131 132 133 134 135 136 137 138 139 140 141 142 143 144 145 146 147 148 149 150 
						151 152 153 154 155 156 157 158 159 160 161 162 163 164 165 166 167 168 169 170 171 172 173 174 175 176 177 178 179 180 181 182 183 183 184 181 185 186 187 188 189 190 191 192 193 194 195 196 197 198 199 199 200 197 201 202 203 204 205 206 207 208 209 209 210 207 211 212 213 214 215 216 217 218 219 220 221 222 223 224 225 226 227 228 229 230 231 232 233 234 235 236 237 238 239 240 241 242 243 244 245 246 247 248 249 250 251 252 253 254 255 256 257 258 259 260 261 262 263 264 265 266 267 268 269 270 271 272 273 274 275 276 277 278 279 280 281 282 283 284 285 286 287 288 289 290 291 292 293 294 295 296 297 298 299 300 301 302 303 304 305 306 307 308 309 310 311 312 313 314 315 316 317 318 319 320 321 322 323 324 325 326 327 328 329 330 331 332 333 334 335 336 
						337 338 339 340 341 342 343 344 345 346 347 348 349 350 351 352 353 354 355 356 357 358 359 360 361 362 363 364 365 366 367 368 369 370 371 372 373 374 375 376 377 378 379 380 381 382 383 384 385 386 387 388 389 390 391 392 393 394 395 396 397 398 399 400 401 402 403 404 405 405 406 403 407 408 409 409 410 407 411 412 413 413 414 411 415 416 417 417 418 415 419 420 421 422 423 424 425 426 427 428 429 430 431 432 433 434 435 436 437 438 439 440 441 442 443 444 445 446 447 448 449 450 451 452 453 454 455 456 457 458 459 460 461 462 463 464 461 463 465 466 467 463 465 467 464 463 467 468 469 470 471 472 473 470 471 473 470 473 474 475 476 477 468 470 478 468 478 479 480 481 482 483 484 485 486 487 488 485 489 490 491 492 493 494 495 496 497 494 496 498 499 500 
						496 498 500 501 502 503 504 505 506 507 508 509 506 510 511 506 511 512 513 514 515 504 506 516 517 518 519 520 521 522 523 524 525 526 527 528 522 526 528 523 522 528 
					</p>
				</polylist>
			</mesh>
		</geometry>
		<geometry id="meshId13" name="meshId13_name" >
			<mesh>
				<source id="meshId13-positions" name="meshId13-positions">
					<float_array id="meshId13-positions-array" count="1059"> 
						0.000002 -13.653951 106.156525 1.723510 -13.129081 106.156525 1.009529 -11.484832 107.893990 1.009529 -11.484832 107.893990 0.000010 -11.755330 107.893990 0.000002 -13.653951 106.156525 1.723510 -13.129081 106.156525 2.985241 -11.695048 106.156525 1.748597 -10.745749 107.893990 1.748597 -10.745749 107.893990 1.009529 -11.484832 107.893990 1.723510 -13.129081 106.156525 2.985241 -11.695048 106.156525 3.447060 -9.736184 106.156525 2.019107 -9.736192 107.893990 2.019107 -9.736192 107.893990 1.748597 -10.745749 107.893990 2.985241 -11.695048 106.156525 3.447060 -9.736184 106.156525 2.985258 -7.777406 106.156525 1.748616 -8.726710 107.893990 1.748616 -8.726710 107.893990 2.019107 -9.736192 107.893990 3.447060 -9.736184 106.156525 2.985258 -7.777406 106.156525 1.723514 -6.343381 106.156525 1.009538 -7.987632 107.893990 1.009538 -7.987632 107.893990 1.748616 -8.726710 107.893990 2.985258 -7.777406 106.156525 1.723514 -6.343381 106.156525 -0.000002 -5.818514 106.156525 -0.000002 -7.717130 107.893990 -0.000002 -7.717130 107.893990 1.009538 -7.987632 107.893990 1.723514 -6.343381 106.156525 -0.000002 -5.818514 106.156525 -1.723489 -6.343371 106.156525 -1.009516 -7.987626 107.893990 -1.009516 -7.987626 107.893990 -0.000002 -7.717130 107.893990 -0.000002 -5.818514 106.156525 -1.723489 -6.343371 106.156525 -2.985214 -7.777364 106.156525 -1.748576 -8.726678 107.893990 -1.748576 -8.726678 107.893990 -1.009516 -7.987626 107.893990 -1.723489 -6.343371 106.156525 -2.985214 -7.777364 106.156525 -3.447055 -9.736270 106.156525 -2.019103 -9.736270 107.893990 -2.019103 -9.736270 107.893990 -1.748576 -8.726678 107.893990 -2.985214 -7.777364 106.156525 -3.447055 -9.736270 106.156525 -2.985261 -11.695054 106.156525 -1.748616 -10.745753 107.893990 -1.748616 -10.745753 107.893990 -2.019103 -9.736270 107.893990 -3.447055 -9.736270 106.156525 -2.985261 -11.695054 106.156525 -1.723552 -13.129046 106.156525 -1.009569 -11.484803 107.893990 -1.009569 -11.484803 107.893990 
						-1.748616 -10.745753 107.893990 -2.985261 -11.695054 106.156525 -1.723552 -13.129046 106.156525 0.000002 -13.653951 106.156525 0.000010 -11.755330 107.893990 0.000010 -11.755330 107.893990 -1.009569 -11.484803 107.893990 -1.723552 -13.129046 106.156525 -4.221906 -12.440484 104.419098 -2.437535 -14.420161 104.419098 -1.723552 -13.129046 106.156525 -1.723552 -13.129046 106.156525 -2.985261 -11.695054 106.156525 -4.221906 -12.440484 104.419098 -2.437535 -14.420161 104.419098 -0.000006 -15.144809 104.419098 0.000002 -13.653951 106.156525 0.000002 -13.653951 106.156525 -1.723552 -13.129046 106.156525 -2.437535 -14.420161 104.419098 -3.151517 -15.194716 102.681671 -0.000014 -16.039192 102.681671 -0.000006 -15.144809 104.419098 -0.000006 -15.144809 104.419098 -2.437535 -14.420161 104.419098 -3.151517 -15.194716 102.681671 -0.000014 -16.039192 102.681671 3.151472 -15.194760 102.681671 2.437491 -14.420205 104.419098 2.437491 -14.420205 104.419098 -0.000006 -15.144809 104.419098 -0.000014 -16.039192 102.681671 3.151472 -15.194760 102.681671 5.458531 -12.887662 102.681671 4.221886 -12.440476 104.419098 4.221886 -12.440476 104.419098 2.437491 -14.420205 104.419098 3.151472 -15.194760 102.681671 5.458531 -12.887662 102.681671 6.302966 -9.736188 102.681671 4.875012 -9.736184 104.419098 4.875012 -9.736184 104.419098 4.221886 -12.440476 104.419098 5.458531 -12.887662 102.681671 6.302966 -9.736188 102.681671 5.458542 -6.584779 102.681671 4.221900 -7.031974 104.419098 4.221900 -7.031974 104.419098 4.875012 -9.736184 104.419098 6.302966 -9.736188 102.681671 5.458542 -6.584779 102.681671 3.151464 -4.277700 102.681671 2.437489 -5.052259 104.419098 2.437489 -5.052259 104.419098 4.221900 -7.031974 104.419098 5.458542 -6.584779 102.681671 3.151464 -4.277700 102.681671 -0.000002 -3.433276 102.681671 -0.000002 -4.327658 104.419098 -0.000002 -4.327658 104.419098 2.437489 -5.052259 104.419098 3.151464 -4.277700 102.681671 -0.000002 -3.433276 102.681671 -3.151435 -4.277692 102.681671 
						-2.437462 -5.052251 104.419098 -2.437462 -5.052251 104.419098 -0.000002 -4.327658 104.419098 -0.000002 -3.433276 102.681671 -3.151435 -4.277692 102.681671 -5.458491 -6.584733 102.681671 -4.221853 -7.031930 104.419098 -4.221853 -7.031930 104.419098 -2.437462 -5.052251 104.419098 -3.151435 -4.277692 102.681671 -5.458491 -6.584733 102.681671 -6.302961 -9.736249 102.681671 -4.875009 -9.736259 104.419098 -4.875009 -9.736259 104.419098 -4.221853 -7.031930 104.419098 -5.458491 -6.584733 102.681671 -6.302961 -9.736249 102.681671 -5.458551 -12.887673 102.681671 -4.221906 -12.440484 104.419098 -4.221906 -12.440484 104.419098 -4.875009 -9.736259 104.419098 -6.302961 -9.736249 102.681671 -6.302960 -9.736251 73.350410 -5.458550 -12.887679 73.350410 -5.458551 -12.887673 102.681671 -6.302961 -9.736249 102.681671 -5.458550 -12.887679 73.350410 -3.151516 -15.194720 73.350410 -3.151517 -15.194716 102.681671 -5.458551 -12.887673 102.681671 -2.985260 -11.459733 74.298744 -1.723551 -12.721442 74.298744 -3.151516 -15.194720 73.350410 -5.458550 -12.887679 73.350410 -1.723551 -12.721442 74.298744 0.000003 -13.183288 74.298744 -0.000013 -16.039196 73.350410 -3.151516 -15.194720 73.350410 0.000003 -13.183288 74.298744 1.723510 -12.721477 74.298744 3.151472 -15.194760 73.350410 3.151472 -15.194760 73.350410 -0.000013 -16.039196 73.350410 0.000003 -13.183288 74.298744 1.723510 -12.721477 74.298744 2.985244 -11.459725 74.298744 5.458532 -12.887668 73.350410 3.151472 -15.194760 73.350410 2.985244 -11.459725 74.298744 3.447062 -9.736194 74.298744 6.302968 -9.736190 73.350410 6.302968 -9.736190 73.350410 5.458532 -12.887668 73.350410 2.985244 -11.459725 74.298744 3.447062 -9.736194 74.298744 2.985260 -8.012736 74.298744 5.458543 -6.584783 73.350403 5.458543 -6.584783 73.350403 6.302968 -9.736190 73.350410 3.447062 -9.736194 74.298744 2.985260 -8.012736 74.298744 1.723515 -6.750993 74.298737 3.151465 -4.277704 73.350403 5.458543 -6.584783 73.350403 
						1.723515 -6.750993 74.298737 -0.000001 -6.289182 74.298737 -0.000002 -3.433278 73.350403 3.151465 -4.277704 73.350403 -0.000001 -6.289182 74.298737 -1.723489 -6.750985 74.298737 -3.151434 -4.277696 73.350403 -0.000002 -3.433278 73.350403 -1.723489 -6.750985 74.298737 -2.985213 -8.012700 74.298744 -5.458491 -6.584737 73.350403 -3.151434 -4.277696 73.350403 -2.985213 -8.012700 74.298744 -3.447054 -9.736268 74.298744 -6.302960 -9.736251 73.350410 -5.458491 -6.584737 73.350403 -3.447054 -9.736268 74.298744 -2.985213 -8.012700 74.298744 -1.723489 -6.750985 74.298737 -0.000001 -6.289182 74.298737 1.723515 -6.750993 74.298737 2.985260 -8.012736 74.298744 3.447062 -9.736194 74.298744 2.985244 -11.459725 74.298744 1.723510 -12.721477 74.298744 0.000003 -13.183288 74.298744 -1.723551 -12.721442 74.298744 -2.985260 -11.459733 74.298744 -5.458491 -6.584733 102.681671 -3.151435 -4.277692 102.681671 -3.151434 -4.277696 73.350403 -5.458491 -6.584737 73.350403 -3.151435 -4.277692 102.681671 -0.000002 -3.433276 102.681671 -0.000002 -3.433278 73.350403 -3.151434 -4.277696 73.350403 -0.000002 -3.433276 102.681671 3.151464 -4.277700 102.681671 3.151465 -4.277704 73.350403 -0.000002 -3.433278 73.350403 3.151464 -4.277700 102.681671 5.458542 -6.584779 102.681671 5.458543 -6.584783 73.350403 3.151465 -4.277704 73.350403 5.458542 -6.584779 102.681671 6.302966 -9.736188 102.681671 6.302968 -9.736190 73.350410 5.458543 -6.584783 73.350403 6.302966 -9.736188 102.681671 5.458531 -12.887662 102.681671 5.458532 -12.887668 73.350410 6.302968 -9.736190 73.350410 5.458531 -12.887662 102.681671 3.151472 -15.194760 102.681671 3.151472 -15.194760 73.350410 5.458532 -12.887668 73.350410 -5.458550 -12.887679 73.350410 -6.302960 -9.736251 73.350410 -3.447054 -9.736268 74.298744 -2.985260 -11.459733 74.298744 -6.302961 -9.736249 102.681671 -5.458491 -6.584733 102.681671 -5.458491 -6.584737 73.350403 -6.302960 -9.736251 73.350410 
						-3.447055 -9.736270 106.156525 -2.985214 -7.777364 106.156525 -4.221853 -7.031930 104.419098 -4.221853 -7.031930 104.419098 -4.875009 -9.736259 104.419098 -3.447055 -9.736270 106.156525 -2.985214 -7.777364 106.156525 -1.723489 -6.343371 106.156525 -2.437462 -5.052251 104.419098 -2.437462 -5.052251 104.419098 -4.221853 -7.031930 104.419098 -2.985214 -7.777364 106.156525 -1.723489 -6.343371 106.156525 -0.000002 -5.818514 106.156525 -0.000002 -4.327658 104.419098 -0.000002 -4.327658 104.419098 -2.437462 -5.052251 104.419098 -1.723489 -6.343371 106.156525 -0.000002 -5.818514 106.156525 1.723514 -6.343381 106.156525 2.437489 -5.052259 104.419098 2.437489 -5.052259 104.419098 -0.000002 -4.327658 104.419098 -0.000002 -5.818514 106.156525 1.723514 -6.343381 106.156525 2.985258 -7.777406 106.156525 4.221900 -7.031974 104.419098 4.221900 -7.031974 104.419098 2.437489 -5.052259 104.419098 1.723514 -6.343381 106.156525 2.985258 -7.777406 106.156525 3.447060 -9.736184 106.156525 4.875012 -9.736184 104.419098 4.875012 -9.736184 104.419098 4.221900 -7.031974 104.419098 2.985258 -7.777406 106.156525 3.447060 -9.736184 106.156525 2.985241 -11.695048 106.156525 4.221886 -12.440476 104.419098 4.221886 -12.440476 104.419098 4.875012 -9.736184 104.419098 3.447060 -9.736184 106.156525 2.985241 -11.695048 106.156525 1.723510 -13.129081 106.156525 2.437491 -14.420205 104.419098 2.437491 -14.420205 104.419098 4.221886 -12.440476 104.419098 2.985241 -11.695048 106.156525 1.723510 -13.129081 106.156525 0.000002 -13.653951 106.156525 -0.000006 -15.144809 104.419098 -0.000006 -15.144809 104.419098 2.437491 -14.420205 104.419098 1.723510 -13.129081 106.156525 -2.437535 -14.420161 104.419098 -4.221906 -12.440484 104.419098 -5.458551 -12.887673 102.681671 -5.458551 -12.887673 102.681671 -3.151517 -15.194716 102.681671 -2.437535 -14.420161 104.419098 -2.985261 -11.695054 106.156525 -3.447055 -9.736270 106.156525 -4.875009 -9.736259 104.419098 -4.875009 -9.736259 104.419098 
						-4.221906 -12.440484 104.419098 -2.985261 -11.695054 106.156525 -0.000014 -16.039192 102.681671 -0.000013 -16.039192 95.961777 0.730148 -15.843549 95.997261 3.151472 -15.194760 102.681671 0.730174 -15.843541 92.032425 0.730224 -15.843530 80.146820 0.683002 -15.856183 79.707321 -0.000013 -16.039192 79.491669 -0.000013 -16.039196 73.350410 3.151472 -15.194760 73.350410 0.730225 -15.843530 79.722229 0.683002 -15.856183 79.707321 3.151472 -15.194760 73.350410 0.730224 -15.843530 80.146820 0.730225 -15.843530 79.722229 3.151472 -15.194760 73.350410 -0.000014 -16.039192 102.681671 -3.151517 -15.194716 102.681671 -3.151516 -15.194720 73.350410 -0.000013 -16.039196 73.350410 -0.000013 -16.039192 79.491669 -0.040804 -16.028263 79.422775 -0.000013 -16.039196 73.350410 -0.040804 -16.028263 79.422775 -0.040801 -16.028263 95.474030 -0.040801 -16.028263 95.474030 -0.040801 -16.028263 95.997261 -0.040801 -16.028263 95.997261 -0.000014 -16.039192 102.681671 -0.040801 -16.028263 95.997261 -0.000013 -16.039192 95.961777 
					</float_array>
					<technique_common>
						<accessor count="353" offset="0" source="#meshId13-positions-array" stride="3">
							<param name="X" type="float" />
							<param name="Y" type="float" />
							<param name="Z" type="float" />
						</accessor>
					</technique_common>
				</source>
				<source id="meshId13-normals" name="meshId13-normals">
					<float_array id="meshId13-normals-array" count="1059"> 
						0.203437 -0.668026 0.715789 0.203437 -0.668026 0.715789 0.203437 -0.668026 0.715789 0.178004 -0.664321 0.725942 0.178004 -0.664321 0.725942 0.178004 -0.664321 0.725942 0.559354 -0.492147 0.667019 0.559354 -0.492147 0.667019 0.559354 -0.492147 0.667019 0.510167 -0.510159 0.692436 0.510167 -0.510159 0.692436 0.510167 -0.510159 0.692436 0.760058 -0.179190 0.624663 0.760058 -0.179190 0.624663 0.760058 -0.179190 0.624663 0.743658 -0.199262 0.638174 0.743658 -0.199262 0.638174 0.743658 -0.199262 0.638174 0.753321 0.177603 0.633217 0.753321 0.177603 0.633217 0.753321 0.177603 0.633217 0.756522 0.202711 0.621758 0.756522 0.202711 0.621758 0.756522 0.202711 0.621758 0.548765 0.482837 0.682440 0.548765 0.482837 0.682440 0.548765 0.482837 0.682440 0.528303 0.528303 0.664674 0.528303 0.528303 0.664674 0.528303 0.528303 0.664674 0.201379 0.661273 0.722609 0.201379 0.661273 0.722609 0.201379 0.661273 0.722609 0.181148 0.676060 0.714232 0.181148 0.676060 0.714232 0.181148 0.676060 0.714232 -0.203436 0.668027 0.715789 -0.203436 0.668027 0.715789 -0.203436 0.668027 0.715789 -0.178003 0.664322 0.725941 -0.178003 0.664322 0.725941 -0.178003 0.664322 0.725941 -0.559348 0.492153 0.667020 -0.559348 0.492153 0.667020 -0.559348 0.492153 0.667020 -0.510161 0.510164 0.692437 -0.510161 0.510164 0.692437 -0.510161 0.510164 0.692437 -0.760056 0.179195 0.624663 -0.760056 0.179195 0.624663 -0.760056 0.179195 0.624663 -0.743657 0.199268 0.638175 -0.743657 0.199268 0.638175 -0.743657 0.199268 0.638175 -0.753322 -0.177600 0.633217 -0.753322 -0.177600 0.633217 -0.753322 -0.177600 0.633217 -0.756523 -0.202707 0.621759 -0.756523 -0.202707 0.621759 -0.756523 -0.202707 0.621759 -0.548766 -0.482837 0.682440 -0.548766 -0.482837 0.682440 -0.548766 -0.482837 0.682440 -0.528304 -0.528302 0.664674 
						-0.528304 -0.528302 0.664674 -0.528304 -0.528302 0.664674 -0.201388 -0.661270 0.722609 -0.201388 -0.661270 0.722609 -0.201388 -0.661270 0.722609 -0.181157 -0.676059 0.714232 -0.181157 -0.676059 0.714232 -0.181157 -0.676059 0.714232 -0.579242 -0.522096 0.626015 -0.579242 -0.522096 0.626015 -0.579242 -0.522096 0.626015 -0.581175 -0.511352 0.633052 -0.581175 -0.511352 0.633052 -0.581175 -0.511352 0.633052 -0.220081 -0.740296 0.635238 -0.220081 -0.740296 0.635238 -0.220081 -0.740296 0.635238 -0.224111 -0.735882 0.638946 -0.224111 -0.735882 0.638946 -0.224111 -0.735882 0.638946 -0.231759 -0.864903 0.445231 -0.231759 -0.864903 0.445231 -0.231759 -0.864903 0.445231 -0.250275 -0.841861 0.478155 -0.250275 -0.841861 0.478155 -0.250275 -0.841861 0.478155 0.228023 -0.850998 0.473084 0.228023 -0.850998 0.473084 0.228023 -0.850998 0.473084 0.255535 -0.859593 0.442495 0.255535 -0.859593 0.442495 0.255535 -0.859593 0.442495 0.583290 -0.583280 0.565294 0.583290 -0.583280 0.565294 0.583290 -0.583280 0.565294 0.635901 -0.573159 0.516836 0.635901 -0.573159 0.516836 0.635901 -0.573159 0.516836 0.756517 -0.202708 0.621765 0.756517 -0.202708 0.621765 0.756517 -0.202708 0.621765 0.776783 -0.187605 0.601176 0.776783 -0.187605 0.601176 0.776783 -0.187605 0.601176 0.771208 0.206646 0.602109 0.771208 0.206646 0.602109 0.771208 0.206646 0.602109 0.759450 0.183420 0.624174 0.759450 0.183420 0.624174 0.759450 0.183420 0.624174 0.604783 0.604783 0.518145 0.604783 0.604783 0.518145 0.604783 0.604783 0.518145 0.608230 0.548226 0.574025 0.608230 0.548226 0.574025 0.608230 0.548226 0.574025 0.231749 0.864906 0.445231 0.231749 0.864906 0.445231 0.231749 0.864906 0.445231 0.250264 0.841866 0.478153 0.250264 0.841866 0.478153 0.250264 0.841866 0.478153 -0.228022 0.850998 0.473084 -0.228022 0.850998 0.473084 
						-0.228022 0.850998 0.473084 -0.255534 0.859593 0.442496 -0.255534 0.859593 0.442496 -0.255534 0.859593 0.442496 -0.583284 0.583287 0.565293 -0.583284 0.583287 0.565293 -0.583284 0.583287 0.565293 -0.635895 0.573166 0.516834 -0.635895 0.573166 0.516834 -0.635895 0.573166 0.516834 -0.756516 0.202714 0.621765 -0.756516 0.202714 0.621765 -0.756516 0.202714 0.621765 -0.776782 0.187610 0.601175 -0.776782 0.187610 0.601175 -0.776782 0.187610 0.601175 -0.771209 -0.206642 0.602109 -0.771209 -0.206642 0.602109 -0.771209 -0.206642 0.602109 -0.759450 -0.183417 0.624175 -0.759450 -0.183417 0.624175 -0.759450 -0.183417 0.624175 -0.965927 -0.258815 0.000000 -0.965927 -0.258815 0.000000 -0.965927 -0.258815 0.000000 -0.965927 -0.258816 -0.000000 -0.707108 -0.707106 0.000000 -0.707108 -0.707106 0.000000 -0.707108 -0.707106 0.000000 -0.707108 -0.707105 0.000000 0.229881 0.229880 -0.945680 0.229881 0.229880 -0.945680 0.229881 0.229880 -0.945680 0.229881 0.229880 -0.945679 0.084145 0.314022 -0.945679 0.084145 0.314022 -0.945679 0.084145 0.314022 -0.945679 0.084145 0.314022 -0.945679 -0.084142 0.314023 -0.945679 -0.084142 0.314023 -0.945679 -0.084142 0.314023 -0.945679 -0.084142 0.314023 -0.945679 -0.084142 0.314023 -0.945679 -0.084142 0.314023 -0.945679 -0.229883 0.229879 -0.945679 -0.229883 0.229879 -0.945679 -0.229883 0.229879 -0.945679 -0.229883 0.229879 -0.945679 -0.314023 0.084142 -0.945679 -0.314023 0.084142 -0.945679 -0.314023 0.084142 -0.945679 -0.314023 0.084142 -0.945679 -0.314023 0.084142 -0.945679 -0.314023 0.084142 -0.945679 -0.314023 -0.084143 -0.945679 -0.314023 -0.084143 -0.945679 -0.314023 -0.084143 -0.945679 -0.314023 -0.084143 -0.945679 -0.314023 -0.084143 -0.945679 -0.314023 -0.084143 -0.945679 -0.229881 -0.229881 -0.945679 -0.229881 -0.229881 -0.945679 -0.229881 -0.229881 -0.945679 -0.229881 -0.229881 -0.945679 
						-0.084142 -0.314023 -0.945679 -0.084142 -0.314023 -0.945679 -0.084142 -0.314023 -0.945679 -0.084142 -0.314023 -0.945679 0.084142 -0.314023 -0.945679 0.084142 -0.314023 -0.945679 0.084142 -0.314023 -0.945679 0.084142 -0.314023 -0.945679 0.229880 -0.229881 -0.945680 0.229880 -0.229881 -0.945679 0.229880 -0.229881 -0.945679 0.229880 -0.229882 -0.945679 0.314022 -0.084144 -0.945679 0.314022 -0.084144 -0.945679 0.314022 -0.084144 -0.945679 0.314022 -0.084144 -0.945679 0.000000 0.000000 -1.000000 0.000000 0.000000 -1.000000 0.000000 0.000000 -1.000000 0.000000 0.000000 -1.000000 0.000000 0.000000 -1.000000 0.000000 0.000000 -1.000000 0.000000 0.000000 -1.000000 0.000000 0.000000 -1.000000 0.000000 0.000000 -1.000000 0.000000 0.000000 -1.000000 0.000000 0.000000 -1.000000 0.000000 0.000000 -1.000000 -0.707105 0.707109 -0.000000 -0.707105 0.707109 -0.000000 -0.707105 0.707109 -0.000000 -0.707104 0.707109 -0.000000 -0.258817 0.965926 -0.000000 -0.258817 0.965926 -0.000000 -0.258817 0.965926 -0.000000 -0.258817 0.965926 -0.000000 0.258817 0.965926 -0.000000 0.258817 0.965926 -0.000000 0.258817 0.965926 -0.000000 0.258817 0.965926 -0.000000 0.707107 0.707107 -0.000000 0.707107 0.707107 -0.000000 0.707107 0.707107 -0.000000 0.707107 0.707107 -0.000000 0.965925 0.258821 0.000000 0.965925 0.258821 0.000000 0.965925 0.258821 0.000000 0.965925 0.258821 0.000000 0.965926 -0.258819 0.000000 0.965926 -0.258819 0.000000 0.965926 -0.258819 0.000000 0.965926 -0.258819 0.000000 0.707113 -0.707101 0.000000 0.707112 -0.707101 0.000000 0.707112 -0.707101 0.000000 0.707112 -0.707102 0.000000 0.314023 0.084141 -0.945679 0.314023 0.084141 -0.945679 0.314023 0.084141 -0.945679 0.314023 0.084141 -0.945679 -0.965924 0.258826 -0.000000 -0.965924 0.258826 -0.000000 -0.965924 0.258826 -0.000000 -0.965924 0.258826 -0.000000 
						-0.763287 0.179957 0.620490 -0.763287 0.179957 0.620490 -0.763287 0.179957 0.620490 -0.759448 0.183424 0.624175 -0.759448 0.183424 0.624175 -0.759448 0.183424 0.624175 -0.586418 0.515970 0.624411 -0.586418 0.515970 0.624411 -0.586418 0.515970 0.624411 -0.575521 0.518747 0.632201 -0.575521 0.518747 0.632201 -0.575521 0.518747 0.632201 -0.225175 0.739414 0.634479 -0.225175 0.739414 0.634479 -0.225175 0.739414 0.634479 -0.219326 0.737794 0.638401 -0.219326 0.737794 0.638401 -0.219326 0.737794 0.638401 0.224101 0.735886 0.638945 0.224101 0.735886 0.638945 0.224101 0.735886 0.638945 0.220071 0.740299 0.635238 0.220071 0.740299 0.635238 0.220071 0.740299 0.635238 0.581174 0.511353 0.633052 0.581174 0.511353 0.633052 0.581174 0.511353 0.633052 0.579241 0.522097 0.626015 0.579241 0.522097 0.626015 0.579241 0.522097 0.626015 0.760052 0.179190 0.624670 0.760052 0.179190 0.624670 0.760052 0.179190 0.624670 0.761787 0.183985 0.621152 0.761787 0.183985 0.621152 0.761787 0.183985 0.621152 0.763288 -0.179951 0.620491 0.763288 -0.179951 0.620491 0.763288 -0.179951 0.620491 0.759449 -0.183418 0.624175 0.759449 -0.183418 0.624175 0.759449 -0.183418 0.624175 0.586424 -0.515964 0.624411 0.586424 -0.515964 0.624411 0.586424 -0.515964 0.624411 0.575526 -0.518740 0.632201 0.575526 -0.518740 0.632201 0.575526 -0.518740 0.632201 0.225177 -0.739413 0.634479 0.225177 -0.739413 0.634479 0.225177 -0.739413 0.634479 0.219327 -0.737793 0.638402 0.219327 -0.737793 0.638402 0.219327 -0.737793 0.638402 -0.608231 -0.548225 0.574025 -0.608231 -0.548225 0.574025 -0.608231 -0.548225 0.574025 -0.604784 -0.604782 0.518147 -0.604784 -0.604781 0.518147 -0.604784 -0.604781 0.518147 -0.760053 -0.179187 0.624670 -0.760053 -0.179187 0.624670 -0.760053 -0.179187 0.624670 -0.761788 -0.183981 0.621152 
						-0.761788 -0.183981 0.621152 -0.761788 -0.183981 0.621152 0.258817 -0.965926 0.000000 0.258817 -0.965926 0.000000 0.258817 -0.965927 0.000000 0.258818 -0.965926 0.000000 0.258817 -0.965926 0.000000 0.258818 -0.965926 0.000000 0.258819 -0.965926 0.000000 0.258819 -0.965926 0.000000 0.258819 -0.965926 0.000000 0.258818 -0.965926 0.000000 0.258821 -0.965926 0.000001 0.258820 -0.965926 0.000001 0.258821 -0.965926 0.000001 0.258819 -0.965926 0.000000 0.258819 -0.965926 0.000000 0.258819 -0.965926 0.000000 -0.258828 -0.965923 0.000000 -0.258828 -0.965923 0.000000 -0.258828 -0.965923 0.000000 -0.258842 -0.965920 -0.000000 -0.258842 -0.965920 -0.000000 -0.258842 -0.965920 -0.000000 -0.258829 -0.965923 0.000000 -0.258829 -0.965923 0.000000 -0.258829 -0.965923 0.000000 -0.258828 -0.965923 0.000000 -0.258828 -0.965923 0.000000 -0.258828 -0.965923 0.000000 -0.258823 -0.965925 -0.000000 -0.258823 -0.965925 -0.000000 -0.258823 -0.965925 -0.000000 
					</float_array>
					<technique_common>
						<accessor count="353" offset="0" source="#meshId13-normals-array" stride="3">
							<param name="X" type="float" />
							<param name="Y" type="float" />
							<param name="Z" type="float" />
						</accessor>
					</technique_common>
				</source>
				<source id="meshId13-tangents" name="meshId13-tangents">
					<float_array id="meshId13-tangents-array" count="1059"> 
						0.547343 -0.528573 -0.648865 0.547343 -0.528573 -0.648865 0.547343 -0.528573 -0.648865 0.558416 -0.539239 -0.630392 0.558416 -0.539239 -0.630392 0.558416 -0.539239 -0.630392 0.480093 -0.463634 -0.744684 0.480093 -0.463634 -0.744684 0.480094 -0.463634 -0.744684 0.498131 -0.481050 -0.721426 0.498131 -0.481050 -0.721427 0.498131 -0.481050 -0.721427 0.634939 -0.000005 -0.772563 0.634939 -0.000005 -0.772563 0.634939 -0.000005 -0.772563 0.651235 0.000004 -0.758876 0.651235 0.000004 -0.758876 0.651235 0.000004 -0.758876 0.643447 -0.000003 -0.765491 0.643447 -0.000003 -0.765491 0.643447 -0.000003 -0.765491 0.634941 -0.000005 -0.772561 0.634941 -0.000005 -0.772560 0.634941 -0.000005 -0.772561 0.716633 -0.692050 -0.086624 0.716633 -0.692050 -0.086624 0.716633 -0.692050 -0.086624 0.719195 -0.694531 -0.019604 0.719195 -0.694531 -0.019604 0.719195 -0.694531 -0.019604 0.659581 -0.636945 0.399066 0.659581 -0.636945 0.399066 0.659581 -0.636945 0.399066 0.649746 -0.627445 0.429119 0.649746 -0.627445 0.429119 0.649746 -0.627445 0.429119 0.547343 -0.528574 0.648865 0.547343 -0.528574 0.648865 0.547343 -0.528574 0.648865 0.558407 -0.539244 0.630395 0.558407 -0.539244 0.630395 0.558407 -0.539244 0.630395 0.480098 -0.463630 0.744683 0.480098 -0.463630 0.744683 0.480098 -0.463630 0.744683 0.498135 -0.481047 0.721426 0.498135 -0.481047 0.721426 0.498135 -0.481047 0.721426 -0.626318 0.054380 -0.777669 -0.626318 0.054380 -0.777669 -0.626317 0.054380 -0.777669 -0.642012 0.053481 -0.764827 -0.642012 0.053481 -0.764827 -0.642012 0.053481 -0.764827 -0.649837 0.053025 -0.758222 -0.649837 0.053025 -0.758222 -0.649837 0.053025 -0.758222 -0.642542 0.053451 -0.764384 -0.642542 0.053451 -0.764384 -0.642542 0.053451 -0.764384 0.716634 -0.692049 0.086627 0.716634 -0.692049 0.086627 0.716634 -0.692049 0.086627 0.719218 -0.694506 0.019644 
						0.719218 -0.694506 0.019644 0.719218 -0.694506 0.019644 0.659583 -0.636948 -0.399058 0.659583 -0.636948 -0.399058 0.659583 -0.636948 -0.399057 0.649729 -0.627458 -0.429126 0.649729 -0.627458 -0.429126 0.649729 -0.627458 -0.429126 0.716681 -0.692086 0.085934 0.716681 -0.692086 0.085934 0.716681 -0.692086 0.085934 0.715819 -0.691262 0.098788 0.715819 -0.691262 0.098788 0.715819 -0.691262 0.098788 -0.053543 -0.641055 -0.765625 -0.053543 -0.641055 -0.765625 -0.053543 -0.641055 -0.765625 -0.053292 -0.645388 -0.761994 -0.053292 -0.645388 -0.761994 -0.053292 -0.645388 -0.761994 -0.062518 -0.443503 -0.894090 -0.062518 -0.443503 -0.894090 -0.062518 -0.443503 -0.894090 -0.061219 -0.479124 -0.875610 -0.061219 -0.479124 -0.875610 -0.061219 -0.479124 -0.875610 -0.060518 -0.497332 -0.865447 -0.060518 -0.497332 -0.865447 -0.060518 -0.497332 -0.865447 -0.061524 -0.471221 -0.879867 -0.061524 -0.471221 -0.879867 -0.061524 -0.471221 -0.879867 0.695943 -0.000000 -0.718097 0.695943 -0.000000 -0.718097 0.695943 -0.000000 -0.718097 0.630716 0.000002 -0.776014 0.630716 0.000002 -0.776014 0.630716 0.000002 -0.776014 0.634947 -0.000001 -0.772556 0.634947 -0.000001 -0.772556 0.634947 -0.000001 -0.772556 0.612043 0.000000 -0.790824 0.612043 0.000000 -0.790824 0.612043 0.000000 -0.790824 0.615391 -0.000000 -0.788222 0.615392 -0.000000 -0.788222 0.615392 -0.000000 -0.788222 0.634947 -0.000001 -0.772556 0.634947 -0.000001 -0.772556 0.634947 -0.000001 -0.772556 0.650618 -0.000000 -0.759406 0.650618 -0.000000 -0.759406 0.650618 -0.000000 -0.759406 0.686362 0.000000 -0.727261 0.686362 0.000000 -0.727261 0.686362 0.000000 -0.727260 0.000000 0.457691 -0.889111 0.000000 0.457691 -0.889111 0.000000 0.457691 -0.889111 -0.000013 0.493872 -0.869535 -0.000013 0.493872 -0.869535 -0.000013 0.493872 -0.869535 -0.000004 0.485883 -0.874024 -0.000004 0.485883 -0.874024 
						-0.000004 0.485883 -0.874024 -0.000000 0.457691 -0.889111 -0.000000 0.457691 -0.889111 -0.000000 0.457691 -0.889111 -0.667742 0.051932 -0.742579 -0.667742 0.051932 -0.742579 -0.667742 0.051932 -0.742579 -0.598928 0.055862 -0.798852 -0.598928 0.055862 -0.798852 -0.598928 0.055862 -0.798852 -0.625258 0.054444 -0.778517 -0.625258 0.054444 -0.778517 -0.625258 0.054444 -0.778517 -0.602650 0.055672 -0.796061 -0.602650 0.055672 -0.796061 -0.602650 0.055672 -0.796061 -0.623514 0.054537 -0.779908 -0.623514 0.054537 -0.779908 -0.623514 0.054537 -0.779908 -0.641717 0.053504 -0.765073 -0.641717 0.053504 -0.765073 -0.641717 0.053504 -0.765073 -0.018688 0.069745 -0.997390 -0.018688 0.069745 -0.997390 -0.018688 0.069745 -0.997390 -0.018688 0.069745 -0.997390 -0.069587 0.069587 -0.995146 -0.069587 0.069587 -0.995146 -0.069587 0.069587 -0.995146 -0.069587 0.069587 -0.995146 -0.403682 0.906692 0.122274 -0.403682 0.906692 0.122274 -0.403682 0.906692 0.122274 -0.403688 0.906689 0.122272 -0.392952 0.882592 0.258109 -0.392952 0.882592 0.258109 -0.392952 0.882592 0.258109 -0.392954 0.882591 0.258109 -0.385141 0.865041 0.321514 -0.385141 0.865041 0.321514 -0.385141 0.865041 0.321514 -0.385130 0.865045 0.321514 -0.385130 0.865045 0.321514 -0.385130 0.865045 0.321514 -0.387273 0.869849 0.305587 -0.387273 0.869849 0.305587 -0.387273 0.869849 0.305587 -0.387278 0.869846 0.305588 -0.397553 0.892882 0.211456 -0.397553 0.892882 0.211456 -0.397553 0.892882 0.211456 -0.397536 0.892891 0.211451 -0.397536 0.892891 0.211451 -0.397536 0.892891 0.211451 -0.406143 0.912231 0.053697 -0.406143 0.912231 0.053697 -0.406143 0.912231 0.053697 -0.406158 0.912224 0.053703 -0.406158 0.912224 0.053703 -0.406158 0.912224 0.053703 -0.403688 0.906689 -0.122272 -0.403688 0.906689 -0.122272 -0.403688 0.906689 -0.122272 -0.403684 0.906691 -0.122274 
						-0.392952 0.882591 -0.258111 -0.392952 0.882591 -0.258111 -0.392952 0.882591 -0.258111 -0.392952 0.882591 -0.258111 -0.385144 0.865039 -0.321514 -0.385144 0.865039 -0.321514 -0.385144 0.865039 -0.321514 -0.385136 0.865043 -0.321514 -0.387273 0.869848 -0.305588 -0.387273 0.869848 -0.305588 -0.387273 0.869848 -0.305588 -0.387282 0.869844 -0.305589 -0.397541 0.892887 -0.211455 -0.397541 0.892887 -0.211455 -0.397541 0.892887 -0.211455 -0.397538 0.892889 -0.211454 -0.406736 0.913546 -0.000000 -0.406752 0.913539 0.000000 -0.406733 0.913547 0.000000 -0.406760 0.913535 0.000000 -0.406736 0.913546 -0.000000 -0.406734 0.913547 -0.000000 -0.406738 0.913545 0.000000 -0.406764 0.913533 0.000000 -0.406744 0.913542 -0.000000 -0.406789 0.913522 0.000000 -0.406743 0.913543 -0.000000 -0.406739 0.913544 0.000000 0.000000 -0.000000 -1.000000 0.000000 -0.000000 -1.000000 0.000000 -0.000000 -1.000000 0.000000 -0.000000 -1.000000 0.000000 -0.000000 -1.000000 0.000000 -0.000000 -1.000000 0.000000 -0.000000 -1.000000 0.000000 -0.000000 -1.000000 0.000000 -0.000000 -1.000000 0.000000 -0.000000 -1.000000 0.000000 -0.000000 -1.000000 0.000000 -0.000000 -1.000000 0.000000 -0.000000 -1.000000 0.000000 -0.000000 -1.000000 0.000000 -0.000000 -1.000000 0.000000 -0.000000 -1.000000 0.000000 0.000000 -1.000000 0.000000 0.000000 -1.000000 0.000000 0.000000 -1.000000 0.000000 -0.000000 -1.000000 0.000000 0.000000 -1.000000 0.000000 0.000000 -1.000000 0.000000 0.000000 -1.000000 0.000000 0.000000 -1.000000 0.000000 -0.000000 -1.000000 0.000000 -0.000000 -1.000000 0.000000 -0.000000 -1.000000 0.000000 0.000000 -1.000000 -0.406151 0.912227 -0.053702 -0.406151 0.912227 -0.053702 -0.406151 0.912227 -0.053702 -0.406156 0.912224 -0.053704 0.018688 0.069744 -0.997390 0.018688 0.069744 -0.997390 0.018688 0.069744 -0.997390 0.018689 0.069744 -0.997390 
						-0.622062 0.054615 -0.781061 -0.622062 0.054615 -0.781061 -0.622062 0.054615 -0.781061 -0.626135 0.054389 -0.777816 -0.626135 0.054389 -0.777816 -0.626135 0.054389 -0.777816 0.449464 -0.434030 0.780769 0.449464 -0.434030 0.780769 0.449464 -0.434030 0.780769 0.454926 -0.439323 0.774621 0.454926 -0.439323 0.774621 0.454926 -0.439323 0.774621 -0.000000 0.651203 -0.758904 -0.000000 0.651203 -0.758904 -0.000000 0.651203 -0.758904 0.000010 0.654335 -0.756205 0.000010 0.654335 -0.756205 0.000010 0.654335 -0.756205 -0.000000 0.655620 -0.755091 -0.000000 0.655620 -0.755091 -0.000000 0.655620 -0.755091 -0.000000 0.651203 -0.758904 -0.000000 0.651203 -0.758904 -0.000000 0.651203 -0.758904 0.715820 -0.691262 -0.098787 0.715820 -0.691262 -0.098787 0.715820 -0.691262 -0.098787 0.716682 -0.692086 -0.085933 0.716682 -0.692086 -0.085933 0.716682 -0.692086 -0.085933 0.634946 0.000004 -0.772556 0.634946 0.000004 -0.772556 0.634946 0.000004 -0.772556 0.631939 0.000003 -0.775018 0.631939 0.000003 -0.775018 0.631939 0.000003 -0.775018 0.630787 -0.000003 -0.775956 0.630788 -0.000003 -0.775956 0.630788 -0.000003 -0.775956 0.634947 0.000004 -0.772556 0.634947 0.000004 -0.772555 0.634947 0.000004 -0.772556 0.449460 -0.434035 -0.780769 0.449460 -0.434035 -0.780769 0.449460 -0.434035 -0.780769 0.454935 -0.439314 -0.774621 0.454935 -0.439314 -0.774621 0.454935 -0.439314 -0.774621 -0.052444 -0.659457 -0.749911 -0.052444 -0.659457 -0.749911 -0.052444 -0.659457 -0.749911 -0.052270 -0.662280 -0.747431 -0.052270 -0.662280 -0.747431 -0.052270 -0.662280 -0.747431 -0.708635 0.049217 -0.703857 -0.708635 0.049217 -0.703857 -0.708635 0.049217 -0.703857 -0.678811 0.051223 -0.732525 -0.678811 0.051223 -0.732525 -0.678811 0.051223 -0.732525 -0.641535 0.053508 -0.765225 -0.641535 0.053508 -0.765225 -0.641535 0.053508 -0.765225 -0.638782 0.053666 -0.767514 
						-0.638782 0.053666 -0.767514 -0.638782 0.053666 -0.767514 -0.069744 -0.018688 -0.997390 -0.069744 -0.018688 -0.997390 -0.069744 -0.018688 -0.997390 -0.069743 -0.018687 -0.997390 -0.069748 -0.018689 -0.997390 -0.069744 -0.018688 -0.997390 -0.069745 -0.018688 -0.997390 -0.069745 -0.018688 -0.997390 -0.069745 -0.018688 -0.997390 -0.069745 -0.018688 -0.997390 -0.069680 -0.018672 -0.997395 -0.069680 -0.018672 -0.997395 -0.069680 -0.018672 -0.997395 -0.069774 -0.018696 -0.997388 -0.069774 -0.018696 -0.997388 -0.069774 -0.018696 -0.997388 -0.069744 0.018689 -0.997390 -0.069744 0.018689 -0.997390 -0.069744 0.018689 -0.997390 -0.069797 0.018704 -0.997386 -0.069797 0.018704 -0.997386 -0.069797 0.018704 -0.997386 -0.069741 0.018688 -0.997390 -0.069741 0.018688 -0.997390 -0.069745 0.018689 -0.997390 -0.069735 0.018686 -0.997391 -0.069735 0.018686 -0.997391 -0.069745 0.018689 -0.997390 -0.069769 0.018695 -0.997388 -0.069769 0.018695 -0.997388 -0.069769 0.018695 -0.997388 
					</float_array>
					<technique_common>
						<accessor count="353" offset="0" source="#meshId13-tangents-array" stride="3">
							<param name="X" type="float" />
							<param name="Y" type="float" />
							<param name="Z" type="float" />
						</accessor>
					</technique_common>
				</source>
				<source id="meshId13-bitangents" name="meshId13-bitangents">
					<float_array id="meshId13-bitangents-array" count="1059"> 
						0.811806 0.523785 0.258108 0.811806 0.523786 0.258108 0.811806 0.523785 0.258108 0.810239 0.517589 0.274981 0.810239 0.517589 0.274981 0.810239 0.517589 0.274981 0.675746 0.736773 -0.023059 0.675746 0.736773 -0.023059 0.675746 0.736773 -0.023059 0.701139 0.712972 0.008710 0.701139 0.712972 0.008710 0.701139 0.712972 0.008710 0.138439 0.983815 0.113771 0.138439 0.983815 0.113770 0.138439 0.983815 0.113770 0.151213 0.979946 0.129769 0.151213 0.979946 0.129769 0.151213 0.979946 0.129769 -0.135952 0.984102 -0.114280 -0.135952 0.984102 -0.114280 -0.135952 0.984102 -0.114280 -0.156603 0.979239 -0.128713 -0.156603 0.979239 -0.128713 -0.156603 0.979239 -0.128713 0.430457 0.536596 -0.725790 0.430457 0.536596 -0.725790 0.430457 0.536596 -0.725790 0.451280 0.488387 -0.746877 0.451280 0.488387 -0.746876 0.451280 0.488387 -0.746876 0.724154 0.396256 -0.564430 0.724154 0.396256 -0.564430 0.724154 0.396256 -0.564430 0.738251 0.386336 -0.552928 0.738251 0.386336 -0.552928 0.738251 0.386336 -0.552928 0.811806 0.523784 -0.258109 0.811807 0.523784 -0.258109 0.811806 0.523784 -0.258109 0.810245 0.517583 -0.274975 0.810245 0.517583 -0.274975 0.810245 0.517583 -0.274975 0.675748 0.736772 0.023049 0.675748 0.736772 0.023049 0.675748 0.736772 0.023049 0.701140 0.712970 -0.008719 0.701140 0.712970 -0.008719 0.701140 0.712970 -0.008719 -0.173324 -0.982309 0.070901 -0.173324 -0.982310 0.070901 -0.173324 -0.982309 0.070901 -0.186536 -0.978485 0.088161 -0.186536 -0.978485 0.088161 -0.186536 -0.978485 0.088161 0.101084 -0.982673 -0.155356 0.101084 -0.982673 -0.155356 0.101084 -0.982673 -0.155356 0.121712 -0.977780 -0.170685 0.121712 -0.977780 -0.170685 0.121712 -0.977780 -0.170685 0.430455 0.536598 0.725790 0.430455 0.536598 0.725790 0.430455 0.536598 0.725790 0.451243 0.488424 0.746875 
						0.451242 0.488424 0.746875 0.451243 0.488424 0.746875 0.724150 0.396255 0.564437 0.724150 0.396255 0.564437 0.724150 0.396256 0.564437 0.738265 0.386318 0.552923 0.738265 0.386318 0.552923 0.738265 0.386318 0.552923 0.388391 0.498430 0.775062 0.388391 0.498430 0.775062 0.388391 0.498430 0.775062 0.387090 0.510564 0.767780 0.387090 0.510564 0.767780 0.387090 0.510564 0.767780 0.974011 -0.202512 0.101446 0.974011 -0.202512 0.101446 0.974011 -0.202512 0.101446 0.973105 -0.204822 0.105422 0.973105 -0.204822 0.105422 0.973105 -0.204822 0.105422 0.970762 -0.235048 0.048714 0.970762 -0.235048 0.048714 0.970762 -0.235048 0.048714 0.966237 -0.248416 0.068375 0.966237 -0.248416 0.068375 0.966237 -0.248415 0.068375 0.971773 0.168712 -0.164904 0.971773 0.168712 -0.164904 0.971773 0.168712 -0.164904 0.964840 0.197613 -0.173299 0.964840 0.197613 -0.173299 0.964840 0.197613 -0.173299 0.418852 0.812271 0.405929 0.418852 0.812271 0.405929 0.418852 0.812271 0.405929 0.444778 0.819444 0.361501 0.444778 0.819445 0.361501 0.444778 0.819445 0.361501 0.156604 0.979239 0.128708 0.156604 0.979239 0.128708 0.156604 0.979239 0.128708 0.148362 0.982245 0.114822 0.148362 0.982245 0.114822 0.148362 0.982245 0.114822 -0.162883 0.978416 -0.127169 -0.162883 0.978416 -0.127169 -0.162883 0.978416 -0.127169 -0.141701 0.983035 -0.116463 -0.141701 0.983035 -0.116463 -0.141701 0.983035 -0.116463 -0.459276 0.796390 -0.393482 -0.459276 0.796390 -0.393482 -0.459276 0.796390 -0.393482 -0.398703 0.836330 -0.376281 -0.398703 0.836330 -0.376281 -0.398703 0.836330 -0.376281 -0.972776 0.206050 0.106069 -0.972776 0.206050 0.106069 -0.972776 0.206050 0.106069 -0.968178 0.217607 0.123609 -0.968178 0.217607 0.123609 -0.968178 0.217607 0.123609 -0.973656 -0.199299 -0.110788 -0.973656 -0.199299 -0.110788 
						-0.973656 -0.199299 -0.110788 -0.966800 -0.227198 -0.116955 -0.966800 -0.227198 -0.116955 -0.966800 -0.227198 -0.116955 -0.462494 -0.810604 0.359195 -0.462494 -0.810604 0.359195 -0.462494 -0.810604 0.359195 -0.486746 -0.817533 0.307763 -0.486746 -0.817533 0.307763 -0.486746 -0.817533 0.307763 -0.191667 -0.977723 0.085561 -0.191667 -0.977723 0.085561 -0.191667 -0.977723 0.085561 -0.182818 -0.980665 0.069818 -0.182818 -0.980665 0.069818 -0.182818 -0.980665 0.069818 0.128325 -0.976895 -0.170904 0.128325 -0.976895 -0.170904 0.128325 -0.976895 -0.170904 0.106931 -0.981578 -0.158335 0.106931 -0.981578 -0.158335 0.106931 -0.981578 -0.158335 0.258140 -0.963406 -0.072205 0.258140 -0.963406 -0.072205 0.258140 -0.963406 -0.072205 0.258140 -0.963405 -0.072205 0.703673 -0.703675 -0.098411 0.703673 -0.703675 -0.098411 0.703673 -0.703675 -0.098411 0.703673 -0.703676 -0.098411 0.885548 0.353646 0.301230 0.885548 0.353646 0.301230 0.885548 0.353646 0.301230 0.885545 0.353652 0.301231 0.915701 0.349888 0.197662 0.915701 0.349888 0.197662 0.915701 0.349888 0.197662 0.915700 0.349890 0.197662 0.919014 0.391273 0.048157 0.919014 0.391273 0.048157 0.919014 0.391273 0.048157 0.919018 0.391263 0.048153 0.919018 0.391263 0.048153 0.919018 0.391263 0.048153 0.892846 0.436485 -0.110937 0.892846 0.436485 -0.110937 0.892846 0.436485 -0.110937 0.892844 0.436490 -0.110935 0.862173 0.442359 -0.246935 0.862173 0.442359 -0.246935 0.862173 0.442359 -0.246935 0.862180 0.442342 -0.246939 0.862180 0.442342 -0.246939 0.862180 0.442342 -0.246939 0.858159 0.400943 -0.320635 0.858159 0.400943 -0.320635 0.858159 0.400943 -0.320635 0.858152 0.400959 -0.320634 0.858152 0.400959 -0.320634 0.858152 0.400959 -0.320634 0.885546 0.353651 -0.301230 0.885546 0.353651 -0.301231 0.885546 0.353651 -0.301231 0.885547 0.353647 -0.301230 
						0.915701 0.349888 -0.197658 0.915702 0.349888 -0.197658 0.915702 0.349888 -0.197658 0.915701 0.349889 -0.197659 0.919013 0.391276 -0.048159 0.919012 0.391276 -0.048159 0.919013 0.391276 -0.048159 0.919016 0.391268 -0.048156 0.892846 0.436485 0.110934 0.892846 0.436485 0.110934 0.892846 0.436485 0.110934 0.892843 0.436493 0.110931 0.862178 0.442348 0.246936 0.862178 0.442348 0.246936 0.862178 0.442348 0.246936 0.862179 0.442345 0.246936 0.913546 0.406736 0.000000 0.913539 0.406752 0.000000 0.913547 0.406733 0.000000 0.913535 0.406760 0.000000 0.913546 0.406736 0.000000 0.913547 0.406734 -0.000000 0.913545 0.406738 0.000000 0.913533 0.406764 0.000000 0.913542 0.406744 0.000000 0.913522 0.406789 0.000000 0.913543 0.406743 0.000000 0.913544 0.406739 -0.000000 -0.707109 -0.707105 0.000000 -0.707109 -0.707105 0.000000 -0.707109 -0.707105 0.000000 -0.707109 -0.707104 0.000000 -0.965926 -0.258817 -0.000000 -0.965926 -0.258817 -0.000000 -0.965926 -0.258817 -0.000000 -0.965926 -0.258817 0.000000 -0.965926 0.258817 -0.000000 -0.965926 0.258817 -0.000000 -0.965926 0.258817 -0.000000 -0.965926 0.258817 -0.000000 -0.707107 0.707107 -0.000000 -0.707107 0.707107 -0.000000 -0.707107 0.707107 -0.000000 -0.707107 0.707107 -0.000000 -0.258821 0.965925 0.000000 -0.258821 0.965925 0.000000 -0.258821 0.965925 0.000000 -0.258821 0.965925 -0.000000 0.258819 0.965926 0.000000 0.258819 0.965926 0.000000 0.258819 0.965926 0.000000 0.258819 0.965926 0.000000 0.707101 0.707113 0.000000 0.707101 0.707112 0.000000 0.707101 0.707112 0.000000 0.707102 0.707112 0.000000 0.858155 0.400953 0.320634 0.858155 0.400953 0.320634 0.858155 0.400953 0.320634 0.858153 0.400958 0.320634 -0.258150 -0.963403 -0.072205 -0.258150 -0.963403 -0.072205 -0.258150 -0.963403 -0.072205 -0.258150 -0.963403 -0.072205 
						-0.174445 -0.982157 0.070257 -0.174445 -0.982157 0.070257 -0.174445 -0.982157 0.070257 -0.176618 -0.981528 0.073543 -0.176618 -0.981528 0.073543 -0.176618 -0.981528 0.073543 0.673867 0.738507 0.022613 0.673867 0.738507 0.022613 0.673867 0.738507 0.022613 0.679573 0.733415 0.016848 0.679573 0.733415 0.016848 0.679573 0.733415 0.016848 -0.974318 -0.170887 -0.146635 -0.974318 -0.170887 -0.146635 -0.974318 -0.170887 -0.146635 -0.975652 -0.165849 -0.143520 -0.975652 -0.165849 -0.143520 -0.975652 -0.165849 -0.143520 -0.974566 0.169216 0.146925 -0.974566 0.169216 0.146925 -0.974566 0.169216 0.146925 -0.975484 0.167013 0.143311 -0.975484 0.167013 0.143311 -0.975484 0.167013 0.143311 0.387090 0.510564 -0.767780 0.387090 0.510564 -0.767780 0.387090 0.510564 -0.767780 0.388390 0.498429 -0.775062 0.388390 0.498429 -0.775062 0.388390 0.498429 -0.775062 -0.138436 0.983815 -0.113773 -0.138436 0.983815 -0.113773 -0.138436 0.983815 -0.113773 -0.142593 0.982929 -0.116265 -0.142593 0.982929 -0.116265 -0.142593 0.982929 -0.116265 0.139636 0.983676 0.113509 0.139636 0.983676 0.113509 0.139636 0.983676 0.113509 0.141699 0.983035 0.116464 0.141699 0.983035 0.116464 0.141699 0.983035 0.116464 0.673865 0.738508 -0.022624 0.673865 0.738508 -0.022624 0.673865 0.738508 -0.022624 0.679562 0.733425 -0.016843 0.679562 0.733425 -0.016843 0.679562 0.733425 -0.016843 0.972905 0.135588 -0.187272 0.972905 0.135588 -0.187272 0.972905 0.135588 -0.187272 0.974250 0.130563 -0.183820 0.974250 0.130563 -0.183820 0.974250 0.130563 -0.183820 0.357620 -0.834882 -0.418426 0.357620 -0.834882 -0.418426 0.357620 -0.834882 -0.418426 0.416476 -0.794742 -0.441511 0.416476 -0.794743 -0.441511 0.416476 -0.794743 -0.441511 0.103693 -0.982359 -0.155624 0.103693 -0.982359 -0.155624 0.103693 -0.982359 -0.155624 0.107874 -0.981464 -0.158406 
						0.107874 -0.981464 -0.158406 0.107874 -0.981464 -0.158406 0.963405 0.258141 -0.072205 0.963405 0.258141 -0.072205 0.963405 0.258141 -0.072205 0.963405 0.258142 -0.072203 0.963405 0.258141 -0.072208 0.963405 0.258142 -0.072204 0.963405 0.258143 -0.072206 0.963405 0.258143 -0.072206 0.963405 0.258143 -0.072206 0.963405 0.258143 -0.072205 0.963409 0.258146 -0.072138 0.963409 0.258146 -0.072138 0.963409 0.258146 -0.072138 0.963403 0.258143 -0.072235 0.963403 0.258143 -0.072235 0.963403 0.258143 -0.072235 0.963402 -0.258153 -0.072205 0.963402 -0.258153 -0.072205 0.963402 -0.258153 -0.072205 0.963395 -0.258165 -0.072259 0.963395 -0.258165 -0.072259 0.963395 -0.258165 -0.072259 0.963402 -0.258153 -0.072202 0.963402 -0.258153 -0.072201 0.963402 -0.258153 -0.072205 0.963403 -0.258153 -0.072195 0.963403 -0.258153 -0.072195 0.963402 -0.258152 -0.072206 0.963402 -0.258147 -0.072231 0.963402 -0.258147 -0.072231 0.963402 -0.258147 -0.072231 
					</float_array>
					<technique_common>
						<accessor count="353" offset="0" source="#meshId13-bitangents-array" stride="3">
							<param name="X" type="float" />
							<param name="Y" type="float" />
							<param name="Z" type="float" />
						</accessor>
					</technique_common>
				</source>
				<source id="meshId13-tex0" name="meshId13-tex0">
					<float_array id="meshId13-tex0-array" count="706"> 
						0.767613 0.622380 0.774765 0.635251 0.761233 0.640864 0.761233 0.640864 0.756833 0.633543 0.767613 0.622380 0.774765 0.635251 0.774042 0.650845 0.761382 0.649405 0.761382 0.649405 0.761233 0.640864 0.774765 0.635251 0.042830 0.785798 0.042830 0.799531 0.030649 0.799531 0.030649 0.799531 0.030649 0.792453 0.042830 0.785798 0.042830 0.799531 0.042830 0.813264 0.030649 0.806608 0.030649 0.806608 0.030649 0.799531 0.042830 0.799531 0.722394 0.615213 0.706834 0.616480 0.711972 0.602760 0.711972 0.602760 0.720513 0.602611 0.722394 0.615213 0.706834 0.616480 0.693722 0.609781 0.704501 0.598619 0.704501 0.598619 0.711972 0.602760 0.706834 0.616480 0.693722 0.609781 0.686569 0.596911 0.700102 0.591298 0.700102 0.591298 0.704501 0.598619 0.693722 0.609781 0.686569 0.596911 0.687293 0.581317 0.699953 0.582757 0.699953 0.582757 0.700102 0.591298 0.686569 0.596911 0.024385 0.855127 0.023423 0.868879 0.011226 0.868026 0.011226 0.868026 0.011722 0.860938 0.024385 0.855127 0.023423 0.868879 0.022462 0.882629 0.010731 0.875112 0.010731 0.875112 0.011226 0.868026 0.023423 0.868879 0.738941 0.616949 0.754499 0.615681 0.749362 0.629401 0.749362 0.629401 
						0.740822 0.629551 0.738941 0.616949 0.754499 0.615681 0.767613 0.622380 0.756833 0.633543 0.756833 0.633543 0.749362 0.629401 0.754499 0.615681 0.735902 0.605545 0.757632 0.604037 0.754499 0.615681 0.754499 0.615681 0.738941 0.616949 0.735902 0.605545 0.587805 0.258393 0.586612 0.275455 0.574450 0.274604 0.574450 0.274604 0.575294 0.262540 0.587805 0.258393 0.600316 0.254246 0.598773 0.276305 0.586612 0.275455 0.586612 0.275455 0.587805 0.258393 0.600316 0.254246 0.598773 0.276305 0.597231 0.298365 0.585419 0.292517 0.585419 0.292517 0.586612 0.275455 0.598773 0.276305 0.067192 0.761261 0.067192 0.777436 0.055011 0.780571 0.055011 0.780571 0.055011 0.766692 0.067192 0.761261 0.067192 0.777436 0.067192 0.799531 0.055011 0.799531 0.055011 0.799531 0.055011 0.780571 0.067192 0.777436 0.067192 0.799531 0.067192 0.821625 0.055011 0.818490 0.055011 0.818490 0.055011 0.799531 0.067192 0.799531 0.067192 0.821625 0.067192 0.837800 0.055011 0.832370 0.055011 0.832370 0.055011 0.818490 0.067192 0.821625 0.283029 0.862696 0.283029 0.884345 0.271094 0.884345 0.271094 0.884345 0.271094 0.867601 0.283029 0.862696 0.283029 0.884345 0.283029 0.905993 
						0.271094 0.901089 0.271094 0.901089 0.271094 0.884345 0.283029 0.884345 0.050496 0.832266 0.049363 0.848461 0.036947 0.850747 0.036947 0.850747 0.037919 0.836850 0.050496 0.832266 0.049363 0.848461 0.047816 0.870584 0.035620 0.869731 0.035620 0.869731 0.036947 0.850747 0.049363 0.848461 0.047816 0.870584 0.046269 0.892707 0.034292 0.888715 0.034292 0.888715 0.035620 0.869731 0.047816 0.870584 0.253719 0.884982 0.252172 0.907105 0.046269 0.892707 0.047816 0.870584 0.252172 0.907105 0.251040 0.923300 0.045137 0.908902 0.046269 0.892707 0.639508 0.425729 0.628077 0.430118 0.616558 0.414263 0.637460 0.406239 0.628077 0.430118 0.620371 0.439633 0.602468 0.431662 0.616558 0.414263 0.620371 0.439633 0.618456 0.451727 0.598965 0.453775 0.598965 0.453775 0.602468 0.431662 0.620371 0.439633 0.618456 0.451727 0.622844 0.463158 0.606989 0.474677 0.598965 0.453775 0.622844 0.463158 0.632360 0.470864 0.624389 0.488767 0.624389 0.488767 0.606989 0.474677 0.622844 0.463158 0.632360 0.470864 0.644453 0.472779 0.646501 0.492269 0.646501 0.492269 0.624389 0.488767 0.632360 0.470864 0.644453 0.472779 0.655884 0.468391 0.667403 0.484246 0.646501 0.492269 
						0.655884 0.468391 0.663590 0.458875 0.681493 0.466846 0.667403 0.484246 0.663590 0.458875 0.665505 0.446782 0.684995 0.444733 0.681493 0.466846 0.665505 0.446782 0.661117 0.435351 0.676972 0.423832 0.684995 0.444733 0.661117 0.435351 0.651601 0.427645 0.659572 0.409742 0.676972 0.423832 0.651601 0.427645 0.661117 0.435351 0.665505 0.446782 0.663590 0.458875 0.655884 0.468391 0.644453 0.472779 0.632360 0.470864 0.622844 0.463158 0.618456 0.451727 0.620371 0.439633 0.628077 0.430118 0.639508 0.425729 0.283029 0.921842 0.283029 0.905993 0.484519 0.905993 0.484519 0.921842 0.283029 0.905993 0.283029 0.884345 0.484519 0.884345 0.484519 0.905993 0.283029 0.884345 0.283029 0.862696 0.484519 0.862696 0.484519 0.884345 0.067192 0.837800 0.067192 0.821625 0.272833 0.821625 0.272833 0.837800 0.067192 0.821625 0.067192 0.799531 0.272833 0.799531 0.272833 0.821625 0.067192 0.799531 0.067192 0.777436 0.272833 0.777436 0.272833 0.799531 0.067192 0.777436 0.067192 0.761261 0.272833 0.761261 0.272833 0.777436 0.637460 0.406239 0.659572 0.409742 0.651601 0.427645 0.639508 0.425729 0.047816 0.870584 0.049363 0.848461 0.255266 0.862859 0.253719 0.884982 
						0.023423 0.868879 0.024385 0.855127 0.036947 0.850747 0.036947 0.850747 0.035620 0.869731 0.023423 0.868879 0.687293 0.581317 0.686569 0.596911 0.675042 0.600448 0.675042 0.600448 0.675790 0.578678 0.687293 0.581317 0.259159 0.896184 0.259159 0.884345 0.271094 0.884345 0.271094 0.884345 0.271094 0.901089 0.259159 0.896184 0.259159 0.884345 0.259159 0.872505 0.271094 0.867601 0.271094 0.867601 0.271094 0.884345 0.259159 0.884345 0.706834 0.616480 0.722394 0.615213 0.725432 0.626616 0.725432 0.626616 0.703702 0.628124 0.706834 0.616480 0.042830 0.813264 0.042830 0.799531 0.055011 0.799531 0.055011 0.799531 0.055011 0.818490 0.042830 0.813264 0.042830 0.799531 0.042830 0.785798 0.055011 0.780571 0.055011 0.780571 0.055011 0.799531 0.042830 0.799531 0.774042 0.650845 0.774765 0.635251 0.786293 0.631714 0.786293 0.631714 0.785544 0.653484 0.774042 0.650845 0.573607 0.286668 0.574450 0.274604 0.586612 0.275455 0.586612 0.275455 0.585419 0.292517 0.573607 0.286668 0.033321 0.902612 0.034292 0.888715 0.046269 0.892707 0.046269 0.892707 0.045137 0.908902 0.033321 0.902612 0.022462 0.882629 0.023423 0.868879 0.035620 0.869731 0.035620 0.869731 
						0.034292 0.888715 0.022462 0.882629 0.598773 0.276305 0.645810 0.279594 0.645204 0.284688 0.597231 0.298365 0.672957 0.286629 0.756152 0.292447 0.759252 0.292331 0.761096 0.287656 0.804082 0.290662 0.802540 0.312721 0.759124 0.292654 0.759252 0.292331 0.802540 0.312721 0.756152 0.292447 0.759124 0.292654 0.802540 0.312721 0.598773 0.276305 0.600316 0.254246 0.805625 0.268602 0.804082 0.290662 0.761096 0.287656 0.761598 0.287404 0.804082 0.290662 0.761598 0.287404 0.649244 0.279548 0.649244 0.279548 0.645582 0.279292 0.645582 0.279292 0.598773 0.276305 0.645582 0.279292 0.645810 0.279594 
					</float_array>
					<technique_common>
						<accessor count="353" offset="0" source="#meshId13-tex0-array" stride="2">
							<param name="S" type="float" />
							<param name="T" type="float" />
						</accessor>
					</technique_common>
				</source>
				<vertices id="meshId13-vertices">
					<input semantic="POSITION" source="#meshId13-positions" />
				</vertices>
				<polylist count="142" material="defaultMaterial">
					<input offset="0" semantic="VERTEX" source="#meshId13-vertices" />
					<input offset="0" semantic="NORMAL" source="#meshId13-normals" />
					<input offset="0" semantic="TANGENT" source="#meshId13-tangents" />
					<input offset="0" semantic="BINORMAL" source="#meshId13-bitangents" />
					<input offset="0" semantic="TEXCOORD" source="#meshId13-tex0" set="0" />
					<vcount>
						3 3 3 3 3 3 3 3 3 3 3 3 3 3 3 3 3 3 3 3 3 3 3 3 3 3 3 3 3 3 3 3 3 3 3 3 3 3 3 3 3 3 3 3 3 3 3 3 3 3 3 3 3 3 3 3 3 3 3 3 3 3 3 3 
						3 3 3 3 3 3 3 3 3 3 3 3 3 3 3 3 3 3 3 3 3 3 3 3 3 3 3 3 3 3 3 3 3 3 3 3 3 3 3 3 3 3 3 3 3 3 3 3 3 3 3 3 3 3 3 3 3 3 3 3 3 3 3 3 
						3 3 3 3 3 3 3 3 3 3 3 3 3 3 
					</vcount>
					<p>
						0 1 2 3 4 5 6 7 8 9 10 11 12 13 14 15 16 17 18 19 20 21 22 23 24 25 26 27 28 29 30 31 32 33 34 35 36 37 38 39 40 41 42 43 44 45 46 47 48 49 50 51 52 53 54 55 56 57 58 59 60 61 62 63 64 65 66 67 68 69 70 71 72 73 74 75 76 77 78 79 80 81 82 83 84 85 86 87 88 89 90 91 92 93 94 95 96 97 98 99 100 101 102 103 104 105 106 107 108 109 110 111 112 113 114 115 116 117 118 119 120 121 122 123 124 125 126 127 128 129 130 131 132 133 134 135 136 137 138 139 140 141 142 143 144 145 146 147 148 149 150 151 152 152 153 150 154 155 156 156 157 154 158 159 160 160 161 158 162 163 164 164 165 162 166 167 168 169 170 171 172 173 174 174 175 172 176 177 178 179 180 181 
						182 183 184 185 186 187 188 189 190 190 191 188 192 193 194 194 195 192 196 197 198 198 199 196 200 201 202 202 203 200 204 205 206 206 207 204 208 209 210 210 211 212 208 210 212 212 213 214 214 215 216 212 214 216 208 212 216 216 217 218 208 216 218 208 218 219 220 221 222 222 223 220 224 225 226 226 227 224 228 229 230 230 231 228 232 233 234 234 235 232 236 237 238 238 239 236 240 241 242 242 243 240 244 245 246 246 247 244 248 249 250 250 251 248 252 253 254 254 255 252 256 257 258 259 260 261 262 263 264 265 266 267 268 269 270 271 272 273 274 275 276 277 278 279 280 281 282 283 284 285 286 287 288 289 290 291 292 293 294 295 296 297 298 299 300 301 302 303 304 305 306 307 308 309 310 311 312 313 314 315 316 317 318 319 320 321 322 323 324 325 322 324 
						325 324 326 325 326 327 328 329 330 328 330 331 332 333 334 335 336 337 325 327 331 338 339 340 341 342 343 340 344 345 340 345 346 340 347 348 338 340 349 350 351 352 
					</p>
				</polylist>
			</mesh>
		</geometry>
		<geometry id="meshId14" name="meshId14_name" >
			<mesh>
				<source id="meshId14-positions" name="meshId14-positions">
					<float_array id="meshId14-positions-array" count="717"> 
						1.482188 -12.303491 115.020294 2.567264 -11.218402 115.020294 1.748595 -10.745746 115.020294 1.009527 -11.484826 115.020294 1.482172 -12.303502 108.577248 2.567258 -11.218415 108.577248 2.567264 -11.218402 115.020294 1.482188 -12.303491 115.020294 2.567258 -11.218415 108.577248 2.964422 -9.736215 108.577248 2.964422 -9.736173 115.020294 2.567264 -11.218402 115.020294 2.964422 -9.736215 108.577248 2.567296 -8.254075 108.577248 2.567267 -8.254024 115.020294 2.567267 -8.254024 115.020294 2.964422 -9.736173 115.020294 2.964422 -9.736215 108.577248 2.567296 -8.254075 108.577248 1.482211 -7.168973 108.577248 1.482197 -7.168965 115.020294 1.482197 -7.168965 115.020294 2.567267 -8.254024 115.020294 2.567296 -8.254075 108.577248 1.482211 -7.168973 108.577248 0.000003 -6.771813 108.577248 0.000005 -6.771811 115.020271 1.482197 -7.168965 115.020294 0.000003 -6.771813 108.577248 -1.482185 -7.168962 108.577248 -1.482182 -7.168960 115.020294 0.000005 -6.771811 115.020271 -1.482185 -7.168962 108.577248 -2.567248 -8.254031 108.577248 -2.567241 -8.254014 115.020294 -1.482182 -7.168960 115.020294 -2.567277 -11.218421 108.577248 -1.482208 -12.303479 108.577248 -1.482246 -12.303454 115.020294 -1.482246 -12.303454 115.020294 -2.567299 -11.218381 115.020294 -2.567277 -11.218421 108.577248 -1.482208 -12.303479 108.577248 0.000037 -12.700644 108.577248 0.000004 -12.700643 115.020294 0.000004 -12.700643 115.020294 -1.482246 -12.303454 115.020294 -1.482208 -12.303479 108.577248 0.000037 -12.700644 108.577248 1.482172 -12.303502 108.577248 1.482188 -12.303491 115.020294 0.000004 -12.700643 115.020294 -1.009570 -11.484799 108.577248 0.000010 -11.755326 108.577248 0.000037 -12.700644 108.577248 -1.482208 -12.303479 108.577248 1.009528 -11.484828 108.577248 1.482172 -12.303502 108.577248 0.000010 -11.755326 108.577248 0.000010 -11.755330 107.893990 1.009529 -11.484832 107.893990 1.009529 -11.484832 107.893990 1.009528 -11.484828 108.577248 0.000010 -11.755326 108.577248 
						0.000010 -11.755330 107.893990 0.000010 -11.755326 108.577248 -1.009570 -11.484799 108.577248 -1.009570 -11.484799 108.577248 -1.009569 -11.484803 107.893990 0.000010 -11.755330 107.893990 -1.748617 -10.745753 108.577248 -1.748616 -10.745753 107.893990 -1.009569 -11.484803 107.893990 -1.009569 -11.484803 107.893990 -1.009570 -11.484799 108.577248 -1.748617 -10.745753 108.577248 -2.019103 -9.736268 108.577248 -2.019103 -9.736270 107.893990 -1.748616 -10.745753 107.893990 -1.748617 -10.745753 108.577248 -2.567277 -11.218421 108.577248 -2.964417 -9.736264 108.577248 -2.019103 -9.736268 108.577248 -1.748617 -10.745753 108.577248 -1.748576 -8.726678 108.577248 -1.748576 -8.726678 107.893990 -2.019103 -9.736270 107.893990 -2.019103 -9.736270 107.893990 -2.019103 -9.736268 108.577248 -1.748576 -8.726678 108.577248 -2.567248 -8.254031 108.577248 -1.748576 -8.726678 108.577248 -1.009517 -7.987622 108.577248 -1.009516 -7.987626 107.893990 -1.748576 -8.726678 107.893990 -1.748576 -8.726678 108.577248 -1.482185 -7.168962 108.577248 -1.009517 -7.987622 108.577248 -0.000002 -7.717130 108.577248 -0.000002 -7.717130 107.893990 -1.009516 -7.987626 107.893990 -1.009517 -7.987622 108.577248 0.000003 -6.771813 108.577248 -0.000002 -7.717130 108.577248 1.009538 -7.987632 108.577248 1.009538 -7.987632 107.893990 -0.000002 -7.717130 107.893990 -0.000002 -7.717130 108.577248 1.482211 -7.168973 108.577248 1.009538 -7.987632 108.577248 1.748615 -8.726708 108.577248 1.748616 -8.726710 107.893990 1.009538 -7.987632 107.893990 1.009538 -7.987632 107.893990 1.009538 -7.987632 108.577248 1.748615 -8.726708 108.577248 2.567296 -8.254075 108.577248 1.748615 -8.726708 108.577248 2.019107 -9.736190 108.577248 2.019107 -9.736192 107.893990 1.748616 -8.726710 107.893990 1.748616 -8.726710 107.893990 1.748615 -8.726708 108.577248 2.019107 -9.736190 108.577248 2.964422 -9.736215 108.577248 2.019107 -9.736190 108.577248 1.748596 -10.745748 108.577248 1.748597 -10.745749 107.893990 
						2.019107 -9.736192 107.893990 2.019107 -9.736192 107.893990 2.019107 -9.736190 108.577248 1.748596 -10.745748 108.577248 2.567258 -11.218415 108.577248 1.748596 -10.745748 108.577248 1.009528 -11.484828 108.577248 1.009529 -11.484832 107.893990 1.748597 -10.745749 107.893990 1.748596 -10.745748 108.577248 0.000009 -11.755326 115.020294 -1.009570 -11.484797 115.020294 -1.482246 -12.303454 115.020294 0.000004 -12.700643 115.020294 -1.748617 -10.745749 115.020294 -2.567299 -11.218381 115.020294 -2.019103 -9.736268 115.020294 -2.964418 -9.736247 115.020294 -1.748576 -8.726676 115.020294 -2.567241 -8.254014 115.020294 -1.009517 -7.987620 115.020294 -1.482182 -7.168960 115.020294 -1.009517 -7.987620 115.020294 -0.000003 -7.717128 115.020271 0.000005 -6.771811 115.020271 0.000005 -6.771811 115.020271 -1.482182 -7.168960 115.020294 -1.009517 -7.987620 115.020294 -0.000003 -7.717128 115.020271 1.009537 -7.987630 115.020294 1.482197 -7.168965 115.020294 1.482197 -7.168965 115.020294 0.000005 -6.771811 115.020271 -0.000003 -7.717128 115.020271 1.009537 -7.987630 115.020294 1.748614 -8.726708 115.020294 2.567267 -8.254024 115.020294 1.482197 -7.168965 115.020294 2.019106 -9.736190 115.020294 2.964422 -9.736173 115.020294 -2.854213 -9.324971 113.232513 -2.964418 -9.736251 113.366150 -2.964418 -9.736247 115.020294 -2.567241 -8.254014 115.020294 -2.964417 -9.736264 108.577248 -2.964417 -9.736259 110.435478 -2.865401 -9.366731 110.555542 -2.736014 -8.883861 110.712433 -2.567248 -8.254031 108.577248 -2.736014 -8.883861 110.712433 -2.567248 -8.254031 108.577248 -2.736014 -8.883861 110.712433 -2.707801 -8.778569 110.857361 -2.707801 -8.778569 110.857361 -2.650019 -8.562930 111.154167 -2.593028 -8.350245 111.446892 -2.567248 -8.254031 108.577248 -2.593028 -8.350245 111.446892 -2.593028 -8.350245 112.031494 -2.567248 -8.254031 108.577248 -2.593028 -8.350245 112.031494 -2.593028 -8.350245 112.354736 -2.567248 -8.254031 108.577248 -2.593028 -8.350245 112.354736 
						-2.593028 -8.350245 112.354736 -2.676228 -8.660743 112.782089 -2.736014 -8.883861 113.089188 -2.567241 -8.254014 115.020294 -2.736014 -8.883861 113.089188 -2.842019 -9.279462 113.217735 -2.854213 -9.324971 113.232513 -2.567241 -8.254014 115.020294 -2.842019 -9.279462 113.217735 -2.964418 -9.736247 115.020294 -2.964418 -9.736251 113.366150 -2.961466 -9.747270 113.369736 -2.964418 -9.736247 115.020294 -2.961466 -9.747270 113.369736 -2.858275 -10.132398 113.244591 -2.730127 -10.610677 113.089188 -2.567299 -11.218381 115.020294 -2.964418 -9.736247 115.020294 -2.730127 -10.610677 113.089188 -2.567299 -11.218381 115.020294 -2.696857 -10.734849 112.918289 -2.567299 -11.218381 115.020294 -2.696857 -10.734849 112.918289 -2.643432 -10.934232 112.643852 -2.587147 -11.144294 112.354736 -2.567299 -11.218381 115.020294 -2.587147 -11.144294 112.354736 -2.587145 -11.144294 111.766151 -2.567299 -11.218381 115.020294 -2.587145 -11.144294 111.766151 -2.587145 -11.144294 111.446892 -2.567277 -11.218421 108.577248 -2.587145 -11.144294 111.446892 -2.670908 -10.831677 111.016617 -2.567277 -11.218421 108.577248 -2.730124 -10.610677 110.712433 -2.836992 -10.211839 110.582855 -2.836992 -10.211839 110.582855 -2.841110 -10.196469 110.577866 -2.964417 -9.736264 108.577248 -2.841110 -10.196469 110.577866 -2.964417 -9.736264 108.577248 -2.841110 -10.196469 110.577866 -2.961467 -9.747270 110.431892 -2.964417 -9.736264 108.577248 -2.961467 -9.747270 110.431892 -2.964417 -9.736259 110.435478 
					</float_array>
					<technique_common>
						<accessor count="239" offset="0" source="#meshId14-positions-array" stride="3">
							<param name="X" type="float" />
							<param name="Y" type="float" />
							<param name="Z" type="float" />
						</accessor>
					</technique_common>
				</source>
				<source id="meshId14-normals" name="meshId14-normals">
					<float_array id="meshId14-normals-array" count="717"> 
						0.000000 0.000000 1.000000 0.000000 0.000000 1.000000 0.000000 0.000000 1.000000 0.000000 0.000000 1.000000 0.707108 -0.707106 0.000001 0.707108 -0.707106 0.000001 0.707108 -0.707106 0.000001 0.707112 -0.707102 -0.000001 0.965924 -0.258825 0.000002 0.965924 -0.258825 0.000002 0.965924 -0.258825 0.000002 0.965927 -0.258817 -0.000000 0.965928 0.258812 0.000002 0.965928 0.258812 0.000002 0.965928 0.258812 0.000002 0.965924 0.258828 -0.000002 0.965924 0.258828 -0.000002 0.965924 0.258828 -0.000002 0.707112 0.707101 0.000001 0.707112 0.707101 0.000001 0.707112 0.707101 0.000001 0.707104 0.707110 -0.000002 0.707104 0.707110 -0.000002 0.707104 0.707110 -0.000002 0.258821 0.965925 -0.000000 0.258821 0.965925 -0.000000 0.258821 0.965925 -0.000000 0.258819 0.965926 -0.000001 -0.258817 0.965926 -0.000000 -0.258817 0.965926 -0.000000 -0.258817 0.965926 -0.000000 -0.258816 0.965927 -0.000000 -0.707109 0.707105 -0.000001 -0.707109 0.707105 -0.000001 -0.707109 0.707105 -0.000001 -0.707106 0.707108 -0.000000 -0.707103 -0.707110 -0.000002 -0.707103 -0.707110 -0.000002 -0.707103 -0.707110 -0.000002 -0.707113 -0.707100 0.000002 -0.707113 -0.707100 0.000002 -0.707113 -0.707100 0.000002 -0.258818 -0.965926 -0.000001 -0.258818 -0.965926 -0.000001 -0.258818 -0.965926 -0.000001 -0.258832 -0.965922 0.000002 -0.258832 -0.965923 0.000002 -0.258832 -0.965923 0.000002 0.258821 -0.965925 0.000001 0.258821 -0.965925 0.000001 0.258821 -0.965925 0.000001 0.258820 -0.965926 0.000001 0.000000 0.000000 -1.000000 0.000000 0.000000 -1.000000 0.000000 0.000000 -1.000000 0.000000 0.000000 -1.000000 0.000000 0.000000 -1.000000 0.000000 0.000000 -1.000000 0.258818 -0.965926 0.000003 0.258818 -0.965926 0.000003 0.258818 -0.965926 0.000003 0.258818 -0.965926 0.000003 0.258818 -0.965926 0.000003 0.258818 -0.965926 0.000003 
						-0.258829 -0.965923 0.000003 -0.258829 -0.965923 0.000003 -0.258829 -0.965923 0.000003 -0.258829 -0.965923 0.000003 -0.258829 -0.965923 0.000003 -0.258829 -0.965923 0.000003 -0.707108 -0.707105 -0.000000 -0.707108 -0.707105 -0.000000 -0.707108 -0.707105 -0.000000 -0.707107 -0.707106 0.000002 -0.707107 -0.707106 0.000002 -0.707107 -0.707106 0.000002 -0.965927 -0.258816 0.000001 -0.965927 -0.258816 0.000001 -0.965927 -0.258816 0.000001 -0.965927 -0.258815 -0.000001 0.000000 0.000000 -1.000000 0.000000 0.000000 -1.000000 0.000000 0.000000 -1.000000 0.000000 0.000000 -1.000000 -0.965924 0.258826 -0.000001 -0.965924 0.258826 -0.000001 -0.965924 0.258826 -0.000001 -0.965924 0.258826 -0.000001 -0.965924 0.258826 -0.000001 -0.965924 0.258826 -0.000001 0.000000 0.000000 -1.000000 0.000000 0.000000 -1.000000 -0.707104 0.707109 -0.000002 -0.707104 0.707109 -0.000002 -0.707104 0.707109 -0.000002 -0.707105 0.707108 -0.000000 0.000000 0.000000 -1.000000 0.000000 0.000000 -1.000000 -0.258816 0.965927 -0.000000 -0.258816 0.965927 -0.000000 -0.258816 0.965927 -0.000000 -0.258815 0.965927 -0.000002 0.000000 0.000000 -1.000000 0.000000 0.000000 -1.000000 0.258816 0.965927 0.000000 0.258816 0.965927 0.000000 0.258816 0.965927 0.000000 0.258816 0.965927 0.000000 0.000000 0.000000 -1.000000 0.000000 0.000000 -1.000000 0.707107 0.707107 0.000000 0.707107 0.707107 0.000000 0.707107 0.707107 0.000000 0.707107 0.707107 0.000001 0.707107 0.707107 0.000001 0.707107 0.707107 0.000001 0.000000 0.000000 -1.000000 0.000000 0.000000 -1.000000 0.965925 0.258821 0.000000 0.965925 0.258821 0.000000 0.965925 0.258821 0.000000 0.965925 0.258821 0.000001 0.965925 0.258821 0.000001 0.965925 0.258821 0.000001 0.000000 0.000000 -1.000000 0.000000 0.000000 -1.000000 0.965926 -0.258819 0.000002 0.965926 -0.258819 0.000002 
						0.965926 -0.258819 0.000002 0.965926 -0.258820 0.000001 0.965926 -0.258820 0.000001 0.965926 -0.258820 0.000001 0.000000 0.000000 -1.000000 0.000000 0.000000 -1.000000 0.707113 -0.707101 0.000003 0.707113 -0.707101 0.000003 0.707113 -0.707101 0.000003 0.707113 -0.707101 0.000003 0.000000 0.000000 1.000000 0.000000 0.000000 1.000000 0.000000 0.000000 1.000000 0.000000 0.000000 1.000000 0.000000 0.000000 1.000000 0.000000 0.000000 1.000000 0.000000 0.000000 1.000000 0.000000 0.000000 1.000000 0.000000 0.000000 1.000000 0.000000 0.000000 1.000000 0.000000 0.000000 1.000000 0.000000 0.000000 1.000000 0.000030 -0.000000 1.000000 0.000030 -0.000000 1.000000 0.000030 -0.000000 1.000000 0.000018 0.000010 1.000000 0.000018 0.000010 1.000000 0.000018 0.000010 1.000000 -0.000026 0.000015 1.000000 -0.000026 0.000015 1.000000 -0.000026 0.000015 1.000000 -0.000021 0.000000 1.000000 -0.000021 0.000000 1.000000 -0.000021 0.000000 1.000000 0.000000 0.000000 1.000000 0.000000 0.000000 1.000000 0.000000 0.000000 1.000000 0.000000 0.000000 1.000000 0.000000 0.000000 1.000000 0.000000 0.000000 1.000000 -0.965925 0.258823 -0.000001 -0.965925 0.258823 -0.000001 -0.965925 0.258823 -0.000001 -0.965924 0.258827 0.000000 -0.965925 0.258824 -0.000001 -0.965925 0.258823 -0.000001 -0.965925 0.258823 -0.000001 -0.965925 0.258823 -0.000000 -0.965925 0.258823 -0.000001 -0.965925 0.258823 -0.000001 -0.965925 0.258822 -0.000001 -0.965925 0.258822 -0.000001 -0.965925 0.258822 -0.000001 -0.965923 0.258828 0.000001 -0.965923 0.258828 0.000001 -0.965924 0.258828 0.000001 -0.965924 0.258825 0.000000 -0.965924 0.258825 0.000000 -0.965924 0.258825 0.000000 -0.965928 0.258811 0.000000 -0.965928 0.258811 0.000000 -0.965928 0.258811 0.000000 -0.965923 0.258828 0.000000 -0.965923 0.258828 0.000000 
						-0.965924 0.258828 0.000000 -0.965924 0.258828 0.000000 -0.965924 0.258827 0.000001 -0.965924 0.258828 0.000000 -0.965924 0.258828 0.000000 -0.965924 0.258828 0.000000 -0.965924 0.258828 0.000000 -0.965924 0.258828 0.000000 -0.965924 0.258828 0.000000 -0.965928 -0.258811 0.000001 -0.965928 -0.258811 0.000001 -0.965928 -0.258811 0.000001 -0.965929 -0.258808 0.000001 -0.965929 -0.258808 0.000001 -0.965929 -0.258808 0.000001 -0.965929 -0.258808 0.000001 -0.965929 -0.258808 0.000001 -0.965929 -0.258808 0.000001 -0.965929 -0.258808 0.000001 -0.965929 -0.258809 0.000000 -0.965929 -0.258809 0.000000 -0.965926 -0.258817 -0.000002 -0.965926 -0.258817 -0.000002 -0.965926 -0.258817 -0.000002 -0.965926 -0.258817 -0.000002 -0.965924 -0.258825 -0.000002 -0.965924 -0.258825 -0.000002 -0.965924 -0.258825 -0.000002 -0.965930 -0.258803 -0.000001 -0.965930 -0.258803 -0.000001 -0.965930 -0.258803 -0.000001 -0.965926 -0.258818 -0.000002 -0.965926 -0.258818 -0.000002 -0.965926 -0.258817 -0.000002 -0.965926 -0.258818 -0.000002 -0.965926 -0.258818 -0.000002 -0.965926 -0.258817 -0.000002 -0.965926 -0.258820 -0.000000 -0.965926 -0.258820 -0.000000 -0.965926 -0.258818 -0.000002 -0.965926 -0.258818 -0.000002 -0.965929 -0.258808 0.000001 -0.965929 -0.258808 0.000001 -0.965929 -0.258808 0.000001 -0.965930 -0.258802 0.000001 -0.965930 -0.258802 0.000001 -0.965930 -0.258802 0.000001 
					</float_array>
					<technique_common>
						<accessor count="239" offset="0" source="#meshId14-normals-array" stride="3">
							<param name="X" type="float" />
							<param name="Y" type="float" />
							<param name="Z" type="float" />
						</accessor>
					</technique_common>
				</source>
				<source id="meshId14-tangents" name="meshId14-tangents">
					<float_array id="meshId14-tangents-array" count="717"> 
						0.719325 -0.694674 0.000000 0.719335 -0.694664 -0.000000 0.719334 -0.694664 -0.000000 0.719325 -0.694674 0.000000 0.000001 0.000000 -1.000000 0.000001 0.000000 -1.000000 0.000001 0.000000 -1.000000 -0.000001 0.000000 -1.000000 0.000002 0.000000 -1.000000 0.000002 0.000000 -1.000000 0.000002 0.000000 -1.000000 -0.000000 0.000000 -1.000000 0.000002 -0.000000 -1.000000 0.000002 -0.000000 -1.000000 0.000002 -0.000000 -1.000000 -0.000002 0.000000 -1.000000 -0.000002 0.000000 -1.000000 -0.000002 0.000000 -1.000000 0.000001 0.000000 -1.000000 0.000001 0.000000 -1.000000 0.000001 0.000000 -1.000000 -0.000003 -0.000000 -1.000000 -0.000003 -0.000000 -1.000000 -0.000003 -0.000000 -1.000000 0.000002 -0.000001 -1.000000 0.000002 -0.000001 -1.000000 0.000002 -0.000001 -1.000000 0.000002 -0.000001 -1.000000 -0.000000 -0.000000 -1.000000 -0.000000 -0.000000 -1.000000 -0.000000 -0.000000 -1.000000 0.000002 0.000000 -1.000000 0.069590 0.069589 -0.995145 0.069590 0.069589 -0.995145 0.069590 0.069589 -0.995145 0.069588 0.069587 -0.995146 -0.069587 0.069589 -0.995146 -0.069587 0.069589 -0.995146 -0.069587 0.069589 -0.995146 -0.069589 0.069588 -0.995146 -0.069589 0.069588 -0.995146 -0.069589 0.069588 -0.995146 -0.069748 0.018690 -0.997390 -0.069748 0.018690 -0.997390 -0.069748 0.018690 -0.997390 -0.069747 0.018688 -0.997390 -0.069747 0.018688 -0.997390 -0.069747 0.018688 -0.997390 -0.069744 -0.018689 -0.997390 -0.069744 -0.018689 -0.997390 -0.069744 -0.018689 -0.997390 -0.069747 -0.018690 -0.997390 -0.406741 0.913544 0.000000 -0.406755 0.913537 0.000000 -0.406753 0.913538 0.000000 -0.406740 0.913544 -0.000000 -0.406761 0.913535 0.000000 -0.406764 0.913533 0.000000 -0.069724 -0.018685 -0.997391 -0.069724 -0.018685 -0.997391 -0.069724 -0.018685 -0.997391 -0.069768 -0.018697 -0.997388 -0.069768 -0.018697 -0.997388 -0.069768 -0.018697 -0.997388 
						-0.069723 0.018680 -0.997392 -0.069723 0.018680 -0.997392 -0.069723 0.018680 -0.997392 -0.069746 0.018687 -0.997390 -0.069746 0.018687 -0.997390 -0.069746 0.018687 -0.997390 -0.069584 0.069585 -0.995146 -0.069584 0.069585 -0.995146 -0.069584 0.069585 -0.995146 -0.069597 0.069595 -0.995145 -0.069597 0.069595 -0.995145 -0.069597 0.069595 -0.995145 -0.018688 0.069742 -0.997390 -0.018688 0.069742 -0.997390 -0.018688 0.069742 -0.997390 -0.018687 0.069745 -0.997390 -0.406738 0.913545 0.000000 -0.406731 0.913548 0.000000 -0.406728 0.913549 -0.000000 -0.406741 0.913543 -0.000000 0.018686 0.069731 -0.997391 0.018686 0.069731 -0.997391 0.018686 0.069731 -0.997391 0.018689 0.069742 -0.997390 0.018689 0.069742 -0.997390 0.018689 0.069742 -0.997390 -0.406743 0.913543 -0.000000 -0.406738 0.913545 0.000000 -0.000001 -0.000003 -1.000000 -0.000001 -0.000003 -1.000000 -0.000001 -0.000003 -1.000000 0.000000 -0.000000 -1.000000 -0.406746 0.913541 0.000000 -0.406743 0.913543 -0.000000 0.000000 -0.000000 -1.000000 0.000000 -0.000000 -1.000000 0.000000 -0.000000 -1.000000 -0.000000 -0.000002 -1.000000 -0.406746 0.913541 0.000000 -0.406746 0.913541 0.000000 0.000001 -0.000000 -1.000000 0.000001 -0.000000 -1.000000 0.000001 -0.000000 -1.000000 0.000001 -0.000000 -1.000000 -0.406734 0.913547 0.000000 -0.406736 0.913546 -0.000000 -0.000019 0.000019 -1.000000 -0.000019 0.000019 -1.000000 -0.000019 0.000019 -1.000000 0.000001 -0.000000 -1.000000 0.000001 -0.000000 -1.000000 0.000001 -0.000000 -1.000000 -0.406734 0.913547 0.000000 -0.406734 0.913547 0.000000 -0.000002 0.000010 -1.000000 -0.000002 0.000010 -1.000000 -0.000002 0.000010 -1.000000 0.000002 -0.000002 -1.000000 0.000002 -0.000002 -1.000000 0.000002 -0.000002 -1.000000 -0.406740 0.913544 0.000000 -0.406738 0.913545 0.000000 0.000001 -0.000004 -1.000000 0.000001 -0.000004 -1.000000 
						0.000001 -0.000004 -1.000000 0.000004 0.000010 -1.000000 0.000004 0.000010 -1.000000 0.000004 0.000010 -1.000000 -0.406748 0.913540 0.000000 -0.406739 0.913544 -0.000000 0.000000 -0.000004 -1.000000 0.000000 -0.000004 -1.000000 0.000000 -0.000004 -1.000000 0.000001 -0.000004 -1.000000 0.719340 -0.694658 0.000000 0.719347 -0.694651 0.000000 0.719342 -0.694656 0.000000 0.719333 -0.694665 0.000000 0.719340 -0.694658 0.000000 0.719339 -0.694659 0.000000 0.719340 -0.694658 -0.000000 0.719340 -0.694659 0.000000 0.719347 -0.694651 0.000000 0.719349 -0.694649 0.000000 0.719330 -0.694669 0.000000 0.719340 -0.694658 0.000000 0.719357 -0.694640 -0.000022 0.719357 -0.694640 -0.000022 0.719357 -0.694640 -0.000022 0.719332 -0.694667 -0.000006 0.719332 -0.694667 -0.000006 0.719332 -0.694667 -0.000006 0.719345 -0.694653 0.000029 0.719345 -0.694653 0.000029 0.719345 -0.694653 0.000029 0.719347 -0.694651 0.000015 0.719347 -0.694651 0.000015 0.719347 -0.694651 0.000015 0.719336 -0.694662 -0.000000 0.719334 -0.694664 -0.000000 0.719337 -0.694661 0.000000 0.719341 -0.694658 0.000000 0.719338 -0.694660 0.000000 0.719336 -0.694662 0.000000 0.018690 0.069749 -0.997389 0.018690 0.069749 -0.997389 0.018690 0.069749 -0.997389 0.018689 0.069748 -0.997390 0.018689 0.069743 -0.997390 0.018689 0.069743 -0.997390 0.018689 0.069743 -0.997390 0.018688 0.069740 -0.997390 0.018691 0.069752 -0.997389 0.018691 0.069752 -0.997389 0.018683 0.069721 -0.997392 0.018683 0.069721 -0.997392 0.018683 0.069721 -0.997392 0.018690 0.069751 -0.997389 0.018690 0.069751 -0.997389 0.018690 0.069750 -0.997389 0.018694 0.069767 -0.997388 0.018694 0.069767 -0.997388 0.018694 0.069767 -0.997388 0.018705 0.069810 -0.997385 0.018705 0.069810 -0.997385 0.018705 0.069810 -0.997385 0.018687 0.069740 -0.997390 0.018687 0.069740 -0.997390 
						0.018690 0.069753 -0.997389 0.018690 0.069753 -0.997389 0.018690 0.069753 -0.997389 0.018685 0.069731 -0.997391 0.018685 0.069731 -0.997391 0.018685 0.069731 -0.997391 0.018697 0.069776 -0.997388 0.018697 0.069776 -0.997388 0.018697 0.069776 -0.997387 -0.018694 0.069765 -0.997388 -0.018694 0.069765 -0.997388 -0.018694 0.069765 -0.997388 -0.018689 0.069749 -0.997389 -0.018689 0.069749 -0.997389 -0.018689 0.069749 -0.997389 -0.018690 0.069754 -0.997389 -0.018686 0.069739 -0.997390 -0.018686 0.069739 -0.997390 -0.018686 0.069739 -0.997390 -0.018690 0.069753 -0.997389 -0.018690 0.069753 -0.997389 -0.018684 0.069736 -0.997391 -0.018684 0.069736 -0.997391 -0.018684 0.069736 -0.997391 -0.018685 0.069740 -0.997390 -0.018678 0.069712 -0.997392 -0.018678 0.069712 -0.997392 -0.018678 0.069712 -0.997392 -0.018703 0.069812 -0.997385 -0.018703 0.069812 -0.997385 -0.018703 0.069812 -0.997385 -0.018684 0.069736 -0.997391 -0.018684 0.069736 -0.997391 -0.018686 0.069745 -0.997390 -0.018688 0.069752 -0.997389 -0.018688 0.069752 -0.997389 -0.018689 0.069757 -0.997389 -0.018684 0.069731 -0.997391 -0.018684 0.069731 -0.997391 -0.018686 0.069744 -0.997390 -0.018686 0.069744 -0.997390 -0.018688 0.069745 -0.997390 -0.018688 0.069745 -0.997390 -0.018688 0.069745 -0.997390 -0.018695 0.069772 -0.997388 -0.018695 0.069772 -0.997388 -0.018695 0.069772 -0.997388 
					</float_array>
					<technique_common>
						<accessor count="239" offset="0" source="#meshId14-tangents-array" stride="3">
							<param name="X" type="float" />
							<param name="Y" type="float" />
							<param name="Z" type="float" />
						</accessor>
					</technique_common>
				</source>
				<source id="meshId14-bitangents" name="meshId14-bitangents">
					<float_array id="meshId14-bitangents-array" count="717"> 
						0.694674 0.719325 0.000000 0.694664 0.719335 0.000000 0.694664 0.719334 0.000000 0.694674 0.719325 0.000000 0.707106 0.707108 0.000001 0.707106 0.707108 0.000001 0.707106 0.707108 0.000001 0.707102 0.707112 -0.000000 0.258825 0.965924 0.000001 0.258825 0.965924 0.000001 0.258825 0.965924 0.000001 0.258817 0.965927 0.000000 -0.258812 0.965928 -0.000001 -0.258812 0.965928 -0.000001 -0.258812 0.965928 -0.000001 -0.258828 0.965924 0.000001 -0.258828 0.965924 0.000001 -0.258828 0.965924 0.000001 -0.707101 0.707112 -0.000001 -0.707101 0.707112 -0.000001 -0.707101 0.707112 -0.000001 -0.707110 0.707104 0.000002 -0.707110 0.707104 0.000002 -0.707110 0.707104 0.000002 -0.965925 0.258821 -0.000002 -0.965925 0.258821 -0.000002 -0.965925 0.258821 -0.000002 -0.965926 0.258819 -0.000002 -0.965926 -0.258817 0.000000 -0.965926 -0.258817 0.000000 -0.965926 -0.258817 0.000000 -0.965927 -0.258816 -0.000002 -0.703672 -0.703676 -0.098415 -0.703672 -0.703676 -0.098415 -0.703672 -0.703676 -0.098415 -0.703675 -0.703674 -0.098412 0.703678 -0.703671 -0.098412 0.703678 -0.703671 -0.098412 0.703678 -0.703671 -0.098412 0.703668 -0.703681 -0.098413 0.703668 -0.703681 -0.098413 0.703668 -0.703681 -0.098413 0.963405 -0.258143 -0.072208 0.963405 -0.258143 -0.072208 0.963405 -0.258143 -0.072208 0.963401 -0.258156 -0.072207 0.963401 -0.258156 -0.072207 0.963401 -0.258156 -0.072207 0.963404 0.258146 -0.072205 0.963404 0.258146 -0.072205 0.963404 0.258146 -0.072205 0.963404 0.258144 -0.072207 0.913544 0.406741 0.000000 0.913537 0.406755 -0.000000 0.913538 0.406753 0.000000 0.913544 0.406740 -0.000000 0.913535 0.406761 0.000000 0.913533 0.406764 0.000000 0.963406 0.258142 -0.072184 0.963406 0.258143 -0.072184 0.963406 0.258142 -0.072184 0.963403 0.258142 -0.072230 0.963403 0.258142 -0.072230 0.963403 0.258142 -0.072230 
						0.963404 -0.258154 -0.072182 0.963404 -0.258154 -0.072182 0.963404 -0.258154 -0.072182 0.963402 -0.258153 -0.072206 0.963402 -0.258153 -0.072206 0.963402 -0.258153 -0.072206 0.703673 -0.703676 -0.098408 0.703673 -0.703676 -0.098408 0.703673 -0.703676 -0.098408 0.703673 -0.703674 -0.098424 0.703673 -0.703674 -0.098424 0.703673 -0.703674 -0.098424 0.258140 -0.963406 -0.072203 0.258140 -0.963406 -0.072203 0.258140 -0.963406 -0.072203 0.258139 -0.963406 -0.072205 0.913545 0.406738 0.000000 0.913548 0.406731 -0.000000 0.913549 0.406728 -0.000000 0.913543 0.406741 -0.000000 -0.258151 -0.963404 -0.072192 -0.258151 -0.963404 -0.072192 -0.258151 -0.963404 -0.072192 -0.258150 -0.963403 -0.072203 -0.258151 -0.963403 -0.072203 -0.258151 -0.963403 -0.072203 0.913543 0.406743 0.000000 0.913545 0.406738 0.000000 -0.707109 -0.707104 0.000003 -0.707109 -0.707104 0.000003 -0.707109 -0.707104 0.000003 -0.707108 -0.707105 -0.000000 0.913541 0.406746 0.000000 0.913543 0.406743 0.000000 -0.965927 -0.258816 -0.000000 -0.965927 -0.258816 -0.000000 -0.965927 -0.258816 -0.000000 -0.965927 -0.258815 0.000001 0.913541 0.406746 0.000000 0.913541 0.406746 -0.000000 -0.965927 0.258816 -0.000001 -0.965927 0.258816 -0.000001 -0.965927 0.258816 -0.000001 -0.965927 0.258816 -0.000001 0.913547 0.406734 0.000000 0.913546 0.406736 0.000000 -0.707107 0.707107 0.000026 -0.707107 0.707107 0.000026 -0.707107 0.707107 0.000026 -0.707107 0.707107 -0.000001 -0.707107 0.707107 -0.000001 -0.707107 0.707107 -0.000001 0.913547 0.406734 -0.000000 0.913547 0.406734 -0.000000 -0.258821 0.965925 0.000011 -0.258821 0.965925 0.000011 -0.258821 0.965925 0.000011 -0.258821 0.965925 -0.000003 -0.258821 0.965925 -0.000003 -0.258821 0.965925 -0.000003 0.913544 0.406740 0.000000 0.913545 0.406738 0.000000 0.258819 0.965926 -0.000004 0.258819 0.965926 -0.000004 
						0.258819 0.965926 -0.000004 0.258820 0.965926 0.000011 0.258820 0.965926 0.000011 0.258820 0.965926 0.000011 0.913540 0.406748 0.000000 0.913544 0.406739 0.000000 0.707101 0.707113 -0.000002 0.707101 0.707113 -0.000002 0.707101 0.707113 -0.000002 0.707101 0.707113 -0.000002 0.694658 0.719340 0.000000 0.694651 0.719347 0.000000 0.694656 0.719342 -0.000000 0.694665 0.719333 0.000000 0.694658 0.719340 0.000000 0.694659 0.719339 0.000000 0.694658 0.719340 -0.000000 0.694659 0.719340 0.000000 0.694651 0.719347 0.000000 0.694649 0.719349 0.000000 0.694669 0.719330 0.000000 0.694658 0.719340 0.000000 0.694640 0.719357 -0.000021 0.694640 0.719357 -0.000021 0.694640 0.719357 -0.000021 0.694667 0.719332 -0.000020 0.694667 0.719332 -0.000020 0.694667 0.719332 -0.000020 0.694653 0.719345 0.000007 0.694653 0.719345 0.000007 0.694653 0.719345 0.000007 0.694651 0.719347 0.000014 0.694651 0.719347 0.000014 0.694651 0.719347 0.000014 0.694662 0.719336 0.000000 0.694664 0.719334 0.000000 0.694661 0.719337 0.000000 0.694658 0.719341 0.000000 0.694660 0.719338 0.000000 0.694662 0.719336 0.000000 -0.258147 -0.963403 -0.072210 -0.258147 -0.963403 -0.072210 -0.258147 -0.963403 -0.072210 -0.258152 -0.963402 -0.072208 -0.258148 -0.963404 -0.072204 -0.258148 -0.963404 -0.072204 -0.258148 -0.963404 -0.072204 -0.258147 -0.963404 -0.072200 -0.258147 -0.963403 -0.072212 -0.258147 -0.963403 -0.072212 -0.258147 -0.963405 -0.072181 -0.258147 -0.963405 -0.072181 -0.258147 -0.963405 -0.072181 -0.258152 -0.963402 -0.072211 -0.258152 -0.963402 -0.072211 -0.258152 -0.963402 -0.072210 -0.258149 -0.963401 -0.072228 -0.258149 -0.963401 -0.072228 -0.258149 -0.963401 -0.072228 -0.258135 -0.963402 -0.072273 -0.258135 -0.963402 -0.072273 -0.258135 -0.963402 -0.072273 -0.258153 -0.963403 -0.072200 -0.258153 -0.963403 -0.072200 
						-0.258152 -0.963402 -0.072214 -0.258152 -0.963402 -0.072214 -0.258151 -0.963402 -0.072214 -0.258152 -0.963403 -0.072191 -0.258152 -0.963403 -0.072191 -0.258152 -0.963403 -0.072191 -0.258152 -0.963400 -0.072237 -0.258152 -0.963400 -0.072237 -0.258152 -0.963400 -0.072237 0.258135 -0.963405 -0.072227 0.258135 -0.963405 -0.072227 0.258135 -0.963405 -0.072227 0.258132 -0.963407 -0.072210 0.258132 -0.963407 -0.072210 0.258132 -0.963407 -0.072210 0.258132 -0.963407 -0.072215 0.258133 -0.963408 -0.072199 0.258133 -0.963408 -0.072199 0.258133 -0.963408 -0.072199 0.258133 -0.963407 -0.072214 0.258133 -0.963407 -0.072214 0.258142 -0.963406 -0.072196 0.258142 -0.963406 -0.072196 0.258142 -0.963406 -0.072196 0.258142 -0.963405 -0.072200 0.258150 -0.963405 -0.072171 0.258150 -0.963405 -0.072171 0.258150 -0.963405 -0.072171 0.258127 -0.963404 -0.072274 0.258127 -0.963404 -0.072274 0.258127 -0.963404 -0.072274 0.258142 -0.963406 -0.072196 0.258142 -0.963406 -0.072196 0.258142 -0.963405 -0.072205 0.258143 -0.963404 -0.072212 0.258143 -0.963404 -0.072212 0.258142 -0.963404 -0.072218 0.258145 -0.963405 -0.072191 0.258145 -0.963405 -0.072191 0.258142 -0.963405 -0.072204 0.258142 -0.963405 -0.072204 0.258132 -0.963408 -0.072205 0.258132 -0.963408 -0.072205 0.258132 -0.963408 -0.072205 0.258126 -0.963407 -0.072233 0.258126 -0.963407 -0.072233 0.258126 -0.963407 -0.072233 
					</float_array>
					<technique_common>
						<accessor count="239" offset="0" source="#meshId14-bitangents-array" stride="3">
							<param name="X" type="float" />
							<param name="Y" type="float" />
							<param name="Z" type="float" />
						</accessor>
					</technique_common>
				</source>
				<source id="meshId14-tex0" name="meshId14-tex0">
					<float_array id="meshId14-tex0-array" count="478"> 
						0.591674 0.531611 0.591853 0.541889 0.585709 0.540357 0.585587 0.533357 0.542090 0.157724 0.542090 0.165228 0.497531 0.165228 0.497531 0.157724 0.542090 0.165228 0.542090 0.175479 0.497531 0.175479 0.497531 0.165228 0.542090 0.175479 0.542090 0.185729 0.497531 0.185730 0.497531 0.185730 0.497531 0.175479 0.542090 0.175479 0.542090 0.185729 0.542090 0.193234 0.497531 0.193234 0.497531 0.193234 0.497531 0.185730 0.542090 0.185729 0.586619 0.183083 0.586619 0.193077 0.543176 0.193077 0.543176 0.183083 0.586619 0.193077 0.586619 0.203070 0.543176 0.203070 0.543176 0.193077 0.853874 0.728870 0.853350 0.736362 0.808862 0.733251 0.809386 0.725759 0.851919 0.756831 0.851395 0.764323 0.806907 0.761212 0.806907 0.761212 0.807431 0.753719 0.851919 0.756831 0.785705 0.662857 0.785008 0.672827 0.741671 0.669796 0.741671 0.669796 0.742369 0.659826 0.785705 0.662857 0.785008 0.672827 0.784311 0.682796 0.740974 0.679766 0.741671 0.669796 0.565118 0.455620 0.560712 0.461060 0.554928 0.458485 0.561396 0.450497 0.559617 0.467975 0.553320 0.468636 0.487869 0.073321 0.492530 0.073647 0.492049 0.080534 0.492049 0.080534 0.487387 0.080208 0.487869 0.073321 
						0.492530 0.073647 0.487869 0.073321 0.488350 0.066433 0.488350 0.066433 0.493012 0.066759 0.492530 0.073647 0.005935 0.874777 0.010731 0.875112 0.010368 0.880300 0.010368 0.880300 0.005572 0.879965 0.005935 0.874777 0.006430 0.867690 0.011226 0.868026 0.010731 0.875112 0.005935 0.874777 0.570992 0.446813 0.581144 0.448421 0.578569 0.454206 0.571654 0.453111 0.006926 0.860603 0.011722 0.860938 0.011226 0.868026 0.011226 0.868026 0.006430 0.867690 0.006926 0.860603 0.589132 0.454890 0.584009 0.458612 0.477244 0.066647 0.482322 0.066647 0.482322 0.072141 0.477244 0.072141 0.592816 0.464486 0.586518 0.465148 0.477244 0.059144 0.482322 0.059144 0.482322 0.066647 0.477244 0.066647 0.591208 0.474638 0.585423 0.472062 0.477244 0.051639 0.482322 0.051639 0.482322 0.059144 0.477244 0.059144 0.584739 0.482626 0.581017 0.477503 0.477244 0.046146 0.482322 0.046146 0.482322 0.051639 0.482322 0.051639 0.477244 0.051639 0.477244 0.046146 0.575143 0.486309 0.574481 0.480012 0.025859 0.799531 0.030649 0.799531 0.030649 0.806608 0.030649 0.806608 0.025859 0.806608 0.025859 0.799531 0.564991 0.484701 0.567567 0.478917 0.025859 0.792453 0.030649 0.792453 
						0.030649 0.799531 0.030649 0.799531 0.025859 0.799531 0.025859 0.792453 0.557003 0.478233 0.562126 0.474511 0.025859 0.787271 0.030649 0.787271 0.030649 0.792453 0.025859 0.792453 0.581982 0.527356 0.575858 0.523962 0.577390 0.517818 0.586380 0.522801 0.568858 0.524084 0.567113 0.517997 0.562858 0.527689 0.558303 0.523291 0.559464 0.533813 0.553320 0.532281 0.559586 0.540813 0.553499 0.542558 0.559586 0.540813 0.563192 0.546813 0.558793 0.551368 0.558793 0.551368 0.553499 0.542558 0.559586 0.540813 0.563192 0.546813 0.569315 0.550207 0.567783 0.556351 0.567783 0.556351 0.558793 0.551368 0.563192 0.546813 0.569315 0.550207 0.576315 0.550085 0.578060 0.556172 0.567783 0.556351 0.582315 0.546480 0.586870 0.550879 0.820689 0.741509 0.819568 0.744284 0.808146 0.743486 0.808862 0.733251 0.852634 0.746597 0.839804 0.745699 0.839153 0.743090 0.838303 0.739680 0.853350 0.736362 0.838303 0.739680 0.853350 0.736362 0.838303 0.739680 0.837353 0.738883 0.837353 0.738883 0.835408 0.737251 0.833489 0.735641 0.853350 0.736362 0.833489 0.735641 0.829453 0.735359 0.853350 0.736362 0.829453 0.735359 0.827221 0.735203 0.853350 0.736362 0.827221 0.735203 
						0.827221 0.735203 0.824120 0.737140 0.821892 0.738532 0.808862 0.733251 0.821892 0.738532 0.820813 0.741202 0.820689 0.741509 0.808862 0.733251 0.820813 0.741202 0.808146 0.743486 0.819568 0.744284 0.819538 0.744359 0.808146 0.743486 0.819538 0.744359 0.820216 0.747078 0.821058 0.750456 0.807431 0.753719 0.808146 0.743486 0.821058 0.750456 0.807431 0.753719 0.822178 0.751396 0.807431 0.753719 0.822178 0.751396 0.823977 0.752905 0.825872 0.754495 0.807431 0.753719 0.825872 0.754495 0.829936 0.754779 0.807431 0.753719 0.829936 0.754779 0.832140 0.754933 0.851919 0.756831 0.832140 0.754933 0.835262 0.752982 0.851919 0.756831 0.837469 0.751603 0.838556 0.748912 0.838556 0.748912 0.838598 0.748808 0.852634 0.746597 0.838598 0.748808 0.852634 0.746597 0.838598 0.748808 0.839823 0.745777 0.852634 0.746597 0.839823 0.745777 0.839804 0.745699 
					</float_array>
					<technique_common>
						<accessor count="239" offset="0" source="#meshId14-tex0-array" stride="2">
							<param name="S" type="float" />
							<param name="T" type="float" />
						</accessor>
					</technique_common>
				</source>
				<vertices id="meshId14-vertices">
					<input semantic="POSITION" source="#meshId14-positions" />
				</vertices>
				<polylist count="124" material="defaultMaterial">
					<input offset="0" semantic="VERTEX" source="#meshId14-vertices" />
					<input offset="0" semantic="NORMAL" source="#meshId14-normals" />
					<input offset="0" semantic="TANGENT" source="#meshId14-tangents" />
					<input offset="0" semantic="BINORMAL" source="#meshId14-bitangents" />
					<input offset="0" semantic="TEXCOORD" source="#meshId14-tex0" set="0" />
					<vcount>
						3 3 3 3 3 3 3 3 3 3 3 3 3 3 3 3 3 3 3 3 3 3 3 3 3 3 3 3 3 3 3 3 3 3 3 3 3 3 3 3 3 3 3 3 3 3 3 3 3 3 3 3 3 3 3 3 3 3 3 3 3 3 3 3 
						3 3 3 3 3 3 3 3 3 3 3 3 3 3 3 3 3 3 3 3 3 3 3 3 3 3 3 3 3 3 3 3 3 3 3 3 3 3 3 3 3 3 3 3 3 3 3 3 3 3 3 3 3 3 3 3 3 3 3 3 
					</vcount>
					<p>
						0 1 2 2 3 0 4 5 6 6 7 4 8 9 10 10 11 8 12 13 14 15 16 17 18 19 20 21 22 23 24 25 26 26 27 24 28 29 30 30 31 28 32 33 34 34 35 32 36 37 38 39 40 41 42 43 44 45 46 47 48 49 50 50 51 48 52 53 54 54 55 52 53 56 57 57 54 53 58 59 60 61 62 63 64 65 66 67 68 69 70 71 72 73 74 75 76 77 78 78 79 76 80 81 82 82 83 80 84 85 86 87 88 89 81 90 91 91 82 81 92 93 94 94 95 92 90 96 97 97 91 90 98 99 100 100 101 98 96 102 103 103 97 96 104 105 106 106 107 104 102 108 109 109 103 102 110 111 112 113 114 115 108 116 117 117 109 108 118 119 120 121 122 123 116 124 125 125 117 116 126 127 128 129 130 131 124 132 133 133 125 124 
						134 135 136 136 137 134 132 57 56 56 133 132 55 80 83 83 52 55 138 139 140 140 141 138 139 142 143 143 140 139 142 144 145 145 143 142 144 146 147 147 145 144 146 148 149 149 147 146 150 151 152 153 154 155 156 157 158 159 160 161 162 163 164 164 165 162 163 166 167 167 164 163 166 2 1 1 167 166 3 138 141 141 0 3 168 169 170 168 170 171 172 173 174 172 174 175 176 172 177 178 179 180 176 181 182 176 182 183 184 185 186 187 188 189 171 190 191 171 192 193 171 193 194 195 196 197 198 199 200 201 202 203 204 205 206 204 206 207 208 209 210 211 207 212 213 214 215 213 215 216 217 218 219 220 221 222 223 213 224 223 224 225 226 225 227 226 227 228 223 229 230 231 223 232 233 234 235 236 237 238 
					</p>
				</polylist>
			</mesh>
		</geometry>
		<geometry id="meshId15" name="meshId15_name" >
			<mesh>
				<source id="meshId15-positions" name="meshId15-positions">
					<float_array id="meshId15-positions-array" count="432"> 
						-3.750024 -9.747270 110.919266 -3.750024 -9.170331 111.106735 -3.456155 -9.170331 111.106735 -3.456155 -9.170331 111.106735 -3.456155 -9.747270 110.919266 -3.750024 -9.747270 110.919266 -3.750024 -9.170331 111.106735 -3.750024 -8.813764 111.597504 -3.456155 -8.813764 111.597504 -3.456155 -9.170331 111.106735 -3.750024 -8.813764 111.597504 -3.750024 -8.813764 112.204132 -3.456155 -8.813764 112.204132 -3.456155 -8.813764 111.597504 -3.750024 -8.813764 112.204132 -3.750024 -9.170333 112.694901 -3.456155 -9.170333 112.694901 -3.456155 -8.813764 112.204132 -3.750024 -9.170333 112.694901 -3.750024 -9.747270 112.882355 -3.456155 -9.747270 112.882355 -3.456155 -9.170333 112.694901 -3.750024 -9.747270 112.882355 -3.750024 -10.324206 112.694901 -3.456155 -10.324206 112.694901 -3.456155 -9.747270 112.882355 -3.750024 -10.324206 112.694901 -3.750024 -10.680774 112.204132 -3.456155 -10.680774 112.204132 -3.456155 -10.324206 112.694901 -3.750024 -10.680774 112.204132 -3.750024 -10.680774 111.597504 -3.456155 -10.680774 111.597504 -3.456155 -10.680774 112.204132 -3.750024 -10.680774 111.597504 -3.750024 -10.324206 111.106735 -3.456155 -10.324206 111.106735 -3.456155 -10.324206 111.106735 -3.456155 -10.680774 111.597504 -3.750024 -10.680774 111.597504 -3.750024 -10.324206 111.106735 -3.750024 -9.747270 110.919266 -3.456155 -9.747270 110.919266 -3.456155 -9.747270 110.919266 -3.456155 -10.324206 111.106735 -3.750024 -10.324206 111.106735 -4.985223 -10.481791 111.662155 -4.985223 -10.201228 111.275993 -3.750024 -10.324206 111.106735 -3.750024 -10.324206 111.106735 -3.750024 -10.680774 111.597504 -4.985223 -10.481791 111.662155 -4.486259 -10.632543 109.656059 -3.718828 -10.708947 109.550903 -3.750024 -10.324206 111.106735 -4.985223 -10.201228 111.275993 -3.718828 -10.708947 109.550903 -3.718828 -10.350495 109.434433 -3.750024 -9.747270 110.919266 -3.750024 -10.324206 111.106735 -3.718828 -10.350495 109.434433 -4.486259 -10.350495 109.564423 -4.985223 -9.747270 111.128494 -3.750024 -9.747270 110.919266 
						-4.486259 -10.350495 109.564423 -4.486259 -10.632543 109.656059 -4.985223 -10.201228 111.275993 -4.985223 -9.747270 111.128494 -4.985223 -9.293309 111.275993 -4.985223 -9.747270 111.128494 -4.985223 -10.201228 111.275993 -4.985223 -10.481791 111.662155 -4.985223 -10.481791 112.139481 -4.985223 -10.201228 112.525635 -4.985223 -9.747270 112.673141 -4.985223 -9.293309 112.525635 -4.985223 -9.012748 112.139481 -4.985223 -9.012748 111.662155 -3.750024 -10.680774 112.204132 -3.750024 -10.324206 112.694901 -4.985223 -10.201228 112.525635 -4.985223 -10.201228 112.525635 -4.985223 -10.481791 112.139481 -3.750024 -10.680774 112.204132 -3.750024 -10.324206 112.694901 -3.750024 -9.747270 112.882355 -4.985223 -9.747270 112.673141 -4.985223 -9.747270 112.673141 -4.985223 -10.201228 112.525635 -3.750024 -10.324206 112.694901 -3.750024 -9.170333 112.694901 -3.750024 -8.813764 112.204132 -4.985223 -9.012748 112.139481 -4.985223 -9.293309 112.525635 -4.486258 -8.861997 114.145561 -3.718827 -8.785590 114.250725 -3.750024 -9.170333 112.694901 -3.750024 -9.170333 112.694901 -4.985223 -9.293309 112.525635 -4.486258 -8.861997 114.145561 -4.486258 -8.861997 114.145561 -4.486257 -9.144042 114.237198 -3.718827 -9.144042 114.367188 -3.718827 -9.144042 114.367188 -3.718827 -8.785590 114.250725 -4.486258 -8.861997 114.145561 -4.985223 -9.747270 112.673141 -3.750024 -9.747270 112.882355 -3.718827 -9.144042 114.367188 -3.718827 -9.144042 114.367188 -4.486257 -9.144042 114.237198 -4.985223 -9.747270 112.673141 -3.750024 -9.747270 112.882355 -3.750024 -9.170333 112.694901 -3.718827 -8.785590 114.250725 -3.718827 -9.144042 114.367188 -4.985223 -9.293309 112.525635 -4.985223 -9.747270 112.673141 -4.486257 -9.144042 114.237198 -4.486258 -8.861997 114.145561 -3.750024 -8.813764 111.597504 -3.750024 -9.170331 111.106735 -4.985223 -9.293309 111.275993 -4.985223 -9.012748 111.662155 -3.750024 -8.813764 112.204132 -3.750024 -8.813764 111.597504 -4.985223 -9.012748 111.662155 -4.985223 -9.012748 112.139481 
						-3.750024 -9.170331 111.106735 -3.750024 -9.747270 110.919266 -4.985223 -9.747270 111.128494 -4.985223 -9.747270 111.128494 -4.985223 -9.293309 111.275993 -3.750024 -9.170331 111.106735 -3.718828 -10.350495 109.434433 -3.718828 -10.708947 109.550903 -4.486259 -10.632543 109.656059 -4.486259 -10.632543 109.656059 -4.486259 -10.350495 109.564423 -3.718828 -10.350495 109.434433 -3.750024 -10.680774 111.597504 -3.750024 -10.680774 112.204132 -4.985223 -10.481791 112.139481 -4.985223 -10.481791 111.662155 
					</float_array>
					<technique_common>
						<accessor count="144" offset="0" source="#meshId15-positions-array" stride="3">
							<param name="X" type="float" />
							<param name="Y" type="float" />
							<param name="Z" type="float" />
						</accessor>
					</technique_common>
				</source>
				<source id="meshId15-normals" name="meshId15-normals">
					<float_array id="meshId15-normals-array" count="432"> 
						0.000000 0.309022 -0.951055 0.000000 0.309022 -0.951055 0.000000 0.309022 -0.951055 0.000000 0.309022 -0.951055 0.000000 0.309022 -0.951055 0.000000 0.309022 -0.951055 0.000000 0.809015 -0.587788 0.000000 0.809015 -0.587788 0.000000 0.809015 -0.587788 0.000000 0.809015 -0.587788 0.000000 1.000000 0.000000 0.000000 1.000000 0.000000 0.000000 1.000000 0.000000 0.000000 1.000000 0.000000 0.000000 0.809019 0.587783 0.000000 0.809019 0.587783 0.000000 0.809019 0.587783 0.000000 0.809019 0.587783 0.000000 0.309011 0.951058 0.000000 0.309011 0.951058 0.000000 0.309011 0.951058 0.000000 0.309011 0.951058 0.000000 -0.309011 0.951059 0.000000 -0.309011 0.951059 0.000000 -0.309011 0.951059 0.000000 -0.309011 0.951059 0.000000 -0.809020 0.587782 0.000000 -0.809020 0.587782 0.000000 -0.809020 0.587782 0.000000 -0.809020 0.587782 0.000000 -1.000000 0.000000 0.000000 -1.000000 0.000000 0.000000 -1.000000 0.000000 0.000000 -1.000000 0.000000 0.000000 -0.809015 -0.587788 0.000000 -0.809015 -0.587788 0.000000 -0.809015 -0.587788 0.000000 -0.809015 -0.587788 0.000000 -0.809015 -0.587788 0.000000 -0.809015 -0.587788 0.000000 -0.309022 -0.951055 0.000000 -0.309022 -0.951055 0.000000 -0.309022 -0.951055 0.000000 -0.309022 -0.951055 0.000000 -0.309022 -0.951055 0.000000 -0.309022 -0.951055 -0.159040 -0.798721 -0.580303 -0.159040 -0.798721 -0.580303 -0.159040 -0.798721 -0.580303 -0.159042 -0.798718 -0.580306 -0.159042 -0.798718 -0.580306 -0.159042 -0.798718 -0.580306 -0.063819 -0.969077 0.238363 -0.063819 -0.969077 0.238363 -0.063819 -0.969077 0.238363 -0.063820 -0.969077 0.238364 0.999810 0.006029 0.018557 0.999810 0.006029 0.018557 0.999810 0.006029 0.018557 0.999810 0.006029 0.018556 -0.063818 0.924107 -0.376768 -0.063818 0.924107 -0.376768 -0.063818 0.924107 -0.376768 -0.063818 0.924107 -0.376768 
						-0.958331 -0.088269 -0.271680 -0.958331 -0.088269 -0.271680 -0.958331 -0.088269 -0.271680 -0.958331 -0.088273 -0.271680 -1.000000 0.000000 0.000000 -1.000000 0.000000 0.000000 -1.000000 -0.000000 -0.000000 -1.000000 -0.000003 -0.000001 -1.000000 -0.000000 -0.000000 -1.000000 0.000000 0.000000 -1.000000 0.000000 0.000000 -1.000000 0.000000 0.000000 -1.000000 0.000000 0.000000 -1.000000 0.000000 0.000000 -0.159043 -0.798722 0.580300 -0.159043 -0.798722 0.580300 -0.159043 -0.798722 0.580300 -0.159042 -0.798720 0.580303 -0.159042 -0.798720 0.580303 -0.159042 -0.798720 0.580303 -0.159042 -0.305078 0.938953 -0.159042 -0.305078 0.938953 -0.159042 -0.305078 0.938953 -0.159044 -0.305081 0.938952 -0.159044 -0.305081 0.938952 -0.159044 -0.305081 0.938952 -0.159042 0.798721 0.580301 -0.159042 0.798721 0.580301 -0.159042 0.798721 0.580301 -0.159043 0.798720 0.580303 -0.063819 0.969077 -0.238365 -0.063819 0.969077 -0.238365 -0.063819 0.969077 -0.238365 -0.063818 0.969077 -0.238365 -0.063818 0.969077 -0.238365 -0.063818 0.969077 -0.238365 -0.159043 0.305067 0.938956 -0.159043 0.305067 0.938956 -0.159043 0.305067 0.938956 -0.159041 0.305071 0.938956 -0.159041 0.305071 0.938956 -0.159041 0.305071 0.938956 -0.063818 -0.924107 0.376768 -0.063818 -0.924107 0.376768 -0.063818 -0.924107 0.376768 -0.063818 -0.924107 0.376768 -0.063818 -0.924107 0.376768 -0.063818 -0.924107 0.376768 0.999810 -0.006029 -0.018557 0.999810 -0.006029 -0.018557 0.999810 -0.006029 -0.018557 0.999810 -0.006029 -0.018558 -0.958331 0.088274 0.271680 -0.958331 0.088274 0.271680 -0.958331 0.088274 0.271680 -0.958331 0.088268 0.271681 -0.159040 0.798718 -0.580307 -0.159040 0.798718 -0.580307 -0.159040 0.798718 -0.580307 -0.159042 0.798721 -0.580302 -0.159043 0.987272 0.000000 -0.159043 0.987272 0.000000 -0.159043 0.987272 0.000000 -0.159043 0.987272 0.000000 
						-0.159041 0.305089 -0.938950 -0.159041 0.305089 -0.938950 -0.159041 0.305089 -0.938950 -0.159038 0.305081 -0.938953 -0.159038 0.305081 -0.938953 -0.159038 0.305081 -0.938953 -0.159042 -0.305071 -0.938955 -0.159042 -0.305071 -0.938955 -0.159042 -0.305071 -0.938955 -0.159043 -0.305067 -0.938956 -0.159043 -0.305067 -0.938956 -0.159043 -0.305067 -0.938956 -0.159043 -0.987272 0.000000 -0.159043 -0.987272 -0.000000 -0.159043 -0.987272 0.000000 -0.159043 -0.987272 -0.000000 
					</float_array>
					<technique_common>
						<accessor count="144" offset="0" source="#meshId15-normals-array" stride="3">
							<param name="X" type="float" />
							<param name="Y" type="float" />
							<param name="Z" type="float" />
						</accessor>
					</technique_common>
				</source>
				<source id="meshId15-tangents" name="meshId15-tangents">
					<float_array id="meshId15-tangents-array" count="432"> 
						-0.389869 0.875798 0.284569 -0.389869 0.875798 0.284569 -0.389869 0.875798 0.284569 -0.389960 0.875762 0.284557 -0.389960 0.875762 0.284557 -0.389960 0.875762 0.284557 0.000000 -0.587788 -0.809015 0.000000 -0.587788 -0.809015 0.000000 -0.587788 -0.809015 0.000000 -0.587788 -0.809015 0.000000 -0.000000 -1.000000 0.000000 -0.000000 -1.000000 0.000000 -0.000000 -1.000000 0.000000 -0.000000 -1.000000 0.000000 0.587783 -0.809019 0.000000 0.587783 -0.809019 0.000000 0.587783 -0.809019 0.000000 0.587783 -0.809019 0.701674 -0.677627 0.220170 0.701674 -0.677627 0.220170 0.701674 -0.677627 0.220170 0.701674 -0.677627 0.220170 0.701676 -0.677625 -0.220169 0.701682 -0.677620 -0.220167 0.701680 -0.677622 -0.220168 0.701674 -0.677627 -0.220169 -0.056458 -0.586844 -0.807729 -0.056469 -0.586844 -0.807729 -0.056464 -0.586844 -0.807729 -0.056453 -0.586844 -0.807729 -0.069767 -0.000000 -0.997563 -0.069767 -0.000000 -0.997563 -0.069767 -0.000000 -0.997563 -0.069767 -0.000000 -0.997563 -0.056466 0.586850 -0.807724 -0.056466 0.586850 -0.807724 -0.056466 0.586850 -0.807724 -0.056497 0.586849 -0.807723 -0.056497 0.586849 -0.807723 -0.056497 0.586849 -0.807723 -0.389973 0.875756 -0.284556 -0.389973 0.875756 -0.284556 -0.389973 0.875756 -0.284556 -0.389882 0.875793 -0.284568 -0.389882 0.875793 -0.284568 -0.389882 0.875793 -0.284568 -0.056122 0.594148 -0.802396 -0.056122 0.594148 -0.802396 -0.056122 0.594148 -0.802396 -0.056096 0.594149 -0.802397 -0.056096 0.594149 -0.802397 -0.056096 0.594149 -0.802397 -0.067826 -0.234086 -0.969847 -0.067826 -0.234086 -0.969847 -0.067826 -0.234086 -0.969847 -0.067825 -0.234087 -0.969847 0.018557 -0.000011 -0.999828 0.018557 -0.000011 -0.999828 0.018557 -0.000011 -0.999828 0.018557 -0.000001 -0.999828 0.000012 -0.377537 -0.925994 0.000012 -0.377537 -0.925994 0.000012 -0.377537 -0.925994 0.000005 -0.377537 -0.925994 
						0.266391 0.067231 -0.961517 0.266391 0.067231 -0.961517 0.266391 0.067231 -0.961517 0.266391 0.067231 -0.961518 0.000000 0.069752 -0.997564 0.000000 0.069717 -0.997567 0.000000 0.069760 -0.997564 0.000001 0.069767 -0.997563 0.000000 0.069758 -0.997564 0.000000 0.069739 -0.997565 0.000000 0.069747 -0.997565 0.000000 0.069716 -0.997567 0.000000 0.069749 -0.997565 0.000000 0.069731 -0.997566 -0.056840 -0.579399 -0.813060 -0.056840 -0.579399 -0.813060 -0.056840 -0.579399 -0.813060 -0.056829 -0.579404 -0.813057 -0.056829 -0.579403 -0.813057 -0.056829 -0.579404 -0.813057 0.715482 -0.690951 -0.103309 0.715482 -0.690951 -0.103309 0.715482 -0.690951 -0.103309 0.715491 -0.690942 -0.103306 0.715491 -0.690942 -0.103306 0.715491 -0.690942 -0.103306 0.000000 0.587783 -0.809019 0.000000 0.587783 -0.809019 0.000000 0.587783 -0.809019 0.000000 0.587785 -0.809018 -0.000015 -0.238853 -0.971056 -0.000015 -0.238853 -0.971056 -0.000015 -0.238853 -0.971056 -0.000001 -0.238852 -0.971056 -0.000001 -0.238852 -0.971056 -0.000001 -0.238852 -0.971056 0.679432 -0.656203 0.328284 0.679432 -0.656203 0.328284 0.679432 -0.656203 0.328284 0.679456 -0.656178 0.328282 0.679456 -0.656178 0.328282 0.679456 -0.656178 0.328282 -0.064735 -0.372909 -0.925607 -0.064735 -0.372909 -0.925607 -0.064735 -0.372909 -0.925607 -0.064716 -0.372911 -0.925608 -0.064716 -0.372911 -0.925607 -0.064716 -0.372911 -0.925607 -0.018557 -0.000001 -0.999828 -0.018557 -0.000001 -0.999828 -0.018557 -0.000001 -0.999828 -0.018558 0.000004 -0.999828 -0.266390 0.067242 -0.961517 -0.266390 0.067242 -0.961517 -0.266390 0.067242 -0.961517 -0.266391 0.067238 -0.961517 -0.000001 -0.587788 -0.809015 -0.000001 -0.587788 -0.809015 -0.000001 -0.587788 -0.809015 -0.000001 -0.587783 -0.809018 -0.000000 -0.000000 -1.000000 -0.000000 -0.000000 -1.000000 -0.000000 -0.000000 -1.000000 -0.000000 -0.000000 -1.000000 
						-0.381947 0.857986 0.343477 -0.381947 0.857986 0.343477 -0.381947 0.857986 0.343477 -0.382022 0.857956 0.343470 -0.382022 0.857956 0.343470 -0.382022 0.857956 0.343470 -0.396545 0.890711 -0.222229 -0.396545 0.890711 -0.222229 -0.396545 0.890711 -0.222229 -0.396517 0.890723 -0.222233 -0.396517 0.890723 -0.222233 -0.396517 0.890723 -0.222233 -0.069761 0.011238 -0.997500 -0.069761 0.011238 -0.997500 -0.069761 0.011238 -0.997500 -0.069767 0.011239 -0.997500 
					</float_array>
					<technique_common>
						<accessor count="144" offset="0" source="#meshId15-tangents-array" stride="3">
							<param name="X" type="float" />
							<param name="Y" type="float" />
							<param name="Z" type="float" />
						</accessor>
					</technique_common>
				</source>
				<source id="meshId15-bitangents" name="meshId15-bitangents">
					<float_array id="meshId15-bitangents-array" count="432"> 
						0.920870 0.370786 0.120478 0.920870 0.370786 0.120478 0.920870 0.370786 0.120478 0.920832 0.370873 0.120506 0.920832 0.370873 0.120506 0.920832 0.370873 0.120506 -1.000000 0.000000 -0.000000 -1.000000 0.000000 -0.000000 -1.000000 0.000000 -0.000000 -1.000000 0.000000 -0.000000 -1.000000 0.000000 0.000000 -1.000000 0.000000 0.000000 -1.000000 0.000000 0.000000 -1.000000 0.000000 0.000000 -1.000000 0.000000 0.000000 -1.000000 0.000000 0.000000 -1.000000 0.000000 0.000000 -1.000000 0.000000 0.000000 0.712498 0.667333 -0.216825 0.712498 0.667333 -0.216825 0.712498 0.667333 -0.216825 0.712498 0.667333 -0.216825 0.712496 0.667335 0.216826 0.712490 0.667341 0.216827 0.712493 0.667338 0.216827 0.712498 0.667333 0.216825 0.998405 -0.033185 -0.045675 0.998404 -0.033191 -0.045684 0.998405 -0.033189 -0.045681 0.998405 -0.033182 -0.045672 0.997563 0.000000 -0.069767 0.997563 0.000000 -0.069767 0.997563 0.000000 -0.069767 0.997563 0.000000 -0.069767 0.998405 0.033190 -0.045682 0.998405 0.033190 -0.045682 0.998405 0.033190 -0.045682 0.998403 0.033208 -0.045707 0.998403 0.033208 -0.045707 0.998403 0.033208 -0.045707 0.920826 0.370886 -0.120510 0.920826 0.370886 -0.120510 0.920826 0.370886 -0.120510 0.920865 0.370799 -0.120482 0.920865 0.370799 -0.120482 0.920865 0.370799 -0.120482 0.985676 -0.095045 -0.139319 0.985676 -0.095045 -0.139319 0.985676 -0.095045 -0.139319 0.985677 -0.095062 -0.139300 0.985677 -0.095062 -0.139300 0.985677 -0.095062 -0.139300 0.995654 -0.078062 -0.050790 0.995654 -0.078062 -0.050790 0.995654 -0.078062 -0.050790 0.995654 -0.078063 -0.050788 -0.006028 0.999982 -0.000122 -0.006028 0.999982 -0.000122 -0.006028 0.999982 -0.000122 -0.006028 0.999982 -0.000113 -0.997962 -0.059100 0.024082 -0.997962 -0.059100 0.024082 -0.997962 -0.059100 0.024082 -0.997962 -0.059097 0.024089 
						0.103138 -0.993825 -0.040915 0.103138 -0.993825 -0.040915 0.103138 -0.993825 -0.040915 0.103142 -0.993825 -0.040914 -0.000000 -0.997564 -0.069752 -0.000000 -0.997567 -0.069717 0.000000 -0.997564 -0.069760 0.000003 -0.997563 -0.069767 0.000000 -0.997564 -0.069758 -0.000000 -0.997565 -0.069739 -0.000000 -0.997565 -0.069747 -0.000000 -0.997567 -0.069716 -0.000000 -0.997565 -0.069749 -0.000000 -0.997566 -0.069731 0.985634 -0.162296 0.046750 0.985634 -0.162296 0.046750 0.985634 -0.162296 0.046750 0.985635 -0.162288 0.046759 0.985635 -0.162288 0.046759 0.985635 -0.162288 0.046759 0.680288 0.655374 0.328168 0.680288 0.655374 0.328168 0.680288 0.655374 0.328168 0.680278 0.655382 0.328173 0.680277 0.655382 0.328173 0.680278 0.655382 0.328173 -0.987272 -0.128668 -0.093482 -0.987272 -0.128668 -0.093482 -0.987272 -0.128668 -0.093482 -0.987272 -0.128668 -0.093483 -0.997961 -0.061968 0.015258 -0.997961 -0.061968 0.015258 -0.997961 -0.061968 0.015258 -0.997962 -0.061970 0.015244 -0.997962 -0.061970 0.015244 -0.997962 -0.061970 0.015244 0.716294 0.690168 -0.102908 0.716294 0.690168 -0.102908 0.716294 0.690168 -0.102908 0.716272 0.690190 -0.102923 0.716272 0.690190 -0.102923 0.716272 0.690190 -0.102923 0.995860 -0.083460 -0.036023 0.995860 -0.083460 -0.036023 0.995860 -0.083460 -0.036023 0.995861 -0.083453 -0.036006 0.995861 -0.083453 -0.036006 0.995861 -0.083453 -0.036006 0.006028 0.999982 -0.000113 0.006028 0.999982 -0.000113 0.006028 0.999982 -0.000113 0.006028 0.999982 -0.000108 -0.103145 -0.993824 -0.040925 -0.103145 -0.993824 -0.040925 -0.103145 -0.993824 -0.040925 -0.103138 -0.993825 -0.040922 -0.987272 -0.128665 0.093482 -0.987272 -0.128665 0.093482 -0.987272 -0.128665 0.093482 -0.987272 -0.128668 0.093483 -0.987272 -0.159043 0.000000 -0.987272 -0.159043 0.000000 -0.987272 -0.159043 0.000000 -0.987272 -0.159043 0.000000 
						0.910397 0.413256 -0.019928 0.910397 0.413256 -0.019928 0.910397 0.413256 -0.019928 0.910366 0.413325 -0.019900 0.910366 0.413325 -0.019900 0.910366 0.413325 -0.019900 0.904134 0.336995 -0.262635 0.904134 0.336995 -0.262635 0.904134 0.336995 -0.262635 0.904146 0.336967 -0.262628 0.904146 0.336967 -0.262628 0.904146 0.336967 -0.262628 0.984804 -0.158645 -0.070660 0.984804 -0.158645 -0.070660 0.984804 -0.158645 -0.070660 0.984804 -0.158645 -0.070666 
					</float_array>
					<technique_common>
						<accessor count="144" offset="0" source="#meshId15-bitangents-array" stride="3">
							<param name="X" type="float" />
							<param name="Y" type="float" />
							<param name="Z" type="float" />
						</accessor>
					</technique_common>
				</source>
				<source id="meshId15-tex0" name="meshId15-tex0">
					<float_array id="meshId15-tex0-array" count="288"> 
						0.542560 0.647315 0.546192 0.648932 0.545368 0.650782 0.545368 0.650782 0.541736 0.649165 0.542560 0.647315 0.732697 0.976345 0.729239 0.976345 0.729239 0.974274 0.732697 0.974274 0.729239 0.976345 0.724964 0.976345 0.724964 0.974274 0.729239 0.974274 0.724964 0.976345 0.721506 0.976345 0.721506 0.974274 0.724964 0.974274 0.632757 0.665777 0.635519 0.662917 0.636975 0.664324 0.634214 0.667184 0.635519 0.662917 0.638280 0.660058 0.639737 0.661464 0.636975 0.664324 0.685330 0.982873 0.688779 0.983114 0.688635 0.985180 0.685185 0.984939 0.688779 0.983114 0.693043 0.983413 0.692899 0.985478 0.688635 0.985180 0.693043 0.983413 0.696493 0.983654 0.696348 0.985720 0.696348 0.985720 0.692899 0.985478 0.693043 0.983413 0.538928 0.645698 0.542560 0.647315 0.541736 0.649165 0.541736 0.649165 0.538105 0.647548 0.538928 0.645698 0.693196 0.974699 0.695910 0.974889 0.696493 0.983654 0.696493 0.983654 0.693043 0.983413 0.693196 0.974699 0.707051 0.979192 0.707413 0.984638 0.696493 0.983654 0.695910 0.974889 0.873119 0.888055 0.873899 0.890456 0.863952 0.894497 0.862696 0.890632 0.646310 0.669970 0.645402 0.675335 0.634468 0.678823 0.635930 0.670188 
						0.655668 0.220798 0.654908 0.222681 0.644048 0.218961 0.645272 0.215930 0.644481 0.212759 0.645272 0.215930 0.644048 0.218961 0.641276 0.220693 0.638015 0.220465 0.635511 0.218364 0.634721 0.215192 0.635945 0.212162 0.638717 0.210429 0.641978 0.210657 0.688779 0.983114 0.685330 0.982873 0.687126 0.974274 0.687126 0.974274 0.689841 0.974464 0.688779 0.983114 0.638280 0.660058 0.635519 0.662917 0.629396 0.657005 0.629396 0.657005 0.631569 0.654755 0.638280 0.660058 0.721506 0.976345 0.724964 0.976345 0.725420 0.985048 0.722699 0.985048 0.711285 0.981533 0.710544 0.976125 0.721506 0.976345 0.721506 0.976345 0.722699 0.985048 0.711285 0.981533 0.497531 0.067823 0.498874 0.066433 0.502658 0.070087 0.502658 0.070087 0.500951 0.071855 0.497531 0.067823 0.859912 0.888055 0.857851 0.896567 0.847481 0.896060 0.847481 0.896060 0.848762 0.890772 0.859912 0.888055 0.568339 0.644611 0.569595 0.648476 0.559172 0.651054 0.558392 0.648652 0.635945 0.212162 0.634721 0.215192 0.624324 0.210324 0.625085 0.208441 0.729239 0.976345 0.732697 0.976345 0.731504 0.985048 0.728783 0.985048 0.724964 0.976345 0.729239 0.976345 0.728783 0.985048 0.725420 0.985048 
						0.546192 0.648932 0.542560 0.647315 0.546022 0.639539 0.546022 0.639539 0.548880 0.640812 0.546192 0.648932 0.185328 0.579199 0.183083 0.578200 0.185701 0.573607 0.185701 0.573607 0.187467 0.574393 0.185328 0.579199 0.693043 0.983413 0.688779 0.983114 0.689841 0.974464 0.693196 0.974699 
					</float_array>
					<technique_common>
						<accessor count="144" offset="0" source="#meshId15-tex0-array" stride="2">
							<param name="S" type="float" />
							<param name="T" type="float" />
						</accessor>
					</technique_common>
				</source>
				<vertices id="meshId15-vertices">
					<input semantic="POSITION" source="#meshId15-positions" />
				</vertices>
				<polylist count="64" material="defaultMaterial">
					<input offset="0" semantic="VERTEX" source="#meshId15-vertices" />
					<input offset="0" semantic="NORMAL" source="#meshId15-normals" />
					<input offset="0" semantic="TANGENT" source="#meshId15-tangents" />
					<input offset="0" semantic="BINORMAL" source="#meshId15-bitangents" />
					<input offset="0" semantic="TEXCOORD" source="#meshId15-tex0" set="0" />
					<vcount>
						3 3 3 3 3 3 3 3 3 3 3 3 3 3 3 3 3 3 3 3 3 3 3 3 3 3 3 3 3 3 3 3 3 3 3 3 3 3 3 3 3 3 3 3 3 3 3 3 3 3 3 3 3 3 3 3 3 3 3 3 3 3 3 3 
					</vcount>
					<p>
						0 1 2 3 4 5 6 7 8 8 9 6 10 11 12 12 13 10 14 15 16 16 17 14 18 19 20 20 21 18 22 23 24 24 25 22 26 27 28 28 29 26 30 31 32 32 33 30 34 35 36 37 38 39 40 41 42 43 44 45 46 47 48 49 50 51 52 53 54 54 55 52 56 57 58 58 59 56 60 61 62 62 63 60 64 65 66 66 67 64 68 69 70 70 71 72 68 70 72 72 73 74 74 75 76 72 74 76 68 72 76 68 76 77 78 79 80 81 82 83 84 85 86 87 88 89 90 91 92 92 93 90 94 95 96 97 98 99 100 101 102 103 104 105 106 107 108 109 110 111 112 113 114 114 115 112 116 117 118 118 119 116 120 121 122 122 123 120 124 125 126 126 127 124 128 129 130 131 132 133 134 135 136 137 138 139 140 141 142 142 143 140 
					</p>
				</polylist>
			</mesh>
		</geometry>
		<geometry id="meshId16" name="meshId16_name" >
			<mesh>
				<source id="meshId16-positions" name="meshId16-positions">
					<float_array id="meshId16-positions-array" count="192"> 
						-2.707801 -8.778569 110.857361 -2.736014 -8.883861 110.712433 -3.456155 -8.883861 110.712433 -2.650019 -8.562930 111.154167 -3.456155 -8.350245 111.446892 -2.593028 -8.350245 111.446892 -2.593028 -8.350245 112.031494 -3.456155 -8.350245 112.354736 -2.593028 -8.350245 112.354736 -2.676228 -8.660743 112.782089 -3.456155 -8.883861 113.089188 -2.736014 -8.883861 113.089188 -2.842019 -9.279462 113.217735 -2.736014 -8.883861 113.089188 -3.456155 -8.883861 113.089188 -3.456155 -9.747270 113.369736 -2.961466 -9.747270 113.369736 -2.964418 -9.736251 113.366150 -2.854213 -9.324971 113.232513 -2.858275 -10.132398 113.244591 -3.456155 -10.610677 113.089188 -2.730127 -10.610677 113.089188 -3.456155 -11.144294 112.354736 -2.587147 -11.144294 112.354736 -2.643432 -10.934232 112.643852 -3.456155 -10.610677 113.089188 -2.696857 -10.734849 112.918289 -2.730127 -10.610677 113.089188 -2.587145 -11.144294 111.766151 -3.456155 -11.144294 111.446892 -2.587145 -11.144294 111.446892 -2.670908 -10.831677 111.016617 -3.456155 -10.610677 110.712433 -2.730124 -10.610677 110.712433 -2.836992 -10.211839 110.582855 -2.730124 -10.610677 110.712433 -3.456155 -10.610677 110.712433 -3.456155 -9.747270 110.431892 -2.961467 -9.747270 110.431892 -2.841110 -10.196469 110.577866 -3.456155 -8.883861 110.712433 -2.736014 -8.883861 110.712433 -2.865401 -9.366731 110.555542 -2.964417 -9.736259 110.435478 -3.456155 -9.747270 110.919266 -3.456155 -9.170331 111.106735 -3.456155 -8.883861 110.712433 -3.456155 -9.747270 110.431892 -3.456155 -10.610677 110.712433 -3.456155 -11.144294 111.446892 -3.456155 -10.680774 111.597504 -3.456155 -10.324206 111.106735 -3.456155 -11.144294 112.354736 -3.456155 -10.680774 112.204132 -3.456155 -10.610677 113.089188 -3.456155 -10.324206 112.694901 -3.456155 -9.747270 113.369736 -3.456155 -9.747270 112.882355 -3.456155 -8.883861 113.089188 -3.456155 -9.170333 112.694901 -3.456155 -8.350245 112.354736 -3.456155 -8.813764 112.204132 -3.456155 -8.350245 111.446892 -3.456155 -8.813764 111.597504 
					</float_array>
					<technique_common>
						<accessor count="64" offset="0" source="#meshId16-positions-array" stride="3">
							<param name="X" type="float" />
							<param name="Y" type="float" />
							<param name="Z" type="float" />
						</accessor>
					</technique_common>
				</source>
				<source id="meshId16-normals" name="meshId16-normals">
					<float_array id="meshId16-normals-array" count="192"> 
						-0.000002 0.809018 -0.587785 0.000000 0.622192 -0.782864 -0.000002 0.587787 -0.809016 -0.000000 0.809017 -0.587785 0.000000 0.951056 -0.309017 0.000000 0.956172 -0.292806 0.000000 1.000000 0.000000 0.000001 0.951056 0.309018 0.000000 0.956172 0.292806 0.000001 0.809017 0.587785 0.000001 0.587787 0.809016 0.000000 0.622196 0.782861 0.000005 0.309014 0.951058 0.000000 0.622196 0.782861 0.000001 0.587787 0.809016 -0.000000 -0.000000 1.000000 0.000000 -0.051594 0.998668 -0.000001 0.308967 0.951073 0.000018 0.308998 0.951063 0.000000 -0.309019 0.951056 0.000000 -0.587786 0.809017 0.000000 -0.622190 0.782866 0.000000 -0.951056 0.309017 0.000000 -0.956172 0.292805 -0.000000 -0.809017 0.587785 0.000000 -0.587786 0.809017 -0.000001 -0.809017 0.587785 0.000000 -0.622190 0.782866 0.000000 -1.000000 0.000000 -0.000001 -0.951057 -0.309017 0.000000 -0.956172 -0.292804 -0.000001 -0.809017 -0.587786 -0.000002 -0.587786 -0.809017 0.000000 -0.622191 -0.782866 0.000042 -0.308968 -0.951073 0.000000 -0.622191 -0.782866 -0.000002 -0.587786 -0.809017 -0.000001 -0.000002 -1.000000 0.000000 -0.051520 -0.998672 0.000164 -0.308821 -0.951120 -0.000002 0.587787 -0.809016 0.000000 0.622192 -0.782864 -0.000002 0.309019 -0.951056 0.000001 0.309042 -0.951048 -1.000000 0.000000 0.000000 -1.000000 0.000000 0.000000 -1.000000 0.000000 0.000000 -1.000000 0.000000 0.000000 -1.000000 0.000000 0.000000 -1.000000 0.000000 0.000000 -1.000000 0.000000 0.000000 -1.000000 0.000000 0.000000 -1.000000 0.000000 0.000000 -1.000000 0.000000 0.000000 -1.000000 0.000000 0.000000 -1.000000 0.000000 0.000000 -1.000000 0.000000 0.000000 -1.000000 0.000000 0.000000 -1.000000 0.000000 0.000000 -1.000000 0.000000 0.000000 -1.000000 0.000000 0.000000 -1.000000 0.000000 0.000000 -1.000000 0.000000 0.000000 -1.000000 0.000000 0.000000 
					</float_array>
					<technique_common>
						<accessor count="64" offset="0" source="#meshId16-normals-array" stride="3">
							<param name="X" type="float" />
							<param name="Y" type="float" />
							<param name="Z" type="float" />
						</accessor>
					</technique_common>
				</source>
				<source id="meshId16-tangents" name="meshId16-tangents">
					<float_array id="meshId16-tangents-array" count="192"> 
						0.000001 -0.587785 -0.809018 -0.000009 -0.782864 -0.622192 0.000001 -0.809015 -0.587787 -0.000001 -0.587785 -0.809017 -0.000001 -0.309018 -0.951056 -0.000004 -0.292805 -0.956172 -0.000000 0.000000 -1.000000 -0.000005 0.309018 -0.951056 -0.000013 0.292806 -0.956172 0.000003 0.587785 -0.809017 0.000012 0.809016 -0.587787 0.000042 0.782861 -0.622196 0.701602 -0.677695 0.220190 0.724549 -0.539566 0.428832 0.719337 -0.561992 0.408312 0.719340 -0.694658 0.000000 0.719248 -0.693828 -0.035845 0.702118 -0.677221 0.220004 0.701371 -0.677918 0.220241 0.701682 -0.677618 -0.220173 0.719334 -0.561995 -0.408314 0.724544 -0.539574 -0.428831 -0.066357 -0.308336 -0.948960 -0.066705 -0.292153 -0.954043 -0.056506 -0.586846 -0.807724 -0.059394 -0.807588 -0.586748 -0.056482 -0.586847 -0.807726 -0.058654 -0.781519 -0.621119 -0.069727 0.000000 -0.997566 -0.066349 0.308336 -0.948961 -0.066684 0.292152 -0.954044 -0.056487 0.586847 -0.807725 -0.059383 0.807589 -0.586748 -0.058602 0.781520 -0.621122 -0.389834 0.875823 -0.284539 -0.411886 0.713375 -0.566962 -0.406741 0.739072 -0.536968 -0.406750 0.913539 -0.000001 -0.406457 0.912457 -0.047072 -0.389577 0.875956 -0.284483 -0.406746 0.739069 0.536968 -0.411875 0.713378 0.566967 -0.389937 0.875772 0.284558 -0.390060 0.875715 0.284563 0.000000 0.069740 -0.997565 0.000000 0.069757 -0.997564 0.000000 0.069753 -0.997564 0.000000 0.069743 -0.997565 0.000000 0.069766 -0.997563 0.000000 0.069760 -0.997564 0.000000 0.069758 -0.997564 0.000000 0.069762 -0.997564 0.000000 0.069761 -0.997564 0.000000 0.069761 -0.997564 0.000000 0.069756 -0.997564 0.000000 0.069757 -0.997564 0.000000 0.069755 -0.997564 0.000000 0.069753 -0.997564 0.000000 0.069759 -0.997564 0.000000 0.069759 -0.997564 0.000000 0.069760 -0.997564 0.000000 0.069763 -0.997564 0.000000 0.069749 -0.997565 0.000000 0.069749 -0.997565 
					</float_array>
					<technique_common>
						<accessor count="64" offset="0" source="#meshId16-tangents-array" stride="3">
							<param name="X" type="float" />
							<param name="Y" type="float" />
							<param name="Z" type="float" />
						</accessor>
					</technique_common>
				</source>
				<source id="meshId16-bitangents" name="meshId16-bitangents">
					<float_array id="meshId16-bitangents-array" count="192"> 
						-1.000000 -0.000002 0.000000 -1.000000 0.000007 0.000006 -1.000000 -0.000002 0.000001 -1.000000 0.000000 0.000001 -1.000000 0.000001 0.000001 -1.000000 0.000001 0.000004 -1.000000 0.000000 0.000000 -1.000000 -0.000001 0.000005 -1.000000 -0.000004 0.000012 -1.000000 0.000002 -0.000002 -1.000000 0.000010 -0.000006 -1.000000 0.000033 -0.000026 0.712569 0.667263 -0.216808 0.689224 0.567221 -0.450812 0.694661 0.581955 -0.422817 0.694658 0.719340 0.000000 0.694753 0.718290 0.037109 0.712060 0.667766 -0.216930 0.712797 0.667044 -0.216734 0.712490 0.667339 0.216833 0.694665 0.581953 0.422814 0.689228 0.567221 0.450804 0.997796 -0.020505 -0.063109 0.997773 -0.019531 -0.063781 0.998402 -0.033214 -0.045714 0.998235 -0.048051 -0.034911 0.998404 -0.033200 -0.045694 0.998278 -0.045918 -0.036494 0.997566 0.000000 -0.069727 0.997796 0.020502 -0.063102 0.997774 0.019525 -0.063762 0.998403 0.033202 -0.045700 0.998235 0.048041 -0.034906 0.998281 0.045877 -0.036461 0.920885 0.370773 -0.120409 0.911235 0.322451 -0.256272 0.913544 0.329059 -0.239078 0.913539 0.406750 -0.000002 0.913670 0.405917 -0.020941 0.920994 0.370581 -0.120166 0.913541 0.329065 0.239079 0.911240 0.322442 0.256266 0.920842 0.370852 0.120496 0.920790 0.370965 0.120546 -0.000000 -0.997565 -0.069740 -0.000000 -0.997564 -0.069757 -0.000000 -0.997564 -0.069753 -0.000000 -0.997565 -0.069743 -0.000000 -0.997563 -0.069766 -0.000000 -0.997564 -0.069760 -0.000000 -0.997564 -0.069758 -0.000000 -0.997564 -0.069762 -0.000000 -0.997564 -0.069761 -0.000000 -0.997564 -0.069761 -0.000000 -0.997564 -0.069756 -0.000000 -0.997564 -0.069757 -0.000000 -0.997564 -0.069755 -0.000000 -0.997564 -0.069753 -0.000000 -0.997564 -0.069759 -0.000000 -0.997564 -0.069759 -0.000000 -0.997564 -0.069760 -0.000000 -0.997564 -0.069763 -0.000000 -0.997565 -0.069749 -0.000000 -0.997565 -0.069749 
					</float_array>
					<technique_common>
						<accessor count="64" offset="0" source="#meshId16-bitangents-array" stride="3">
							<param name="X" type="float" />
							<param name="Y" type="float" />
							<param name="Z" type="float" />
						</accessor>
					</technique_common>
				</source>
				<source id="meshId16-tex0" name="meshId16-tex0">
					<float_array id="meshId16-tex0-array" count="128"> 
						0.817849 0.964954 0.818888 0.965157 0.818888 0.970324 0.815719 0.964540 0.813619 0.970324 0.813619 0.964131 0.809424 0.964131 0.807105 0.970324 0.807105 0.964131 0.804039 0.964728 0.801835 0.970324 0.801835 0.965157 0.117019 0.649084 0.115650 0.651554 0.112078 0.648104 0.116214 0.643822 0.118668 0.646191 0.118600 0.646232 0.117177 0.648800 0.121024 0.644775 0.120350 0.639539 0.123951 0.643017 0.787167 0.964499 0.786732 0.970717 0.784692 0.970169 0.781911 0.964131 0.782754 0.969650 0.781548 0.969326 0.790944 0.971011 0.793663 0.964953 0.793229 0.971171 0.796349 0.970787 0.798919 0.965320 0.798556 0.970515 0.474984 0.025806 0.472172 0.025360 0.474208 0.020787 0.479647 0.023208 0.478259 0.026325 0.475092 0.025823 0.485085 0.025630 0.483066 0.030166 0.480387 0.027997 0.478337 0.026337 0.453044 0.436532 0.452061 0.432589 0.454829 0.430859 0.456300 0.436760 0.454022 0.442398 0.448865 0.445620 0.448076 0.442453 0.451522 0.440299 0.442799 0.445196 0.444022 0.442169 0.438141 0.441287 0.440909 0.439557 0.436670 0.435387 0.439926 0.435615 0.438948 0.429749 0.441448 0.431847 0.444105 0.426526 0.444895 0.429694 0.450171 0.426950 0.448948 0.429977 
					</float_array>
					<technique_common>
						<accessor count="64" offset="0" source="#meshId16-tex0-array" stride="2">
							<param name="S" type="float" />
							<param name="T" type="float" />
						</accessor>
					</technique_common>
				</source>
				<vertices id="meshId16-vertices">
					<input semantic="POSITION" source="#meshId16-positions" />
				</vertices>
				<polylist count="56" material="defaultMaterial">
					<input offset="0" semantic="VERTEX" source="#meshId16-vertices" />
					<input offset="0" semantic="NORMAL" source="#meshId16-normals" />
					<input offset="0" semantic="TANGENT" source="#meshId16-tangents" />
					<input offset="0" semantic="BINORMAL" source="#meshId16-bitangents" />
					<input offset="0" semantic="TEXCOORD" source="#meshId16-tex0" set="0" />
					<vcount>
						3 3 3 3 3 3 3 3 3 3 3 3 3 3 3 3 3 3 3 3 3 3 3 3 3 3 3 3 3 3 3 3 3 3 3 3 3 3 3 3 3 3 3 3 3 3 3 3 3 3 3 3 3 3 3 3 
					</vcount>
					<p>
						0 1 2 3 0 2 3 2 4 3 4 5 6 5 4 6 4 7 6 7 8 9 8 7 9 7 10 9 10 11 12 13 14 12 14 15 15 16 17 15 17 18 12 15 18 19 16 15 19 15 20 19 20 21 22 23 24 25 22 24 25 24 26 25 26 27 28 23 22 28 22 29 28 29 30 31 30 29 31 29 32 31 32 33 34 35 36 34 36 37 37 38 39 34 37 39 40 41 42 37 40 42 37 42 43 37 43 38 44 45 46 46 47 44 48 49 50 50 51 48 49 52 53 53 50 49 52 54 55 55 53 52 54 56 57 57 55 54 56 58 59 59 57 56 58 60 61 61 59 58 60 62 63 63 61 60 62 46 45 45 63 62 47 48 51 51 44 47 
					</p>
				</polylist>
			</mesh>
		</geometry>
		<geometry id="meshId17" name="meshId17_name" >
			<mesh>
				<source id="meshId17-positions" name="meshId17-positions">
					<float_array id="meshId17-positions-array" count="843"> 
						-6.404105 2.247693 58.326225 -6.404105 6.090771 58.326225 -6.757659 6.090771 58.472672 -6.757659 2.208452 58.472672 -6.596784 2.226308 58.406040 -6.950795 2.229888 58.392673 -6.757659 2.208452 58.472672 -6.757659 6.090771 58.472672 -7.111212 6.090771 58.326225 -7.111212 2.247693 58.326225 -7.192476 2.300261 58.130039 -7.111212 2.247693 58.326225 -7.111212 6.090771 58.326225 -7.257658 6.090771 57.972672 -7.213886 2.314111 58.078346 -7.257658 2.285796 57.972672 -7.257658 2.285796 57.972672 -7.257658 6.090771 57.972672 -7.111212 6.090771 57.619122 -7.111212 2.191061 57.619122 -7.177585 2.233997 57.779354 -7.111212 2.191061 57.619122 -7.111212 6.090771 57.619122 -6.757659 6.090771 57.472672 -6.757659 2.151822 57.472672 -6.834785 2.160381 57.504620 -6.920868 2.169935 57.540279 -6.567504 2.172926 57.551437 -6.757659 2.151822 57.472672 -6.757659 6.090771 57.472672 -6.404105 6.090771 57.619122 -6.404105 2.191061 57.619122 -6.757659 6.444324 57.619122 -6.507658 6.444324 57.722672 -6.507658 6.444324 57.722672 -6.404105 6.444324 57.972672 -6.257658 6.090771 57.972672 -6.404105 6.090771 57.619122 -6.507658 6.444324 57.722672 -6.757659 6.444324 57.619122 -6.757659 6.590770 57.972672 -6.404105 6.444324 57.972672 -6.757659 6.444324 58.326225 -6.507658 6.444324 58.222672 -6.507658 6.444324 58.222672 -6.757659 6.444324 58.326225 -7.111212 6.444324 57.972672 -7.007658 6.444324 58.222672 -7.007658 6.444324 58.222672 -7.111212 6.444324 57.972672 -7.007658 6.444324 57.722672 -7.111212 6.444324 57.972672 -7.007658 6.444324 57.722672 -6.757659 6.444324 58.326225 -7.007658 6.444324 58.222672 -6.404105 6.090771 58.326225 -6.257658 6.090771 57.972672 -6.404105 6.444324 57.972672 -6.507658 6.444324 58.222672 -7.007658 6.444324 57.722672 -6.757659 6.444324 57.619122 -6.257658 2.285796 57.972672 -6.324188 2.242758 57.812057 -6.351426 2.225139 57.746300 
						-6.404105 2.191061 57.619122 -6.257658 -2.195222 57.972672 -6.257658 -2.386004 57.972672 -6.404105 -2.379494 57.619122 -6.404105 -2.100489 57.619122 -6.399335 -2.103575 57.630638 -6.404105 -2.100489 57.619122 -6.404105 -2.379494 57.619122 -6.757659 -2.386434 57.472672 -6.757659 -2.061249 57.472672 -6.750628 -2.062029 57.475586 -6.744160 -2.062747 57.478264 -7.098571 -2.099086 57.613884 -6.757659 -2.061249 57.472672 -6.757659 -2.386434 57.472672 -7.111212 -2.402762 57.619122 -7.111212 -2.100489 57.619122 -7.130415 -2.112911 57.665482 -7.111212 -2.100489 57.619122 -7.111212 -2.402762 57.619122 -7.253766 -2.192704 57.963276 -7.257658 -2.418913 57.972672 -7.257658 -2.195222 57.972672 -7.111212 -2.157119 58.326229 -7.111212 -2.425426 58.326229 -6.757658 -2.418486 58.472672 -6.757658 -2.117879 58.472672 -6.770090 -2.119259 58.467525 -6.414352 -2.155981 58.330475 -6.757658 -2.117879 58.472672 -6.757658 -2.418486 58.472672 -6.404105 -2.402156 58.326229 -6.404105 -2.157119 58.326229 -6.688516 -3.466817 58.405415 -6.338172 -3.401830 58.262085 -6.485067 -4.475511 58.207497 -6.147254 -4.348402 58.076363 -6.159347 -5.407072 57.890633 -5.841540 -5.222742 57.778957 -5.722260 -6.240803 57.465439 -5.431252 -6.005355 57.379833 -5.184585 -6.956124 56.942387 -4.926603 -6.676738 56.888912 -4.557174 -7.532250 56.332043 -4.337838 -7.217376 56.316166 -3.855151 -7.946969 55.648090 -3.659881 -7.617934 55.656670 -2.556685 -8.647849 54.110882 -2.362023 -8.318484 54.120163 -1.911149 -9.021005 53.467079 -1.694516 -8.704356 53.453529 -1.344650 -9.527640 52.867359 -1.092504 -9.242753 52.816208 -1.344650 -9.527640 52.867359 -1.911149 -9.021005 53.467079 -2.211032 -9.152957 53.268639 -1.663721 -9.642434 52.689236 -2.418499 -9.022916 52.974453 -1.862810 -9.519887 52.386177 -1.663721 -9.642434 52.689236 -2.211032 -9.152957 53.268639 -2.852443 -8.781621 53.907948 -3.076045 -8.641442 53.630241 -4.150074 -8.081183 55.444164 
						-4.371890 -7.941958 55.164345 -4.853612 -7.666247 56.130035 -5.053501 -7.540877 55.828472 -5.497468 -7.075023 56.756378 -5.681973 -6.963780 56.439846 -5.497468 -7.075023 56.756378 -6.049193 -6.341004 57.293098 -6.220539 -6.247272 56.963764 -5.681973 -6.963780 56.439846 -6.497684 -5.485526 57.729378 -6.658358 -5.412145 57.389664 -6.831921 -4.529607 58.054527 -6.984630 -4.479005 57.707073 -7.040704 -3.494463 58.257629 -7.188428 -3.468577 57.905327 -7.111212 -2.425426 58.326229 -7.257658 -2.418913 57.972672 -6.485067 -4.475511 58.207497 -6.688516 -3.466817 58.405415 -7.040704 -3.494463 58.257629 -6.831921 -4.529607 58.054527 -7.045155 -3.404322 57.554863 -6.853742 -4.353342 57.368652 -6.984630 -4.479005 57.707073 -7.188428 -3.468577 57.905327 -6.694811 -3.339336 57.411541 -6.515927 -4.226233 57.237518 -6.853742 -4.353342 57.368652 -7.045155 -3.404322 57.554863 -6.229442 -5.045587 56.958820 -6.547249 -5.229917 57.070492 -5.844916 -5.779055 56.584759 -6.135924 -6.014503 56.670361 -5.372036 -6.408175 56.124733 -5.630017 -6.687562 56.178207 -4.820413 -6.914704 55.588123 -5.039749 -7.229579 55.604000 -4.195392 -7.281814 54.981133 -4.390661 -7.610848 54.972553 -2.901845 -7.980063 53.449715 -3.096508 -8.309426 53.440434 -2.195385 -8.390412 52.743294 -2.412017 -8.707061 52.756851 -1.573146 -8.946898 52.084564 -1.825293 -9.231786 52.135719 -2.606087 -7.846290 53.652653 -1.895502 -8.258458 52.941734 -2.195385 -8.390412 52.743294 -2.901845 -7.980063 53.449715 -1.254076 -8.832105 52.262688 -1.573146 -8.946898 52.084564 -2.382485 -7.986470 53.930363 -1.688035 -8.388499 53.235920 -1.895502 -8.258458 52.941734 -2.606087 -7.846290 53.652653 -1.054987 -8.954652 52.565750 -1.254076 -8.832105 52.262688 -2.362023 -8.318484 54.120163 -1.694516 -8.704356 53.453529 -1.688035 -8.388499 53.235920 -2.382485 -7.986470 53.930363 -3.900468 -7.147599 55.185055 -3.678652 -7.286824 55.464874 -4.523975 -6.780707 55.790131 
						-4.324086 -6.906079 56.091690 -5.059153 -6.289280 56.310741 -4.874648 -6.400521 56.627274 -5.059153 -6.289280 56.310741 -5.517983 -5.678850 56.757099 -5.346638 -5.772586 57.086430 -4.874648 -6.400521 56.627274 -5.891105 -4.967134 57.120071 -5.730431 -5.040514 57.459778 -6.169074 -4.172136 57.390488 -6.016365 -4.222740 57.737946 -6.342623 -3.311688 57.559311 -6.194898 -3.337573 57.911621 -6.515927 -4.226233 57.237518 -6.694811 -3.339336 57.411541 -6.342623 -3.311688 57.559311 -6.169074 -4.172136 57.390488 -6.338172 -3.401830 58.262085 -6.147254 -4.348402 58.076363 -6.016365 -4.222740 57.737946 -6.194898 -3.337573 57.911621 -6.229442 -5.045587 56.958820 -5.891105 -4.967134 57.120071 -5.841540 -5.222742 57.778957 -5.730431 -5.040514 57.459778 -5.844916 -5.779055 56.584759 -5.517983 -5.678850 56.757099 -5.431252 -6.005355 57.379833 -5.346638 -5.772586 57.086430 -5.372036 -6.408175 56.124733 -5.059153 -6.289280 56.310741 -4.926603 -6.676738 56.888912 -4.874648 -6.400521 56.627274 -4.820413 -6.914704 55.588123 -5.372036 -6.408175 56.124733 -5.059153 -6.289280 56.310741 -4.523975 -6.780707 55.790131 -4.337838 -7.217376 56.316166 -4.324086 -6.906079 56.091690 -4.195392 -7.281814 54.981133 -3.900468 -7.147599 55.185055 -3.659881 -7.617934 55.656670 -3.678652 -7.286824 55.464874 -2.418499 -9.022916 52.974453 -3.076045 -8.641442 53.630241 -3.096508 -8.309426 53.440434 -2.412017 -8.707061 52.756851 -1.825293 -9.231786 52.135719 -1.862810 -9.519887 52.386177 -4.371890 -7.941958 55.164345 -4.390661 -7.610848 54.972553 -5.053501 -7.540877 55.828472 -5.039749 -7.229579 55.604000 -5.681973 -6.963780 56.439846 -5.630017 -6.687562 56.178207 -6.220539 -6.247272 56.963764 -6.135924 -6.014503 56.670361 -6.658358 -5.412145 57.389664 -6.547249 -5.229917 57.070492 -6.159347 -5.407072 57.890633 -6.497684 -5.485526 57.729378 -5.722260 -6.240803 57.465439 -6.049193 -6.341004 57.293098 -5.184585 -6.956124 56.942387 
						-5.497468 -7.075023 56.756378 -4.557174 -7.532250 56.332043 -5.184585 -6.956124 56.942387 -5.497468 -7.075023 56.756378 -4.853612 -7.666247 56.130035 -3.855151 -7.946969 55.648090 -4.150074 -8.081183 55.444164 -2.556685 -8.647849 54.110882 -2.852443 -8.781621 53.907948 -1.092504 -9.242753 52.816208 -1.054987 -8.954652 52.565750 -6.257658 -2.386004 57.972672 -6.404105 -2.402156 58.326229 -6.404105 2.247693 58.326225 -6.338445 2.290167 58.167709 -6.301430 2.314111 58.078346 -6.257658 2.285796 57.972672 -6.257658 -2.195222 57.972672 -6.260918 -2.197331 57.980545 -6.301430 -2.223538 58.078346 -6.404105 -2.157119 58.326229 -7.111212 -2.157119 58.326229 -7.115775 -2.160071 58.315212 -7.213886 -2.223538 58.078346 -7.257658 -2.195222 57.972672 
					</float_array>
					<technique_common>
						<accessor count="281" offset="0" source="#meshId17-positions-array" stride="3">
							<param name="X" type="float" />
							<param name="Y" type="float" />
							<param name="Z" type="float" />
						</accessor>
					</technique_common>
				</source>
				<source id="meshId17-normals" name="meshId17-normals">
					<float_array id="meshId17-normals-array" count="843"> 
						0.382687 0.000000 0.923878 0.376926 0.172803 0.909981 0.376926 0.172803 0.909981 0.382678 0.000000 0.923882 0.382682 0.000000 0.923880 -0.382683 0.000000 0.923880 -0.382677 0.000000 0.923882 -0.376926 0.172803 0.909981 -0.376926 0.172803 0.909981 -0.382690 -0.000000 0.923877 -0.923878 0.000000 0.382686 -0.923880 0.000000 0.382681 -0.909981 0.172803 0.376926 -0.909981 0.172803 0.376926 -0.923878 0.000000 0.382687 -0.923880 -0.000000 0.382682 -0.923881 0.000000 -0.382680 -0.909981 0.172803 -0.376926 -0.909981 0.172804 -0.376926 -0.923878 -0.000000 -0.382687 -0.923879 0.000000 -0.382684 -0.382680 -0.000000 -0.923881 -0.376926 0.172804 -0.909981 -0.376926 0.172803 -0.909981 -0.382698 0.000000 -0.923873 -0.382687 -0.000000 -0.923878 -0.382677 -0.000000 -0.923882 0.382683 -0.000000 -0.923880 0.382690 0.000000 -0.923877 0.376926 0.172802 -0.909981 0.376926 0.172803 -0.909981 0.382675 0.000000 -0.923883 0.357407 0.357407 -0.862856 0.357409 0.357408 -0.862855 0.862856 0.357407 -0.357406 0.862856 0.357407 -0.357407 0.909981 0.172803 -0.376926 0.909981 0.172803 -0.376926 0.270599 0.923880 -0.270596 0.000000 0.923881 -0.382680 0.000000 1.000000 0.000001 0.382683 0.923880 0.000000 0.000000 0.923880 0.382682 0.270598 0.923880 0.270597 0.357407 0.357406 0.862856 0.357408 0.357405 0.862856 -0.382683 0.923880 0.000000 -0.270598 0.923880 0.270597 -0.862856 0.357407 0.357407 -0.862856 0.357407 0.357406 -0.270599 0.923880 -0.270596 -0.862856 0.357407 -0.357406 -0.862856 0.357407 -0.357406 -0.357407 0.357406 0.862856 -0.357408 0.357407 0.862856 0.909981 0.172803 0.376926 0.909981 0.172803 0.376926 0.862856 0.357407 0.357407 0.862856 0.357407 0.357406 -0.357408 0.357407 -0.862856 -0.357409 0.357405 -0.862856 0.923879 0.000000 -0.382684 0.923880 0.000000 -0.382682 0.923880 0.000000 -0.382682 
						0.923879 0.000000 -0.382684 0.923880 0.000000 -0.382683 0.923318 0.042603 -0.381666 0.923318 0.042601 -0.381666 0.923881 0.000000 -0.382681 0.923880 0.000000 -0.382682 0.382682 0.000001 -0.923880 0.381637 0.042116 -0.923352 0.381637 0.042116 -0.923352 0.382492 -0.000000 -0.923959 0.382714 -0.000006 -0.923867 0.382826 -0.000005 -0.923821 -0.382725 -0.000001 -0.923862 -0.382680 -0.000000 -0.923881 -0.383294 0.016947 -0.923471 -0.383298 0.016946 -0.923469 -0.382779 0.000000 -0.923840 -0.923880 0.000000 -0.382682 -0.923881 0.000000 -0.382679 -0.923435 -0.018116 -0.383327 -0.923886 -0.000000 -0.382668 -0.923435 -0.018118 -0.383326 -0.923896 0.000000 -0.382644 -0.382682 0.000000 0.923880 -0.381638 -0.042118 0.923352 -0.381637 -0.042118 0.923352 -0.382690 0.000000 0.923877 -0.382686 0.000000 0.923878 0.382711 -0.000001 0.923868 0.382681 0.000000 0.923881 0.383296 -0.016950 0.923470 0.383297 -0.016951 0.923470 0.382747 0.000000 0.923853 0.388421 -0.067083 0.919037 0.388421 -0.067083 0.919037 0.401281 -0.131263 0.906501 0.401280 -0.131264 0.906501 0.421904 -0.190373 0.886428 0.421903 -0.190376 0.886428 0.449583 -0.243158 0.859506 0.449583 -0.243158 0.859505 0.483718 -0.288503 0.826307 0.483719 -0.288500 0.826307 0.523476 -0.325231 0.787527 0.523531 -0.324971 0.787597 0.579244 -0.362790 0.729972 0.579291 -0.362549 0.730054 0.584036 -0.365367 0.724851 0.583962 -0.365565 0.724811 0.542758 -0.338421 0.768691 0.542695 -0.338635 0.768641 0.531106 -0.329953 0.780422 0.531106 -0.329951 0.780422 -0.057765 -0.788859 0.611854 -0.014797 -0.822360 0.568775 -0.014663 -0.822262 0.568920 -0.057763 -0.788858 0.611856 -0.565196 -0.824245 0.034247 -0.612799 -0.785668 0.084870 -0.612799 -0.785668 0.084870 -0.565291 -0.824188 0.034067 -0.508805 -0.860528 -0.024697 -0.508736 -0.860574 -0.024482 -0.510409 -0.859630 -0.022780 
						-0.510477 -0.859583 -0.023027 -0.572728 -0.818807 0.039223 -0.572771 -0.818789 0.038963 -0.673129 -0.726732 0.136958 -0.673131 -0.726730 0.136960 -0.673129 -0.726732 0.136958 -0.759068 -0.612498 0.220595 -0.759067 -0.612500 0.220594 -0.673131 -0.726730 0.136960 -0.828780 -0.479526 0.288406 -0.828779 -0.479530 0.288404 -0.880788 -0.330636 0.338958 -0.880787 -0.330638 0.338957 -0.913312 -0.169000 0.370539 -0.913313 -0.168996 0.370540 -0.923318 -0.042605 0.381666 -0.923318 -0.042603 0.381666 -0.338208 -0.326858 0.882485 -0.370306 -0.167070 0.913762 -0.370306 -0.167069 0.913762 -0.338206 -0.326858 0.882485 -0.918581 -0.071708 -0.388673 -0.904805 -0.140306 -0.402047 -0.904805 -0.140305 -0.402047 -0.918581 -0.071709 -0.388673 -0.388413 0.067082 -0.919041 -0.401280 0.131264 -0.906501 -0.401279 0.131263 -0.906502 -0.388414 0.067083 -0.919040 -0.421897 0.190381 -0.886430 -0.421897 0.190381 -0.886430 -0.449572 0.243170 -0.859508 -0.449571 0.243170 -0.859508 -0.483718 0.288503 -0.826307 -0.483718 0.288502 -0.826307 -0.523606 0.325337 -0.787396 -0.523782 0.325159 -0.787352 -0.578989 0.362647 -0.730246 -0.579162 0.362455 -0.730204 -0.583914 0.365318 -0.724974 -0.583751 0.365455 -0.725036 -0.542966 0.338572 -0.768477 -0.542818 0.338702 -0.768524 -0.531109 0.329946 -0.780422 -0.531109 0.329947 -0.780422 -0.052695 0.867178 -0.495202 0.014456 0.822411 -0.568710 0.014663 0.822435 -0.568670 -0.052495 0.867217 -0.495156 0.057761 0.788859 -0.611853 0.057763 0.788860 -0.611853 0.508861 0.860504 0.024373 0.564994 0.824393 -0.034037 0.565168 0.824277 -0.033957 0.509014 0.860411 0.024469 0.612800 0.785668 -0.084869 0.612800 0.785668 -0.084869 0.772566 0.350501 0.529425 0.782730 0.342115 0.519895 0.782796 0.341895 0.519940 0.772609 0.350310 0.529489 0.510539 0.859557 0.022621 0.510733 0.859439 0.022751 0.572476 0.818995 -0.038978 
						0.572645 0.818884 -0.038809 0.673131 0.726731 -0.136960 0.673129 0.726732 -0.136958 0.673131 0.726731 -0.136960 0.759066 0.612501 -0.220596 0.759067 0.612499 -0.220597 0.673129 0.726732 -0.136958 0.828777 0.479532 -0.288407 0.828778 0.479528 -0.288408 0.880789 0.330638 -0.338954 0.880789 0.330636 -0.338955 0.913314 0.168995 -0.370538 0.913313 0.168999 -0.370537 0.338205 0.326861 -0.882485 0.370292 0.167063 -0.913769 0.370292 0.167065 -0.913769 0.338206 0.326860 -0.882485 0.918581 0.071709 0.388674 0.904804 0.140304 0.402050 0.904804 0.140304 0.402050 0.918581 0.071708 0.388673 0.286832 0.474049 -0.832469 0.286832 0.474047 -0.832470 0.882751 0.203501 0.423484 0.882750 0.203502 0.423485 0.217910 0.605496 -0.765435 0.217910 0.605495 -0.765436 0.853167 0.259936 0.452261 0.853166 0.259937 0.452261 0.132920 0.718418 -0.682794 0.132919 0.718419 -0.682793 0.816686 0.308398 0.487765 0.816687 0.308397 0.487764 0.033353 0.809625 -0.585999 0.132920 0.718418 -0.682794 0.132919 0.718419 -0.682793 0.033576 0.809698 -0.585886 0.773937 0.347326 0.529515 0.773885 0.347575 0.529428 -0.048026 0.864638 -0.500094 -0.047787 0.864704 -0.500003 0.770392 0.351712 0.531784 0.770319 0.351955 0.531729 -0.782910 -0.341817 -0.519821 -0.772399 -0.350431 -0.529714 -0.772452 -0.350574 -0.529543 -0.782935 -0.341964 -0.519685 -0.808865 -0.322243 -0.491831 -0.808865 -0.322243 -0.491831 -0.770180 -0.352038 -0.531876 -0.770136 -0.351857 -0.532059 -0.774140 -0.347385 -0.529179 -0.774075 -0.347234 -0.529374 -0.816686 -0.308397 -0.487765 -0.816687 -0.308397 -0.487764 -0.853167 -0.259936 -0.452261 -0.853166 -0.259937 -0.452261 -0.882750 -0.203502 -0.423485 -0.882750 -0.203503 -0.423485 -0.286833 -0.474044 0.832472 -0.286833 -0.474046 0.832471 -0.217918 -0.605494 0.765434 -0.217917 -0.605495 0.765433 -0.132919 -0.718420 0.682792 
						-0.132919 -0.718419 0.682794 -0.033604 -0.809439 0.586241 -0.132919 -0.718420 0.682792 -0.132919 -0.718419 0.682794 -0.033698 -0.809588 0.586031 0.048147 -0.864725 0.499933 0.048043 -0.864849 0.499728 0.052701 -0.867333 0.494931 0.052824 -0.867235 0.495089 0.808865 0.322243 0.491830 0.808865 0.322243 0.491830 0.923436 0.018117 0.383326 0.923435 0.018118 0.383326 0.923878 -0.000000 0.382686 0.923880 0.000000 0.382683 0.923881 0.000000 0.382681 0.923880 0.000000 0.382682 0.923883 -0.000000 0.382675 0.923882 -0.000000 0.382678 0.923880 -0.000000 0.382682 0.923880 0.000000 0.382682 -0.923880 0.000000 0.382684 -0.923879 0.000000 0.382684 -0.923880 -0.000000 0.382683 -0.923880 -0.000000 0.382682 
					</float_array>
					<technique_common>
						<accessor count="281" offset="0" source="#meshId17-normals-array" stride="3">
							<param name="X" type="float" />
							<param name="Y" type="float" />
							<param name="Z" type="float" />
						</accessor>
					</technique_common>
				</source>
				<source id="meshId17-tangents" name="meshId17-tangents">
					<float_array id="meshId17-tangents-array" count="843"> 
						0.689431 -0.665682 -0.285574 0.707811 -0.687423 -0.162644 0.707813 -0.687420 -0.162646 0.689418 -0.665701 -0.285561 0.689425 -0.665691 -0.285568 0.689375 -0.665752 0.285548 0.689375 -0.665753 0.285543 0.660629 -0.638464 0.394883 0.660646 -0.638444 0.394887 0.689374 -0.665749 0.285554 -0.381890 0.064477 -0.921956 -0.381886 0.064457 -0.921959 -0.371333 0.064894 -0.926229 -0.371334 0.064893 -0.926229 -0.381892 0.064462 -0.921956 -0.381887 0.064419 -0.921961 0.381883 0.064517 -0.921956 0.392273 0.064183 -0.917607 0.392273 0.064183 -0.917607 0.381893 0.064401 -0.921960 0.381888 0.064454 -0.921958 -0.401110 0.900837 0.166143 -0.383866 0.864958 0.323256 -0.383867 0.864958 0.323256 -0.401091 0.900845 0.166145 -0.401103 0.900840 0.166144 -0.401114 0.900835 0.166144 -0.401074 0.900856 -0.166130 -0.401066 0.900859 -0.166130 -0.404655 0.914450 0.006038 -0.404660 0.914447 0.006035 -0.401080 0.900853 -0.166128 -0.398027 0.894068 0.205467 -0.398041 0.894063 0.205460 -0.382683 0.000001 -0.923880 -0.382683 -0.000000 -0.923880 -0.382683 0.000002 -0.923880 -0.382683 0.000002 -0.923880 -0.000953 -0.280825 -0.959758 0.000000 -0.382680 -0.923881 0.000000 0.000001 -1.000000 0.000000 -0.000000 -1.000000 0.000000 0.382682 -0.923880 0.000953 0.280827 -0.959758 0.719281 -0.694644 -0.010206 0.719286 -0.694639 -0.010211 -0.000000 -0.000000 -1.000000 -0.000972 0.280821 -0.959760 -0.358719 0.065144 -0.931170 -0.358721 0.065140 -0.931169 0.000971 -0.280820 -0.959760 0.404334 0.063765 -0.912386 0.404333 0.063762 -0.912386 0.620707 -0.599417 0.505392 0.620755 -0.599368 0.505393 0.382683 0.000000 -0.923880 0.382683 0.000000 -0.923880 0.382683 0.000000 -0.923880 0.382683 -0.000000 -0.923880 -0.356796 0.801551 0.479804 -0.356795 0.801552 0.479803 -0.382684 -0.000005 -0.923879 -0.382682 0.000008 -0.923880 -0.382682 0.000004 -0.923880 
						-0.382684 -0.000006 -0.923879 -0.382683 0.000001 -0.923880 -0.382013 -0.000003 -0.924157 -0.382013 0.000002 -0.924157 -0.382681 0.000096 -0.923881 -0.382682 0.000059 -0.923880 -0.401113 0.900835 -0.166145 -0.403453 0.906365 -0.125412 -0.403452 0.906365 -0.125413 -0.400996 0.900914 -0.166001 -0.400961 0.900910 -0.166105 -0.401013 0.900873 -0.166183 -0.400998 0.900892 0.166119 -0.401108 0.900838 0.166143 -0.399912 0.898206 0.182470 -0.399906 0.898210 0.182469 -0.400869 0.900953 0.166094 0.381884 0.064532 -0.921954 0.381881 0.064561 -0.921954 0.381513 0.064481 -0.922112 0.381886 0.063904 -0.921998 0.381514 0.064440 -0.922114 0.381882 0.063086 -0.922055 0.689366 -0.665762 0.285544 0.695169 -0.671451 0.256698 0.695157 -0.671466 0.256692 0.688736 -0.666522 0.285289 0.689038 -0.666159 0.285411 0.689510 -0.665576 -0.285630 0.689359 -0.665771 -0.285540 0.686820 -0.663267 -0.297246 0.686839 -0.663243 -0.297255 0.689658 -0.665383 -0.285721 0.677942 -0.654697 -0.334313 0.677943 -0.654698 -0.334313 0.663444 -0.640695 -0.386461 0.663444 -0.640695 -0.386461 0.645552 -0.623420 -0.441145 0.645552 -0.623420 -0.441146 0.624191 -0.602785 -0.497027 0.624190 -0.602786 -0.497027 0.599365 -0.578797 -0.552951 0.599368 -0.578794 -0.552951 0.571311 -0.551737 -0.607610 0.571378 -0.551805 -0.607486 0.530449 -0.512202 -0.675480 0.530520 -0.512281 -0.675364 0.526837 -0.508722 -0.680915 0.526794 -0.508677 -0.680981 0.557951 -0.538808 -0.631171 0.557901 -0.538757 -0.631259 0.566299 -0.546898 -0.616610 0.566300 -0.546898 -0.616609 -0.055279 -0.609410 -0.790926 -0.057424 -0.567199 -0.821576 -0.057419 -0.567350 -0.821472 -0.055277 -0.609411 -0.790925 -0.068568 0.005567 -0.997631 -0.069695 -0.053246 -0.996146 -0.069679 -0.053258 -0.996147 -0.068557 0.005785 -0.997630 -0.069573 0.069696 -0.995139 -0.069573 0.069439 -0.995157 -0.069548 0.067669 -0.995281 
						-0.069547 0.067963 -0.995261 -0.068385 0.000043 -0.997659 -0.068379 0.000358 -0.997659 -0.100221 -0.093844 -0.990530 -0.100221 -0.093846 -0.990530 -0.286119 0.085151 -0.954403 -0.326659 0.065241 -0.942888 -0.326659 0.065241 -0.942888 -0.286121 0.085152 -0.954402 -0.361204 0.064803 -0.930232 -0.361203 0.064803 -0.930233 -0.379401 0.064481 -0.922983 -0.379400 0.064478 -0.922983 -0.385373 0.064379 -0.920512 -0.385373 0.064374 -0.920513 -0.383757 0.064456 -0.921182 -0.383757 0.064440 -0.921183 0.718682 -0.695106 0.017975 0.709456 -0.685851 0.162110 0.709457 -0.685850 0.162113 0.718683 -0.695106 0.017974 0.384601 0.064378 -0.920835 0.396924 0.064016 -0.915616 0.396924 0.064015 -0.915616 0.384601 0.064375 -0.920835 -0.395610 0.888618 0.232058 -0.388206 0.872022 0.298118 -0.388209 0.872021 0.298118 -0.395614 0.888616 0.232060 -0.378975 0.851163 0.363180 -0.378973 0.851164 0.363179 -0.367944 0.826392 0.426256 -0.367945 0.826391 0.426256 -0.355355 0.798050 0.486661 -0.355354 0.798051 0.486660 -0.341399 0.766643 0.543787 -0.341413 0.766670 0.543741 -0.321460 0.721555 0.613207 -0.321475 0.721590 0.613158 -0.319586 0.717477 0.618944 -0.319585 0.717471 0.618951 -0.334803 0.751965 0.567852 -0.334797 0.751953 0.567871 -0.338977 0.761403 0.552594 -0.338977 0.761403 0.552594 -0.000006 -0.495891 -0.868385 -0.000011 -0.568770 -0.822497 -0.000010 -0.568731 -0.822524 -0.000006 -0.495840 -0.868414 -0.000025 -0.612875 -0.790180 -0.000024 -0.612875 -0.790180 0.000016 0.028303 -0.999599 0.001251 -0.042109 -0.999112 0.001249 -0.042016 -0.999116 0.000014 0.028419 -0.999596 0.000015 -0.107408 -0.994215 0.000017 -0.107409 -0.994215 0.565297 -0.000037 -0.824888 0.553312 -0.000101 -0.832974 0.553312 -0.000100 -0.832974 0.565321 -0.000036 -0.824871 0.000016 0.026298 -0.999654 0.000018 0.026452 -0.999650 0.001405 -0.048518 -0.998821 
						0.001405 -0.048320 -0.998831 -0.034664 -0.153990 -0.987464 -0.034660 -0.153991 -0.987464 -0.223913 0.023778 -0.974319 -0.278370 -0.000940 -0.960473 -0.278371 -0.000939 -0.960473 -0.223908 0.023774 -0.974320 -0.328460 -0.000387 -0.944518 -0.328463 -0.000382 -0.944517 -0.359114 -0.000123 -0.933294 -0.359114 -0.000125 -0.933294 -0.375944 -0.000004 -0.926642 -0.375944 -0.000006 -0.926642 -0.399916 0.898777 0.179631 -0.406371 0.913705 0.002376 -0.406376 0.913703 0.002375 -0.399919 0.898776 0.179628 0.389675 0.000021 -0.920952 0.406066 0.000005 -0.913844 0.406066 0.000008 -0.913844 0.389675 0.000019 -0.920953 -0.380179 0.853952 0.355289 -0.380174 0.853954 0.355290 0.432540 -0.000024 -0.901615 0.432540 -0.000022 -0.901615 -0.347926 0.780948 0.518717 -0.347928 0.780948 0.518716 0.468372 -0.000050 -0.883531 0.468373 -0.000050 -0.883531 -0.339104 0.680295 0.649775 -0.339106 0.680294 0.649775 0.512775 -0.000062 -0.858523 0.512775 -0.000062 -0.858523 0.000016 -0.586325 -0.810076 -0.009000 -0.688004 -0.725651 -0.008997 -0.688003 -0.725652 0.000015 -0.586217 -0.810154 0.564691 -0.000072 -0.825303 0.564654 -0.000073 -0.825328 -0.000006 -0.500672 -0.865637 -0.000008 -0.500575 -0.865693 0.568093 -0.000041 -0.822965 0.568090 -0.000042 -0.822967 0.534233 0.058813 -0.843289 0.546470 0.058366 -0.835443 0.546306 0.058371 -0.835549 0.534108 0.058819 -0.843368 0.500929 0.060370 -0.863380 0.500931 0.060363 -0.863380 0.549129 0.058232 -0.833706 0.549300 0.058223 -0.833594 0.545376 0.058377 -0.836156 0.545565 0.058366 -0.836033 0.494865 0.060548 -0.866858 0.494863 0.060551 -0.866859 0.452613 0.062129 -0.889540 0.452613 0.062131 -0.889540 0.419772 0.063284 -0.905421 0.419773 0.063281 -0.905421 0.710943 -0.687780 -0.146690 0.710943 -0.687780 -0.146693 0.679455 -0.657128 -0.326380 0.679455 -0.657128 -0.326381 0.666748 -0.574535 -0.474718 
						0.666748 -0.574536 -0.474717 -0.056604 -0.584090 -0.809713 -0.062734 -0.681425 -0.729194 -0.062735 -0.681427 -0.729193 -0.056614 -0.583876 -0.809866 -0.060324 -0.502117 -0.862693 -0.060330 -0.501905 -0.862816 -0.060478 -0.497482 -0.865364 -0.060473 -0.497650 -0.865267 0.519544 -0.000000 -0.854444 0.519544 -0.000000 -0.854444 0.383389 -0.000021 -0.923587 0.383389 -0.000001 -0.923587 0.382686 -0.000003 -0.923878 0.382683 0.000004 -0.923880 0.382681 0.000008 -0.923881 0.382682 0.000004 -0.923880 0.382675 0.000161 -0.923883 0.382678 0.000049 -0.923882 0.382682 -0.000035 -0.923880 0.382682 0.000001 -0.923880 -0.381879 0.064830 -0.921936 -0.381882 0.064690 -0.921944 -0.381886 0.064491 -0.921957 -0.381886 0.064462 -0.921959 
					</float_array>
					<technique_common>
						<accessor count="281" offset="0" source="#meshId17-tangents-array" stride="3">
							<param name="X" type="float" />
							<param name="Y" type="float" />
							<param name="Z" type="float" />
						</accessor>
					</technique_common>
				</source>
				<source id="meshId17-bitangents" name="meshId17-bitangents">
					<float_array id="meshId17-bitangents-array" count="843"> 
						0.615009 0.746236 -0.254748 0.597437 0.705400 -0.381420 0.597434 0.705402 -0.381419 0.615029 0.746219 -0.254749 0.615018 0.746228 -0.254748 0.615074 0.746174 0.254772 0.615077 0.746172 0.254768 0.649227 0.750002 0.126495 0.649210 0.750019 0.126485 0.615070 0.746176 0.254775 -0.024675 -0.997919 -0.059569 -0.024666 -0.997920 -0.059550 -0.184516 -0.982816 0.005115 -0.184515 -0.982816 0.005116 -0.024669 -0.997920 -0.059555 -0.024652 -0.997923 -0.059515 0.024689 -0.997917 -0.059607 -0.134373 -0.982863 -0.126191 -0.134374 -0.982863 -0.126191 0.024646 -0.997924 -0.059499 0.024665 -0.997921 -0.059548 0.832266 0.434157 -0.344733 0.842955 0.471154 -0.259691 0.842955 0.471156 -0.259692 0.832267 0.434141 -0.344752 0.832266 0.434151 -0.344740 0.832265 0.434162 -0.344729 0.832282 0.434119 0.344742 0.832283 0.434112 0.344749 0.833176 0.365952 0.414605 0.833173 0.365958 0.414606 0.832283 0.434124 0.344734 0.844887 0.270005 0.461804 0.844880 0.270018 0.461809 -0.330201 0.933949 0.136775 -0.330201 0.933949 0.136773 -0.159648 0.984956 0.066130 -0.159649 0.984956 0.066131 -0.962692 0.259967 -0.075111 -1.000000 0.000000 -0.000000 -1.000000 0.000000 -0.000000 -0.923880 0.382683 -0.000000 -1.000000 0.000000 0.000000 -0.962692 0.259966 0.075110 0.595730 0.624284 -0.505346 0.595724 0.624290 -0.505346 -0.923880 -0.382683 0.000000 -0.962692 -0.259972 -0.075091 -0.356089 -0.931674 0.071999 -0.356088 -0.931674 0.072002 -0.962692 -0.259973 0.075092 -0.303303 -0.931769 -0.199532 -0.303305 -0.931770 -0.199529 0.697841 0.716212 -0.007609 0.697799 0.716253 -0.007644 -0.159649 0.984956 -0.066128 -0.159649 0.984956 -0.066129 -0.330201 0.933949 -0.136773 -0.330201 0.933949 -0.136773 0.863108 0.479349 -0.158959 0.863108 0.479349 -0.158962 -0.000002 1.000000 -0.000005 0.000003 1.000000 0.000007 0.000002 1.000000 0.000004 
						-0.000002 1.000000 -0.000006 0.000000 1.000000 0.000001 -0.039373 0.999092 0.016272 -0.039369 0.999092 0.016276 0.000037 1.000000 0.000088 0.000022 1.000000 0.000054 0.832264 0.434161 0.344734 0.831612 0.420391 0.362894 0.831613 0.420390 0.362894 0.832407 0.433998 0.344592 0.832322 0.434005 0.344789 0.832246 0.434083 0.344875 0.832299 0.434044 -0.344795 0.832267 0.434156 -0.344732 0.832560 0.439247 -0.337500 0.832561 0.439240 -0.337505 0.832337 0.433916 -0.344866 0.024695 -0.997916 -0.059620 0.024706 -0.997914 -0.059647 0.041423 -0.997755 -0.052632 0.024454 -0.997956 -0.059040 0.041409 -0.997757 -0.052594 0.024139 -0.998008 -0.058285 0.615084 0.746164 0.254775 0.609174 0.739851 0.285530 0.609188 0.739838 0.285535 0.615785 0.745485 0.255071 0.615450 0.745810 0.254929 0.614904 0.746330 -0.254723 0.615093 0.746156 -0.254778 0.617546 0.748191 -0.242586 0.617523 0.748212 -0.242576 0.614716 0.746502 -0.254673 0.624118 0.752908 -0.208819 0.624118 0.752908 -0.208820 0.631519 0.756492 -0.170013 0.631519 0.756492 -0.170012 0.636600 0.758357 -0.140128 0.636601 0.758357 -0.140125 0.638953 0.759950 -0.119225 0.638954 0.759950 -0.119226 0.637792 0.762732 -0.107056 0.637789 0.762735 -0.107056 0.632121 0.767992 -0.103013 0.632015 0.768053 -0.103206 0.618950 0.778481 -0.104248 0.618846 0.778541 -0.104420 0.617531 0.779557 -0.104623 0.617638 0.779493 -0.104471 0.627778 0.771465 -0.103620 0.627877 0.771406 -0.103456 0.630263 0.769437 -0.103609 0.630262 0.769438 -0.103610 0.996799 -0.079510 -0.008405 0.998240 -0.044818 -0.038831 0.998243 -0.044712 -0.038895 0.996799 -0.079508 -0.008404 0.822102 -0.566205 -0.059663 0.787159 -0.616353 -0.022128 0.787160 -0.616352 -0.022108 0.822038 -0.566287 -0.059774 0.858066 -0.504613 -0.095331 0.858107 -0.504569 -0.095199 0.857115 -0.506416 -0.094324 
						0.857074 -0.506456 -0.094475 0.816888 -0.574069 -0.056019 0.816858 -0.574095 -0.056193 0.732702 -0.680481 -0.009664 0.732701 -0.680482 -0.009662 0.681933 -0.681623 -0.265250 0.563125 -0.787776 -0.249600 0.563127 -0.787774 -0.249601 0.681931 -0.681625 -0.265251 0.427381 -0.875132 -0.226914 0.427385 -0.875130 -0.226915 0.283315 -0.941553 -0.182238 0.283318 -0.941552 -0.182236 0.131712 -0.983511 -0.123926 0.131710 -0.983512 -0.123920 0.014646 -0.997011 -0.075863 0.014650 -0.997012 -0.075848 0.607545 0.640306 0.469997 0.599621 0.708305 0.372504 0.599620 0.708307 0.372503 0.607546 0.640306 0.469997 0.091053 -0.995346 -0.031557 0.154204 -0.988037 -0.002231 0.154203 -0.988037 -0.002231 0.091053 -0.995346 -0.031555 0.832243 0.453716 -0.318613 0.829621 0.471537 -0.298967 0.829620 0.471540 -0.298966 0.832241 0.453720 -0.318611 0.823639 0.489160 -0.286953 0.823640 0.489157 -0.286954 0.813943 0.507883 -0.282050 0.813942 0.507884 -0.282049 0.799838 0.529038 -0.283510 0.799838 0.529038 -0.283511 0.780566 0.553547 -0.290349 0.780442 0.553614 -0.290555 0.749290 0.589785 -0.301196 0.749150 0.589860 -0.301398 0.746263 0.593102 -0.302194 0.746391 0.593024 -0.302031 0.770127 0.565613 -0.294936 0.770233 0.565550 -0.294777 0.776542 0.558033 -0.292544 0.776542 0.558033 -0.292543 -0.998611 -0.045757 0.026136 -0.999896 0.011896 -0.008214 -0.999893 0.012066 -0.008331 -0.998621 -0.045584 0.026035 -0.998330 0.045657 -0.035381 -0.998330 0.045658 -0.035382 -0.860849 0.508658 0.014388 -0.825094 0.564450 -0.024823 -0.824975 0.564626 -0.024776 -0.860758 0.508808 0.014453 -0.790238 0.609253 -0.065832 -0.790238 0.609253 -0.065834 -0.289104 0.936562 -0.198166 -0.284920 0.939658 -0.189375 -0.284738 0.939738 -0.189253 -0.288941 0.936634 -0.198065 -0.859855 0.510363 0.013412 -0.859740 0.510554 0.013494 -0.819920 0.571747 -0.028926 
						-0.819802 0.571921 -0.028821 -0.738711 0.669440 -0.078464 -0.738712 0.669438 -0.078467 -0.704811 0.686511 0.178730 -0.588498 0.790470 0.169788 -0.588496 0.790471 0.169789 -0.704814 0.686510 0.178724 -0.453038 0.877524 0.157186 -0.453033 0.877526 0.157191 -0.308624 0.943758 0.118629 -0.308623 0.943758 0.118626 -0.156600 0.985617 0.063529 -0.156604 0.985616 0.063529 0.851871 0.292167 0.434688 0.835312 0.370449 0.406227 0.835310 0.370454 0.406228 0.851870 0.292171 0.434689 -0.066049 0.997426 -0.027924 -0.128218 0.990108 -0.056968 -0.128219 0.990108 -0.056966 -0.066047 0.997426 -0.027925 0.879313 0.214579 0.425164 0.879315 0.214575 0.425162 -0.183470 0.979075 -0.088044 -0.183471 0.979075 -0.088042 0.911846 0.153281 0.380844 0.911845 0.153283 0.380845 -0.229639 0.965626 -0.121790 -0.229640 0.965626 -0.121789 0.931312 0.145170 0.334043 0.931311 0.145172 0.334044 -0.264737 0.951257 -0.158189 -0.264736 0.951258 -0.158189 -0.999444 0.027009 -0.019569 -0.991086 0.102598 -0.084984 -0.991086 0.102596 -0.084985 -0.999436 0.027193 -0.019695 -0.286612 0.937744 -0.196187 -0.286825 0.937652 -0.196316 -0.998846 -0.041570 0.024050 -0.998858 -0.041365 0.023928 -0.289424 0.936108 -0.199837 -0.289625 0.936017 -0.199975 0.318823 -0.937925 0.136565 0.323683 -0.934768 0.146418 0.323832 -0.934714 0.146432 0.318969 -0.937870 0.136594 0.307910 -0.944730 0.112590 0.307907 -0.944731 0.112595 0.324468 -0.934173 0.148465 0.324284 -0.934241 0.148436 0.321360 -0.935904 0.144263 0.321196 -0.935961 0.144259 0.296870 -0.949329 0.103167 0.296871 -0.949329 0.103163 0.259322 -0.963625 0.064644 0.259324 -0.963625 0.064643 0.211055 -0.977027 0.029560 0.211055 -0.977027 0.029564 0.642095 0.549764 0.534297 0.642096 0.549763 0.534297 0.700609 0.448953 0.554606 0.700609 0.448953 0.554606 0.733335 0.392151 0.555371 
						0.733335 0.392152 0.555371 0.997831 -0.060393 -0.026190 0.989140 -0.139758 0.045505 0.989139 -0.139758 0.045505 0.997827 -0.060468 -0.026159 0.997017 0.011378 -0.076339 0.997022 0.011304 -0.076289 0.996777 0.015673 -0.078672 0.996771 0.015768 -0.078732 -0.275339 0.946657 -0.167420 -0.275339 0.946657 -0.167420 -0.016725 0.999836 -0.006965 -0.016733 0.999836 -0.006947 0.000001 1.000000 -0.000002 -0.000002 1.000000 0.000004 -0.000003 1.000000 0.000008 -0.000001 1.000000 0.000003 -0.000062 1.000000 0.000149 -0.000019 1.000000 0.000046 0.000013 1.000000 -0.000032 -0.000000 1.000000 0.000001 -0.024809 -0.997896 -0.059895 -0.024756 -0.997905 -0.059765 -0.024679 -0.997918 -0.059582 -0.024669 -0.997920 -0.059555 
					</float_array>
					<technique_common>
						<accessor count="281" offset="0" source="#meshId17-bitangents-array" stride="3">
							<param name="X" type="float" />
							<param name="Y" type="float" />
							<param name="Z" type="float" />
						</accessor>
					</technique_common>
				</source>
				<source id="meshId17-tex0" name="meshId17-tex0">
					<float_array id="meshId17-tex0-array" count="562"> 
						0.479740 0.541446 0.461581 0.560250 0.459851 0.558580 0.478195 0.539583 0.478898 0.540431 0.477149 0.538776 0.478195 0.539583 0.459851 0.558580 0.458121 0.556909 0.476280 0.538105 0.088076 0.703205 0.086720 0.703469 0.088543 0.677392 0.090942 0.677559 0.088433 0.703136 0.089137 0.703378 0.089137 0.703378 0.090942 0.677559 0.093341 0.677727 0.091491 0.704188 0.090424 0.703821 0.524845 0.619253 0.549074 0.630040 0.548096 0.632237 0.523624 0.621340 0.523890 0.620885 0.524188 0.620377 0.523229 0.622580 0.523624 0.621340 0.548096 0.632237 0.547118 0.634433 0.522889 0.623646 0.550293 0.633214 0.549601 0.634768 0.481349 0.115650 0.479649 0.115650 0.479649 0.113246 0.482053 0.113246 0.476403 0.467826 0.477129 0.469579 0.474651 0.469579 0.474651 0.467100 0.472172 0.469579 0.472898 0.467826 0.459403 0.561491 0.458180 0.560310 0.474651 0.472058 0.472898 0.471332 0.089413 0.675042 0.091110 0.675160 0.476403 0.471332 0.091110 0.675160 0.092806 0.675279 0.458180 0.560310 0.456957 0.559128 0.477244 0.113246 0.479649 0.113246 0.479649 0.115650 0.477948 0.115650 0.550984 0.631661 0.550293 0.633214 0.479649 0.087364 0.480741 0.087071 0.481188 0.086951 
						0.482053 0.086720 0.185713 0.570242 0.185713 0.568823 0.188343 0.568871 0.188343 0.570946 0.188257 0.570923 0.387909 0.340689 0.385998 0.339838 0.387029 0.337394 0.389257 0.338386 0.389230 0.338432 0.389205 0.338474 0.390037 0.335935 0.389257 0.338386 0.387029 0.337394 0.387995 0.334923 0.390066 0.335845 0.751146 0.751186 0.751496 0.751118 0.751340 0.753356 0.748900 0.751622 0.748713 0.753293 0.748829 0.751636 0.320020 0.317824 0.321415 0.316379 0.323283 0.318255 0.321720 0.319874 0.321660 0.319802 0.323766 0.321454 0.321720 0.319874 0.323283 0.318255 0.325102 0.320182 0.323828 0.321501 0.329107 0.312970 0.330656 0.315141 0.335448 0.308596 0.336606 0.311037 0.342047 0.305273 0.342799 0.307918 0.348736 0.303056 0.349079 0.305837 0.355351 0.302000 0.355288 0.304846 0.361726 0.302161 0.361270 0.304997 0.367663 0.303578 0.367004 0.306365 0.378301 0.306556 0.377636 0.309342 0.383717 0.307903 0.383237 0.310735 0.389403 0.308121 0.389279 0.310967 0.667401 0.678187 0.663301 0.673733 0.664907 0.671640 0.668868 0.675942 0.667167 0.670272 0.671188 0.674640 0.668868 0.675942 0.664907 0.671640 0.660556 0.666618 0.662703 0.665123 0.649976 0.656334 
						0.652138 0.654853 0.645316 0.650833 0.647626 0.649524 0.641061 0.645800 0.643472 0.644611 0.755309 0.788402 0.751715 0.782688 0.754202 0.782165 0.757711 0.787742 0.748927 0.776127 0.751480 0.775760 0.747014 0.768880 0.749613 0.768685 0.746046 0.761110 0.748668 0.761100 0.746092 0.753158 0.748713 0.753293 0.335448 0.308596 0.329107 0.312970 0.327354 0.310989 0.333862 0.306501 0.751297 0.760806 0.752184 0.767930 0.749613 0.768685 0.748668 0.761100 0.380309 0.334918 0.373688 0.333439 0.373848 0.330737 0.380933 0.332320 0.367201 0.332902 0.366908 0.330163 0.361004 0.333300 0.360279 0.330588 0.355252 0.334620 0.354125 0.332001 0.350100 0.336854 0.348612 0.334391 0.345678 0.340016 0.344020 0.337675 0.336950 0.346748 0.335287 0.344410 0.331984 0.350336 0.330476 0.347886 0.326274 0.352901 0.325091 0.350305 0.326988 0.607904 0.332289 0.602605 0.333769 0.604841 0.328501 0.610109 0.337353 0.597821 0.338681 0.600201 0.324917 0.606236 0.330095 0.601057 0.332289 0.602605 0.326988 0.607904 0.335093 0.596336 0.337353 0.597821 0.214370 0.524693 0.219329 0.521823 0.220948 0.524172 0.215782 0.527163 0.315560 0.617557 0.313473 0.615902 0.311047 0.622206 
						0.308798 0.620716 0.307165 0.626197 0.304804 0.624822 0.198075 0.539787 0.194755 0.544328 0.192305 0.543631 0.195721 0.538960 0.192055 0.549622 0.189528 0.549077 0.190043 0.555536 0.187459 0.555160 0.188788 0.561937 0.186167 0.561744 0.373688 0.333439 0.380309 0.334918 0.379425 0.337416 0.373001 0.335980 0.183560 0.561266 0.184941 0.554225 0.187459 0.555160 0.186167 0.561744 0.367201 0.332902 0.366707 0.335460 0.187154 0.547721 0.189528 0.549077 0.361004 0.333300 0.360693 0.335845 0.190123 0.541900 0.192305 0.543631 0.355252 0.334620 0.355112 0.337126 0.193774 0.536905 0.195721 0.538960 0.312554 0.624417 0.308552 0.628531 0.307165 0.626197 0.311047 0.622206 0.198035 0.532884 0.199705 0.535199 0.317080 0.619756 0.315560 0.617557 0.202941 0.529904 0.204367 0.532367 0.782306 0.804784 0.777647 0.801620 0.779225 0.799260 0.784081 0.802558 0.788409 0.806765 0.786405 0.808769 0.766649 0.795646 0.768241 0.793293 0.761939 0.792332 0.763763 0.790143 0.757711 0.787742 0.759791 0.785832 0.754202 0.782165 0.756495 0.780593 0.751480 0.775760 0.753938 0.774576 0.342047 0.305273 0.340633 0.303091 0.348736 0.303056 0.347497 0.300816 0.355351 0.302000 
						0.354285 0.299733 0.643686 0.652899 0.639539 0.647995 0.641061 0.645800 0.645316 0.650833 0.648333 0.658388 0.649976 0.656334 0.658920 0.668679 0.660556 0.666618 0.224070 0.517818 0.225933 0.519961 0.185713 0.568823 0.183083 0.568702 0.477244 0.087105 0.478322 0.087394 0.478930 0.087557 0.479649 0.087364 0.185713 0.570242 0.185654 0.570226 0.184927 0.570031 0.183083 0.570525 0.746231 0.751171 0.746311 0.751198 0.748032 0.751791 0.748829 0.751636 
					</float_array>
					<technique_common>
						<accessor count="281" offset="0" source="#meshId17-tex0-array" stride="2">
							<param name="S" type="float" />
							<param name="T" type="float" />
						</accessor>
					</technique_common>
				</source>
				<vertices id="meshId17-vertices">
					<input semantic="POSITION" source="#meshId17-positions" />
				</vertices>
				<polylist count="240" material="defaultMaterial">
					<input offset="0" semantic="VERTEX" source="#meshId17-vertices" />
					<input offset="0" semantic="NORMAL" source="#meshId17-normals" />
					<input offset="0" semantic="TANGENT" source="#meshId17-tangents" />
					<input offset="0" semantic="BINORMAL" source="#meshId17-bitangents" />
					<input offset="0" semantic="TEXCOORD" source="#meshId17-tex0" set="0" />
					<vcount>
						3 3 3 3 3 3 3 3 3 3 3 3 3 3 3 3 3 3 3 3 3 3 3 3 3 3 3 3 3 3 3 3 3 3 3 3 3 3 3 3 3 3 3 3 3 3 3 3 3 3 3 3 3 3 3 3 3 3 3 3 3 3 3 3 
						3 3 3 3 3 3 3 3 3 3 3 3 3 3 3 3 3 3 3 3 3 3 3 3 3 3 3 3 3 3 3 3 3 3 3 3 3 3 3 3 3 3 3 3 3 3 3 3 3 3 3 3 3 3 3 3 3 3 3 3 3 3 3 3 
						3 3 3 3 3 3 3 3 3 3 3 3 3 3 3 3 3 3 3 3 3 3 3 3 3 3 3 3 3 3 3 3 3 3 3 3 3 3 3 3 3 3 3 3 3 3 3 3 3 3 3 3 3 3 3 3 3 3 3 3 3 3 3 3 
						3 3 3 3 3 3 3 3 3 3 3 3 3 3 3 3 3 3 3 3 3 3 3 3 3 3 3 3 3 3 3 3 3 3 3 3 3 3 3 3 3 3 3 3 3 3 3 3 
					</vcount>
					<p>
						0 1 2 2 3 4 0 2 4 5 6 7 5 7 8 5 8 9 10 11 12 10 12 13 14 10 13 14 13 15 16 17 18 18 19 20 16 18 20 21 22 23 23 24 25 23 25 26 21 23 26 27 28 29 27 29 30 27 30 31 32 33 30 30 29 32 34 35 36 36 37 34 38 39 40 40 41 38 40 42 43 43 41 40 2 1 44 44 45 2 40 46 47 47 42 40 13 12 48 48 49 13 40 39 50 50 46 40 18 17 51 51 52 18 8 7 53 53 54 8 55 56 57 57 58 55 23 22 59 59 60 23 36 61 62 37 36 62 37 62 63 37 63 64 65 66 67 67 68 69 65 67 69 70 71 72 72 73 74 72 74 75 70 72 75 76 77 78 76 78 79 76 79 80 81 82 83 84 81 83 84 83 85 86 84 85 87 88 89 89 90 91 
						87 89 91 92 93 94 92 94 95 92 95 96 94 97 98 98 95 94 97 99 100 100 98 97 99 101 102 102 100 99 101 103 104 104 102 101 103 105 106 106 104 103 105 107 108 108 106 105 107 109 110 110 108 107 109 111 112 112 110 109 111 113 114 114 112 111 113 115 116 116 114 113 117 118 119 119 120 117 121 122 123 123 124 121 124 125 126 126 121 124 125 127 128 128 126 125 127 129 130 130 128 127 129 131 132 132 130 129 133 134 135 135 136 133 134 137 138 138 135 134 137 139 140 140 138 137 139 141 142 142 140 139 141 143 144 144 142 141 145 146 147 147 148 145 149 150 151 151 152 149 153 154 155 155 156 153 154 157 158 158 155 154 157 159 160 160 158 157 159 161 162 162 160 159 161 163 164 164 162 161 163 165 166 166 164 163 165 167 168 168 166 165 
						167 169 170 170 168 167 169 171 172 172 170 169 173 174 175 175 176 173 174 177 178 178 175 174 179 180 181 181 182 179 180 183 184 184 181 180 185 186 187 187 188 185 182 189 190 190 179 182 189 191 192 192 190 189 191 193 194 194 192 191 195 196 197 197 198 195 196 199 200 200 197 196 199 201 202 202 200 199 201 203 204 204 202 201 203 67 66 66 204 203 205 206 207 207 208 205 209 210 211 211 212 209 213 205 208 208 214 213 210 215 216 216 211 210 217 213 214 214 218 217 215 219 220 220 216 215 221 217 218 218 222 221 219 223 224 224 220 219 225 226 227 227 228 225 223 229 230 230 224 223 231 225 228 228 232 231 229 233 234 234 230 229 233 185 188 188 234 233 176 231 232 232 173 176 235 236 237 237 238 235 238 239 240 240 235 238 236 241 242 242 237 236 
						241 243 244 244 242 241 243 245 246 246 244 243 245 247 248 248 246 245 247 249 250 250 248 247 249 151 150 150 250 249 206 72 71 71 207 206 156 79 78 78 153 156 152 85 83 83 149 152 251 145 148 148 252 251 253 251 252 252 254 253 255 253 254 254 256 255 257 258 259 259 260 257 261 257 260 260 262 261 263 261 262 262 264 263 118 263 264 264 119 118 186 265 266 266 187 186 146 89 88 88 147 146 212 267 268 268 209 212 55 269 270 55 270 271 56 55 271 56 271 272 267 273 274 267 274 275 268 267 275 268 275 276 143 277 278 143 278 279 144 143 279 144 279 280 
					</p>
				</polylist>
			</mesh>
		</geometry>
		<geometry id="meshId18" name="meshId18_name" >
			<mesh>
				<source id="meshId18-positions" name="meshId18-positions">
					<float_array id="meshId18-positions-array" count="1152"> 
						-1.307576 -9.612996 53.012276 -0.959731 -9.241099 52.927185 -1.092504 -9.242753 52.816208 -1.092504 -9.242753 52.816208 -1.344650 -9.527640 52.867359 -1.307576 -9.612996 53.012276 -0.959731 -9.241099 52.927185 -0.902930 -8.867881 52.580029 -1.054987 -8.954652 52.565750 -1.054987 -8.954652 52.565750 -1.092504 -9.242753 52.816208 -0.959731 -9.241099 52.927185 -0.902930 -8.867881 52.580029 -1.166559 -8.707282 52.172222 -1.254076 -8.832105 52.262688 -1.254076 -8.832105 52.262688 -1.054987 -8.954652 52.565750 -0.902930 -8.867881 52.580029 -1.166559 -8.707282 52.172222 -1.598764 -8.852895 51.939838 -1.573146 -8.946898 52.084564 -1.573146 -8.946898 52.084564 -1.254076 -8.832105 52.262688 -1.166559 -8.707282 52.172222 -1.598764 -8.852895 51.939838 -1.949860 -9.220399 52.017040 -1.825293 -9.231786 52.135719 -1.825293 -9.231786 52.135719 -1.573146 -8.946898 52.084564 -1.598764 -8.852895 51.939838 -1.949860 -9.220399 52.017040 -2.014344 -9.599410 52.364071 -1.862810 -9.519887 52.386177 -1.862810 -9.519887 52.386177 -1.825293 -9.231786 52.135719 -1.949860 -9.220399 52.017040 -2.014344 -9.599410 52.364071 -1.747481 -9.764495 52.779854 -1.663721 -9.642434 52.689236 -1.663721 -9.642434 52.689236 -1.862810 -9.519887 52.386177 -2.014344 -9.599410 52.364071 -1.747481 -9.764495 52.779854 -1.307576 -9.612996 53.012276 -1.344650 -9.527640 52.867359 -1.344650 -9.527640 52.867359 -1.663721 -9.642434 52.689236 -1.747481 -9.764495 52.779854 -2.014344 -9.599410 52.364071 -1.862249 -10.387366 51.787067 -1.461677 -10.628451 52.442253 -1.747481 -9.764495 52.779854 -1.510067 -11.050038 51.348019 -1.121773 -11.268018 52.018509 -1.249795 -11.793746 50.975109 -0.870582 -11.985810 51.658691 -1.088471 -12.605142 50.677189 -0.714897 -12.768878 51.371326 -1.032379 -13.506742 50.459137 -0.660188 -13.646831 51.153866 -1.033540 -20.537708 49.123970 -0.661260 -20.669529 49.816109 -0.759003 -21.176056 48.976227 -0.483075 -21.280758 49.480839 
						0.003120 -21.440811 48.853138 0.074501 -21.305283 49.654770 -0.483075 -21.280758 49.480839 -0.759003 -21.176056 48.976227 0.765243 -21.149349 48.835979 0.589802 -21.261963 49.382133 0.765243 -21.149349 48.835979 1.039780 -20.501381 48.933201 0.804802 -20.643833 49.681240 0.589802 -21.261963 49.382133 1.038418 -13.402446 50.282520 0.806454 -13.571622 51.022640 0.967170 -12.300672 50.553162 0.742701 -12.549018 51.270390 0.755589 -11.236077 50.943905 0.551076 -11.585156 51.624264 0.414332 -10.260795 51.432819 0.242020 -10.702020 52.067051 -0.047328 -9.392127 52.008354 -0.176075 -9.915322 52.588272 -0.902930 -8.867881 52.580029 -0.959731 -9.241099 52.927185 0.029297 -10.048760 50.775089 -0.444164 -9.157889 51.365330 -0.047328 -9.392127 52.008354 0.414332 -10.260795 51.432819 -0.444164 -9.157889 51.365330 -1.166559 -8.707282 52.172222 -0.902930 -8.867881 52.580029 -0.047328 -9.392127 52.008354 -0.690213 -10.190837 50.478355 -1.136682 -9.350753 51.034954 -0.444164 -9.157889 51.365330 0.029297 -10.048760 50.775089 -1.136682 -9.350753 51.034954 -1.598764 -8.852895 51.939838 -1.166559 -8.707282 52.172222 -0.444164 -9.157889 51.365330 -1.325602 -10.602864 50.712654 -1.722127 -9.856757 51.206982 -1.136682 -9.350753 51.034954 -0.690213 -10.190837 50.478355 -1.722127 -9.856757 51.206982 -1.949860 -9.220399 52.017040 -1.598764 -8.852895 51.939838 -1.136682 -9.350753 51.034954 -1.510067 -11.050038 51.348019 -1.862249 -10.387366 51.787067 -1.722127 -9.856757 51.206982 -1.325602 -10.602864 50.712654 -0.360155 -11.133965 50.005596 -1.032458 -11.440337 50.292786 -0.155481 -12.163394 49.627811 -0.850659 -12.354255 49.957298 -0.089923 -13.236861 49.361496 -0.793321 -13.336968 49.717319 -0.093995 -20.325611 48.010227 -0.798569 -20.395260 48.375946 -0.068260 -21.020123 48.157440 -0.583561 -21.080048 48.426914 -0.583561 -21.080048 48.426914 -0.068260 -21.020123 48.157440 0.489315 -21.061245 48.328205 0.765243 -21.149349 48.835979 
						0.003120 -21.440811 48.853138 -0.068260 -21.020123 48.157440 -0.068260 -21.020123 48.157440 -0.093995 -20.325611 48.010227 0.667489 -20.369560 48.241055 0.489315 -21.061245 48.328205 1.039780 -20.501381 48.933201 0.765243 -21.149349 48.835979 0.489315 -21.061245 48.328205 0.667489 -20.369560 48.241055 -0.089923 -13.236861 49.361496 0.667855 -13.263875 49.594975 1.038418 -13.402446 50.282520 0.667855 -13.263875 49.594975 -0.759003 -21.176056 48.976227 -1.033540 -20.537708 49.123970 -0.798569 -20.395260 48.375946 -0.583561 -21.080048 48.426914 -0.155481 -12.163394 49.627811 0.596313 -12.140847 49.872982 0.967170 -12.300672 50.553162 0.596313 -12.140847 49.872982 -1.032379 -13.506742 50.459137 -0.793321 -13.336968 49.717319 -0.360155 -11.133965 50.005596 0.379295 -11.048991 50.273701 0.755589 -11.236077 50.943905 0.379295 -11.048991 50.273701 -1.088471 -12.605142 50.677189 -0.850659 -12.354255 49.957298 -1.249795 -11.793746 50.975109 -1.032458 -11.440337 50.292786 -0.757364 -10.426923 52.771183 -0.389585 -11.118943 52.312683 0.242020 -10.702020 52.067051 -0.176075 -9.915322 52.588272 -1.461677 -10.628451 52.442253 -1.121773 -11.268018 52.018509 -0.389585 -11.118943 52.312683 -0.757364 -10.426923 52.771183 -0.959731 -9.241099 52.927185 -1.307576 -9.612996 53.012276 -1.747481 -9.764495 52.779854 -1.307576 -9.612996 53.012276 -0.117693 -11.895663 51.923264 0.551076 -11.585156 51.624264 -0.870582 -11.985810 51.658691 -0.117693 -11.895663 51.923264 0.050924 -12.743182 51.612141 0.742701 -12.549018 51.270390 -0.714897 -12.768878 51.371326 0.050924 -12.743182 51.612141 0.104857 -13.673148 51.385227 0.806454 -13.571622 51.022640 -0.660188 -13.646831 51.153866 0.104857 -13.673148 51.385227 0.100207 -20.713490 50.046947 0.804802 -20.643833 49.681240 -0.661260 -20.669529 49.816109 0.100207 -20.713490 50.046947 0.074501 -21.305283 49.654770 0.589802 -21.261963 49.382133 -0.483075 -21.280758 49.480839 0.074501 -21.305283 49.654770 
						-2.014344 -9.599410 52.364071 -1.949860 -9.220399 52.017040 1.566815 2.531261 85.727165 1.566815 2.531260 79.738571 2.716810 1.524908 79.738571 2.716811 1.524909 95.112556 1.566805 2.531271 94.838577 1.486254 2.601758 85.069687 1.486256 2.601759 94.819389 0.833031 3.173392 94.663773 0.833030 3.173389 79.738571 1.486255 2.601758 79.738571 0.833031 3.173392 94.663773 -2.275796 2.724428 95.112556 -2.275796 2.724426 79.738571 0.833030 3.173389 79.738571 -3.582307 -1.569558 94.718872 -3.582307 -1.569560 79.738571 -2.275796 2.724426 79.738571 -2.275796 2.724428 95.112556 -4.430716 -0.951996 82.578438 -3.024049 3.642957 82.578438 -2.275796 2.724426 79.738571 -3.582307 -1.569560 79.738571 -4.430716 -0.951996 82.578438 -4.430714 -0.951996 92.757042 -3.024047 3.642959 93.161713 -3.024049 3.642957 82.578438 -4.430714 -0.951996 92.757042 -3.582307 -1.569558 94.718872 -2.275796 2.724428 95.112556 -3.024047 3.642959 93.161713 -2.275796 2.724428 95.112556 0.833031 3.173392 94.663773 1.157076 4.218647 92.712921 -3.024047 3.642959 93.161713 1.157075 4.218647 82.578438 -3.024049 3.642957 82.578438 -3.024047 3.642959 93.161713 1.157076 4.218647 92.712921 1.157076 4.218647 92.712921 3.620541 2.062891 93.347275 3.620540 2.062892 82.578438 1.157075 4.218647 82.578438 3.620541 2.062891 93.347275 4.153287 -0.283287 92.953590 4.153286 0.153390 82.578438 3.620540 2.062892 82.578438 4.374302 -2.664412 94.231979 4.374301 -2.373292 82.578445 4.374301 -2.373292 82.578445 3.412005 -2.994478 79.738571 3.133236 -0.609015 79.738571 4.153286 0.153390 82.578438 3.412005 -2.994478 79.738571 3.480420 -2.994480 95.997261 3.201650 -0.609015 94.718872 3.133236 -0.609015 79.738571 3.480420 -2.994480 95.997261 4.374302 -2.664412 94.231979 4.153287 -0.283287 92.953590 3.201650 -0.609015 94.718872 3.620541 2.062891 93.347275 2.716811 1.524909 95.112556 
						3.917040 -4.358438 79.738571 3.917041 -4.358439 95.997261 3.917041 -4.358439 95.997261 4.864617 -4.024030 94.231979 5.530699 -6.652043 95.997261 6.476244 -6.313293 94.231979 6.476244 -6.313293 94.231979 6.476244 -6.313293 82.578445 4.864617 -3.878469 82.578445 4.864617 -4.024030 94.231979 6.476244 -6.313293 82.578445 5.530698 -6.652041 79.377258 3.917040 -4.358438 79.738571 4.864617 -3.878469 82.578445 7.348153 -9.748982 82.217133 6.313949 -9.741153 79.377258 6.598804 -13.150289 82.857086 5.695197 -12.662332 80.017227 6.598804 -13.150289 82.857086 3.809194 -16.131989 83.547348 3.267138 -15.235696 80.707481 5.695197 -12.662332 80.017227 -0.040801 -16.028263 95.474030 -0.040804 -16.028263 79.422775 -0.158010 -16.056347 79.377258 -0.158012 -16.056347 95.997261 -0.040801 -16.028263 95.997261 -0.150321 -17.084400 94.231979 3.809193 -16.131992 94.231979 3.267137 -15.235698 95.997261 0.730148 -15.843549 95.997261 -0.000013 -16.039192 95.961777 -0.040801 -16.028263 95.997261 -0.158012 -16.056347 95.997261 3.809193 -16.131992 94.231979 6.598804 -13.150292 94.231979 5.695196 -12.662335 95.997261 3.267137 -15.235698 95.997261 7.348153 -9.748984 93.571411 6.313949 -9.741155 95.336700 5.530698 -6.652041 79.377258 6.313949 -9.741153 79.377258 6.313949 -9.741155 95.336700 5.530699 -6.652043 95.997261 6.598804 -13.150289 82.857086 7.348153 -9.748982 82.217133 7.348153 -9.748984 93.571411 6.598804 -13.150292 94.231979 5.695197 -12.662332 80.017227 5.695196 -12.662335 95.997261 3.809194 -16.131989 83.547348 3.809193 -16.131992 94.231979 3.809193 -16.131992 94.231979 -0.150321 -17.084400 94.231979 -0.150320 -17.084400 82.217125 3.809194 -16.131989 83.547348 3.267138 -15.235696 80.707481 3.267137 -15.235698 95.997261 -3.357127 -16.386452 94.231979 -3.357126 -16.386452 82.217125 -6.663336 -13.456832 94.231979 -6.663334 -13.456832 82.217125 -6.663336 -13.456832 94.231979 -7.472614 -10.141900 93.831444 
						-7.472614 -10.141902 83.350128 -6.663334 -13.456832 82.217125 -6.274358 -5.546947 93.467133 -6.274358 -5.546949 83.160866 -6.274358 -5.546949 83.160866 -5.477711 -5.863545 80.320992 -6.436805 -10.157531 80.510254 -7.472614 -10.141902 83.350128 -5.477711 -5.863545 80.320992 -5.325794 -5.863544 95.548470 -6.423896 -10.157529 95.548477 -6.436805 -10.157531 80.510254 -6.274358 -5.546947 93.467133 -7.472614 -10.141900 93.831444 -6.423896 -10.157529 95.548477 -5.325794 -5.863544 95.548470 -5.782700 -12.912185 95.997261 -5.796157 -12.912187 79.377258 -5.782700 -12.912185 95.997261 -2.869051 -15.472802 95.997261 -2.869050 -15.472800 79.377258 -5.796157 -12.912187 79.377258 -0.150320 -17.084400 82.217125 -3.357126 -16.386452 82.217125 -2.869050 -15.472800 79.377258 -0.158010 -16.056347 79.377258 -6.663336 -13.456832 94.231979 -3.357127 -16.386452 94.231979 -2.869051 -15.472802 95.997261 -5.782700 -12.912185 95.997261 -6.663334 -13.456832 82.217125 -5.796157 -12.912187 79.377258 -6.663336 -13.456832 94.231979 -5.782700 -12.912185 95.997261 -6.663334 -13.456832 82.217125 -5.796157 -12.912187 79.377258 0.730174 -15.843541 92.032425 0.730148 -15.843549 95.997261 3.267137 -15.235698 95.997261 3.267138 -15.235696 80.707481 0.730224 -15.843530 80.146820 0.730225 -15.843530 79.722229 2.716811 1.524909 95.112556 2.716810 1.524908 79.738571 3.620540 2.062892 82.578438 2.716810 1.524908 79.738571 -3.024049 3.642957 82.578438 1.157075 4.218647 82.578438 0.833030 3.173389 79.738571 -2.275796 2.724426 79.738571 3.620541 2.062891 93.347275 1.486256 2.601759 94.819389 1.500000 2.598077 94.810226 1.566805 2.531271 94.838577 2.716811 1.524909 95.112556 3.620540 2.062892 82.578438 2.716810 1.524908 79.738571 1.566815 2.531260 79.738571 1.500000 2.598074 79.756409 1.486255 2.601758 79.738571 0.730225 -15.843530 79.722229 0.683002 -15.856183 79.707321 -0.000013 -16.039192 79.491669 -0.040804 -16.028263 79.422775 
					</float_array>
					<technique_common>
						<accessor count="384" offset="0" source="#meshId18-positions-array" stride="3">
							<param name="X" type="float" />
							<param name="Y" type="float" />
							<param name="Z" type="float" />
						</accessor>
					</technique_common>
				</source>
				<source id="meshId18-normals" name="meshId18-normals">
					<float_array id="meshId18-normals-array" count="1152"> 
						-0.510267 0.614851 0.601321 -0.510267 0.614851 0.601321 -0.510267 0.614851 0.601321 -0.593495 0.617878 0.515743 -0.593495 0.617878 0.515743 -0.593495 0.617878 0.515743 -0.429447 0.649257 0.627727 -0.429447 0.649257 0.627727 -0.429447 0.649257 0.627727 -0.518106 0.598595 0.610942 -0.518106 0.598595 0.610942 -0.518106 0.598595 0.610942 -0.432490 0.707932 0.558376 -0.432490 0.707932 0.558376 -0.432490 0.707932 0.558376 -0.446496 0.688359 0.571667 -0.446496 0.688359 0.571667 -0.446496 0.688359 0.571667 -0.512496 0.675854 0.529688 -0.512496 0.675854 0.529688 -0.512495 0.675854 0.529688 -0.520514 0.709383 0.475227 -0.520514 0.709383 0.475227 -0.520514 0.709383 0.475227 -0.513207 0.615869 0.597766 -0.513207 0.615869 0.597766 -0.513207 0.615869 0.597766 -0.597440 0.620078 0.508496 -0.597440 0.620078 0.508496 -0.597440 0.620078 0.508496 -0.431629 0.648006 0.627523 -0.431629 0.648006 0.627523 -0.431629 0.648006 0.627523 -0.524366 0.596521 0.607621 -0.524366 0.596521 0.607621 -0.524366 0.596521 0.607621 -0.430375 0.709554 0.557953 -0.430375 0.709553 0.557953 -0.430375 0.709553 0.557953 -0.445204 0.689508 0.571290 -0.445204 0.689508 0.571290 -0.445204 0.689508 0.571290 -0.512522 0.676116 0.529328 -0.512522 0.676116 0.529328 -0.512522 0.676116 0.529328 -0.520428 0.709677 0.474882 -0.520428 0.709677 0.474882 -0.520428 0.709677 0.474882 -0.832438 -0.419579 0.361940 -0.805584 -0.507470 0.305792 -0.805076 -0.507207 0.307561 -0.830797 -0.418302 0.367150 -0.801686 -0.519712 0.295294 -0.801684 -0.519708 0.295309 -0.848297 -0.386478 0.361975 -0.848289 -0.386461 0.362013 -0.877057 -0.239871 0.416214 -0.877295 -0.240231 0.415503 -0.884812 -0.124327 0.449055 -0.885151 -0.124733 0.448273 -0.870528 -0.257991 0.419073 -0.870562 -0.257994 0.419001 -0.824025 -0.437659 0.359775 -0.824019 -0.437631 0.359823 
						-0.076121 -0.992514 -0.095510 0.032346 -0.985961 0.163815 -0.216380 -0.972985 0.080494 -0.345376 -0.927400 -0.143683 0.354572 -0.931751 -0.078219 0.261098 -0.964620 0.036562 0.890530 -0.407578 0.202080 0.940780 -0.226447 0.252298 0.940748 -0.226513 0.252359 0.890560 -0.407528 0.202049 0.955938 -0.033038 0.291705 0.955827 -0.033428 0.292024 0.950936 0.029826 0.307947 0.950879 0.029461 0.308156 0.935306 0.108464 0.336806 0.935306 0.108479 0.336800 0.909977 0.180934 0.373101 0.909977 0.180939 0.373100 0.799154 0.343837 0.493082 0.798520 0.347965 0.491209 0.670026 0.448359 0.591641 0.666832 0.459572 0.586625 0.799087 0.521144 -0.299782 0.666578 0.731472 -0.143607 0.665753 0.732111 -0.144175 0.799086 0.521145 -0.299781 0.666578 0.731472 -0.143607 0.525490 0.850787 -0.004659 0.522838 0.852411 -0.006048 0.665753 0.732111 -0.144175 0.219890 0.557842 -0.800288 0.097739 0.753284 -0.650392 0.100331 0.753251 -0.650036 0.219893 0.557840 -0.800288 0.097739 0.753284 -0.650392 -0.028032 0.869686 -0.492809 -0.020104 0.869941 -0.492745 0.100331 0.753251 -0.650036 -0.482663 0.270676 -0.832929 -0.563548 0.398461 -0.723631 -0.559230 0.400195 -0.726020 -0.482655 0.270673 -0.832934 -0.563548 0.398461 -0.723631 -0.648750 0.499107 -0.574470 -0.636299 0.504347 -0.583744 -0.559230 0.400195 -0.726020 -0.906684 -0.172746 -0.384816 -0.936322 -0.120801 -0.329710 -0.934667 -0.119309 -0.334907 -0.906674 -0.172748 -0.384839 -0.471362 0.238449 -0.849093 -0.471383 0.238457 -0.849080 -0.464899 0.203545 -0.861649 -0.464358 0.203180 -0.862026 -0.464298 0.176095 -0.867996 -0.463669 0.175760 -0.868401 -0.459956 -0.009079 -0.887895 -0.459845 -0.009137 -0.887952 -0.435288 -0.202090 -0.877316 -0.435349 -0.202040 -0.877298 -0.261096 -0.883661 -0.388551 -0.161616 -0.851723 -0.498447 0.216377 -0.875293 -0.432484 0.330305 -0.883279 -0.332740 
						0.216377 -0.875293 -0.432484 0.097475 -0.847182 -0.522284 0.274759 -0.189583 -0.942638 0.290318 0.003814 -0.956923 0.290280 0.003873 -0.956934 0.274723 -0.189539 -0.942657 0.870486 -0.086148 -0.484596 0.824025 -0.274792 -0.495452 0.824017 -0.274740 -0.495493 0.870483 -0.086109 -0.484608 0.294689 0.213051 -0.931540 0.294591 0.213146 -0.931550 0.883636 0.126548 -0.450747 0.883636 0.126568 -0.450741 -0.890531 -0.304779 -0.337735 -0.940733 -0.117591 -0.318109 -0.940814 -0.117530 -0.317894 -0.890558 -0.304748 -0.337692 0.285871 0.313750 -0.905450 0.285785 0.313863 -0.905437 0.874678 0.241782 -0.420096 0.874674 0.241813 -0.420085 -0.953225 0.036670 -0.300028 -0.953650 0.037195 -0.298610 0.260629 0.441264 -0.858696 0.260631 0.441261 -0.858697 0.845737 0.387712 -0.366618 0.845737 0.387711 -0.366618 -0.946673 -0.024573 -0.321258 -0.947109 -0.024058 -0.320008 -0.931382 -0.101984 -0.349466 -0.931360 -0.101995 -0.349522 0.428850 -0.170060 0.887225 0.495309 -0.262420 0.828133 0.495302 -0.262434 0.828133 0.426756 -0.176027 0.887070 -0.231430 -0.526461 0.818095 -0.209957 -0.555872 0.804316 -0.209971 -0.555889 0.804301 -0.233549 -0.529137 0.815763 0.327887 -0.091546 0.940271 0.332333 -0.074796 0.940192 -0.286634 -0.439568 0.851247 -0.292228 -0.447847 0.845006 0.484863 -0.232292 0.843177 0.484837 -0.232333 0.843181 -0.250309 -0.440088 0.862362 -0.250352 -0.440133 0.862326 0.477483 -0.198510 0.855923 0.478207 -0.197769 0.855690 -0.276569 -0.312235 0.908856 -0.275557 -0.311466 0.909427 0.471707 -0.173752 0.864466 0.472642 -0.172860 0.864135 -0.289689 -0.212928 0.933136 -0.288435 -0.211993 0.933737 0.459914 -0.335060 0.822322 0.460104 -0.334936 0.822267 -0.290288 -0.348173 0.891352 -0.290141 -0.348141 0.891413 0.435294 -0.510385 0.741638 0.435341 -0.510344 0.741639 -0.274725 -0.522746 0.807009 -0.274765 -0.522783 0.806971 
						-0.976101 -0.030890 -0.215112 -0.972358 -0.027302 -0.231894 -0.658544 -0.752542 0.000000 -0.658544 -0.752542 0.000000 -0.865955 -0.500118 0.002149 -0.858872 -0.512190 0.000000 -0.658545 -0.752542 0.000000 -0.658545 -0.752542 0.000000 -0.658545 -0.752542 0.000000 -0.658545 -0.752542 0.000000 -0.658544 -0.752542 0.000000 -0.658544 -0.752542 0.000000 0.142933 -0.989732 0.000000 0.142933 -0.989732 0.000000 0.142933 -0.989732 0.000000 0.142933 -0.989732 0.000000 0.942180 -0.335107 -0.000000 0.939139 -0.343520 -0.003519 0.956696 -0.291089 -0.000000 0.956696 -0.291090 -0.000000 -0.896403 0.294413 -0.331335 -0.598033 0.703896 -0.383259 -0.603560 0.698012 -0.385351 -0.896496 0.302062 -0.324120 -0.943524 0.331303 0.000000 -0.942737 0.333538 0.000000 -0.956197 0.292724 0.000000 -0.956197 0.292724 0.000000 -0.838185 0.299665 0.455683 -0.831942 0.319701 0.453502 -0.558553 0.644081 0.522664 -0.544590 0.658785 0.519060 -0.558553 0.644081 0.522664 0.236641 0.838547 0.490755 0.223938 0.844767 0.486026 -0.544590 0.658785 0.519060 -0.136401 0.990654 -0.000000 -0.136401 0.990654 -0.000000 -0.136401 0.990654 -0.000000 -0.136401 0.990654 -0.000000 0.658543 0.752543 -0.000000 0.859384 0.511313 0.004280 0.846193 0.532877 -0.000000 0.658543 0.752543 -0.000000 0.859384 0.511313 0.004280 0.988553 0.150743 0.006345 0.984022 0.178038 0.001836 0.846193 0.532877 -0.000000 0.969990 0.243055 0.006590 0.979956 0.199190 0.003211 0.915636 0.183455 -0.357708 0.910579 0.221338 -0.349078 0.925671 0.145297 -0.349317 0.910662 0.175242 -0.374146 -0.972438 -0.233122 0.004253 -0.973293 -0.229561 0.001845 -0.986709 -0.162478 0.002450 -0.988072 -0.153930 0.004512 0.826284 0.297553 0.478243 0.820178 0.311127 0.480111 0.847184 0.209529 0.488239 0.832829 0.248202 0.494764 0.734575 0.447395 0.510135 0.735836 0.441225 0.513679 
						-0.883388 -0.468639 0.001805 -0.895406 -0.445251 0.000000 0.782199 0.390371 0.485568 0.770450 0.406919 0.490737 0.800521 0.335799 0.496392 0.813282 0.306701 0.494476 0.904716 0.426002 0.003275 0.916601 0.399803 -0.000000 0.900012 0.435857 0.002510 0.887265 0.461196 0.007700 0.855183 0.407217 -0.320680 0.861334 0.411489 -0.297960 0.830151 0.446630 -0.333723 0.839238 0.410728 -0.356346 0.939378 -0.006965 -0.342813 0.942802 0.011407 -0.333159 0.784926 -0.516347 -0.342458 0.815815 -0.468344 -0.339264 0.784926 -0.516347 -0.342458 0.508145 -0.790381 -0.342179 0.495031 -0.798314 -0.342985 0.815815 -0.468344 -0.339264 -0.233006 0.972475 -0.000000 -0.232999 0.972477 -0.000000 0.017947 0.999839 -0.000000 -0.011577 0.999933 0.000000 -0.233005 0.972475 0.000000 0.008977 -0.864204 0.503061 0.433189 -0.743628 0.509278 0.429603 -0.744932 0.510410 0.202655 -0.845825 0.493469 0.202661 -0.845824 0.493468 0.202663 -0.845823 0.493468 0.009573 -0.864368 0.502769 0.433189 -0.743628 0.509278 0.791805 -0.340415 0.507112 0.782358 -0.366956 0.503249 0.429603 -0.744932 0.510410 0.864329 0.011519 0.502796 0.865847 0.011775 0.500170 -0.911916 -0.410378 -0.000000 -0.999332 -0.036542 -0.000000 -0.999821 -0.018923 0.000000 -0.903237 -0.429143 0.000000 0.898632 -0.438703 -0.000000 0.999747 0.022485 -0.000000 0.999878 0.015626 0.000000 0.876678 -0.481078 -0.000000 -0.901892 0.431962 0.000000 -0.875922 0.482453 0.000000 0.492621 -0.870244 -0.000000 0.503255 -0.864138 -0.000000 0.503255 -0.864138 -0.000000 0.010874 -0.999941 0.000000 -0.014711 -0.999892 -0.000000 0.492621 -0.870244 -0.000000 -0.489241 0.872149 -0.000000 -0.501042 0.865423 -0.000000 -0.452612 -0.891708 -0.000000 -0.452612 -0.891708 -0.000000 -0.850078 -0.526658 -0.000000 -0.837496 -0.546443 -0.000000 -0.850078 -0.526658 -0.000000 -0.999972 -0.007520 -0.000000 
						-0.999923 -0.012410 -0.000000 -0.837496 -0.546443 -0.000000 -0.951160 0.308697 -0.000000 -0.948788 0.315913 -0.000000 -0.912606 0.271533 -0.305649 -0.916016 0.279147 -0.288083 -0.944463 0.041965 -0.325929 -0.936701 0.074730 -0.342063 0.947344 -0.320163 -0.005990 0.950108 -0.311862 -0.006015 0.999985 0.003362 -0.004388 0.999658 0.026154 -0.000858 -0.833002 0.325357 0.447493 -0.854841 0.075749 0.513331 -0.857832 0.060517 0.510356 -0.845319 0.313128 0.432882 0.849178 0.528107 -0.000435 0.833827 0.552026 -0.000694 0.849178 0.528107 -0.000435 0.449768 0.893145 0.000000 0.448896 0.893584 -0.000235 0.833827 0.552026 -0.000694 0.087959 -0.936731 -0.338819 -0.424945 -0.838530 -0.341012 -0.420802 -0.839765 -0.343105 0.036924 -0.938280 -0.343899 -0.756898 -0.413203 0.506329 -0.390967 -0.768505 0.506502 -0.387748 -0.771071 0.505075 -0.745247 -0.426036 0.512933 -0.848235 -0.401538 -0.345346 -0.817010 -0.465142 -0.340789 -0.756898 -0.413203 0.506329 -0.745247 -0.426036 0.512933 -0.848235 -0.401538 -0.345346 -0.817010 -0.465142 -0.340789 -0.233001 0.972477 0.000000 -0.233001 0.972477 -0.000000 -0.501042 0.865423 -0.000000 -0.489241 0.872149 -0.000000 -0.233001 0.972477 -0.000000 -0.233001 0.972477 -0.000001 -0.858872 -0.512190 0.000000 -0.865955 -0.500118 0.002149 0.796166 0.484150 -0.362931 0.813279 0.466894 -0.347257 -0.598033 0.703896 -0.383259 0.268460 0.893669 -0.359562 0.265413 0.893891 -0.361269 -0.603560 0.698012 -0.385351 0.734575 0.447395 0.510135 0.510669 0.713970 0.479024 0.510716 0.713865 0.479130 0.510671 0.713965 0.479029 0.735836 0.441225 0.513679 0.796166 0.484150 -0.362931 0.813279 0.466894 -0.347257 0.621157 0.709822 -0.332139 0.621170 0.709814 -0.332133 0.621172 0.709812 -0.332132 0.342369 -0.875271 -0.341590 0.342375 -0.875267 -0.341595 0.342364 -0.875275 -0.341585 0.342365 -0.875274 -0.341588 
					</float_array>
					<technique_common>
						<accessor count="384" offset="0" source="#meshId18-normals-array" stride="3">
							<param name="X" type="float" />
							<param name="Y" type="float" />
							<param name="Z" type="float" />
						</accessor>
					</technique_common>
				</source>
				<source id="meshId18-tangents" name="meshId18-tangents">
					<float_array id="meshId18-tangents-array" count="1152"> 
						-0.000078 0.699164 -0.714962 -0.000078 0.699164 -0.714962 -0.000078 0.699164 -0.714962 -0.000026 0.640788 -0.767718 -0.000026 0.640788 -0.767718 -0.000026 0.640788 -0.767718 -0.000029 0.695076 -0.718936 -0.000029 0.695076 -0.718936 -0.000029 0.695076 -0.718936 -0.000027 0.714276 -0.699864 -0.000027 0.714276 -0.699864 -0.000027 0.714276 -0.699864 0.000056 0.619311 -0.785146 0.000056 0.619311 -0.785146 0.000056 0.619312 -0.785145 0.000059 0.638910 -0.769281 0.000059 0.638910 -0.769281 0.000059 0.638910 -0.769281 0.000099 0.616902 -0.787040 0.000099 0.616902 -0.787040 0.000099 0.616902 -0.787040 0.000059 0.556597 -0.830782 0.000059 0.556597 -0.830782 0.000059 0.556597 -0.830782 0.000021 0.696491 -0.717566 0.000021 0.696491 -0.717566 0.000021 0.696491 -0.717566 0.000075 0.634146 -0.773213 0.000075 0.634147 -0.773213 0.000075 0.634147 -0.773213 -0.000002 0.695661 -0.718370 -0.000002 0.695661 -0.718370 -0.000002 0.695661 -0.718370 -0.000013 0.713589 -0.700565 -0.000013 0.713589 -0.700565 -0.000013 0.713589 -0.700565 -0.000065 0.618103 -0.786097 -0.000065 0.618103 -0.786097 -0.000065 0.618103 -0.786097 0.000068 0.638033 -0.770009 0.000068 0.638034 -0.770009 0.000068 0.638033 -0.770009 -0.000013 0.616442 -0.787400 -0.000013 0.616442 -0.787400 -0.000013 0.616442 -0.787400 -0.000163 0.556047 -0.831151 -0.000163 0.556047 -0.831151 -0.000163 0.556047 -0.831151 -0.424547 0.063171 -0.903200 -0.388919 0.063572 -0.919076 -0.390796 0.063469 -0.918286 -0.429782 0.063014 -0.900731 -0.381249 0.064089 -0.922248 -0.381263 0.064086 -0.922242 -0.415933 0.063273 -0.907192 -0.415972 0.063280 -0.907173 -0.441796 0.062518 -0.894935 -0.441138 0.062549 -0.895257 -0.458606 0.061971 -0.886476 -0.457872 0.061997 -0.886854 -0.447813 0.062156 -0.891964 -0.447737 0.062143 -0.892003 -0.427301 0.063119 -0.901903 -0.427327 0.063076 -0.901894 
						-0.069991 0.100871 -0.992435 -0.068794 -0.165708 -0.983772 -0.070185 -0.066732 -0.995299 -0.068697 0.177678 -0.981688 -0.069648 0.057103 -0.995936 -0.068846 -0.056388 -0.996032 0.221290 -0.000010 -0.975208 0.258947 -0.000354 -0.965891 0.259013 -0.000354 -0.965874 0.221252 -0.000008 -0.975217 0.291864 -0.000004 -0.956460 0.292188 -0.000005 -0.956361 0.308084 -0.000002 -0.951359 0.308290 -0.000002 -0.951292 0.338806 -0.000010 -0.940856 0.338801 -0.000010 -0.940858 0.379367 -0.000027 -0.925246 0.379366 -0.000027 -0.925247 0.525890 -0.002551 -0.850549 0.524803 -0.002698 -0.851219 0.661901 -0.000006 -0.749591 0.660509 0.000002 -0.750819 -0.350927 -0.000568 -0.936403 -0.270897 0.058225 -0.960846 -0.271483 0.057683 -0.960713 -0.350926 -0.000568 -0.936403 -0.092393 -0.110092 -0.989618 0.000013 -0.005484 -0.999985 0.000011 -0.007102 -0.999975 -0.092053 -0.111159 -0.989530 -0.360116 0.808841 0.464857 -0.372808 0.633649 0.677867 -0.373212 0.634120 0.677204 -0.360116 0.808843 0.464855 -0.019433 -0.651952 -0.758011 -0.000019 -0.493003 -0.870028 -0.000019 -0.492845 -0.870117 -0.019930 -0.651680 -0.758232 -0.358995 0.806328 0.470061 -0.265712 0.741993 0.615503 -0.267129 0.742066 0.614801 -0.359004 0.806327 0.470057 0.788012 -0.003565 -0.615650 0.683747 0.050889 -0.727943 0.696440 0.050089 -0.715865 0.791751 -0.001778 -0.610841 0.379438 0.064501 -0.922966 0.323855 0.065833 -0.943814 0.329143 0.065709 -0.941991 0.379460 0.064503 -0.922957 -0.366349 0.822827 0.434446 -0.366350 0.822816 0.434468 -0.372927 0.837649 0.399087 -0.373043 0.837902 0.398446 -0.377279 0.847347 0.373716 -0.377384 0.847595 0.373047 -0.396629 0.896746 0.196296 -0.396643 0.896765 0.196182 -0.406703 0.913519 -0.008640 -0.406718 0.913514 -0.008551 -0.062739 0.417196 -0.906648 -0.059894 0.512621 -0.856523 -0.063732 0.429370 -0.900877 -0.065864 0.330098 -0.941646 
						-0.063731 0.429370 -0.900877 -0.059631 0.518869 -0.852771 -0.389330 0.874469 -0.289354 -0.402904 0.907523 -0.118619 -0.402910 0.907530 -0.118547 -0.389340 0.874483 -0.289299 -0.486407 -0.000038 -0.873733 -0.515285 0.000014 -0.857019 -0.515321 0.000010 -0.856997 -0.486418 -0.000040 -0.873726 -0.405371 0.910642 0.080033 -0.405362 0.910634 0.080170 -0.454400 0.000000 -0.890798 -0.454395 -0.000002 -0.890800 0.334087 0.065752 -0.940246 0.312192 0.066204 -0.947709 0.311977 0.066202 -0.947780 0.334045 0.065737 -0.940262 -0.399509 0.897871 0.184989 -0.399491 0.897847 0.185140 -0.432923 -0.000080 -0.901431 -0.432916 -0.000080 -0.901435 0.301892 0.066513 -0.951019 0.300517 0.066543 -0.951452 -0.384238 0.863368 0.327042 -0.384239 0.863369 0.327038 -0.397633 -0.000246 -0.917545 -0.397634 -0.000243 -0.917544 0.319112 0.066115 -0.945408 0.317891 0.066147 -0.945817 0.344251 0.065479 -0.936592 0.344307 0.065485 -0.936571 0.648194 -0.626154 -0.433331 0.603018 -0.582344 -0.545201 0.603017 -0.582343 -0.545204 0.647448 -0.625370 -0.435573 0.697794 -0.675785 -0.237484 0.689953 -0.667110 -0.280943 0.689952 -0.667108 -0.280950 0.697729 -0.675524 -0.238416 0.685419 -0.661901 -0.303460 0.687168 -0.663602 -0.295689 0.714504 -0.689997 -0.115712 0.714270 -0.689757 -0.118551 0.615452 -0.594352 -0.517653 0.615448 -0.594351 -0.517658 0.711389 -0.687782 -0.144507 0.711388 -0.687781 -0.144514 0.626978 -0.605484 -0.490192 0.626935 -0.605443 -0.490297 0.718871 -0.694857 -0.019961 0.718859 -0.694863 -0.020166 0.635029 -0.613235 -0.469768 0.634959 -0.613167 -0.469951 0.717771 -0.693273 0.064634 0.717788 -0.693284 0.064327 0.593284 -0.573083 -0.565322 0.593255 -0.573054 -0.565383 0.715967 -0.697039 -0.039102 0.715963 -0.697037 -0.039193 0.534606 -0.516274 -0.669072 0.534605 -0.516272 -0.669075 0.704702 -0.680471 -0.200883 0.704702 -0.680470 -0.200888 
						0.212658 0.068141 -0.974748 0.229641 0.067875 -0.970906 -0.069626 0.060929 -0.995711 -0.069626 0.060929 -0.995711 -0.045673 0.074802 -0.996152 -0.045087 0.075605 -0.996118 -0.069626 0.060929 -0.995711 -0.069625 0.060928 -0.995711 -0.069628 0.060930 -0.995711 -0.069627 0.060930 -0.995711 -0.069625 0.060928 -0.995711 -0.069625 0.060928 -0.995711 -0.069753 -0.010074 -0.997513 -0.069754 -0.010074 -0.997513 -0.069753 -0.010074 -0.997513 -0.069753 -0.010074 -0.997513 -0.000000 -0.000000 -1.000000 -0.003758 -0.000031 -0.999993 -0.000000 -0.000000 -1.000000 -0.000000 -0.000000 -1.000000 0.364672 0.064964 -0.928867 0.479315 -0.069149 -0.874915 0.480433 -0.067330 -0.874443 0.358607 0.065100 -0.931216 0.024492 0.069750 -0.997264 0.024677 0.069749 -0.997259 0.021350 0.069740 -0.997337 0.021350 0.069741 -0.997337 -0.459598 0.061730 -0.885979 -0.459294 0.061799 -0.886132 -0.550685 0.183273 -0.814345 -0.548630 0.188289 -0.814588 -0.098101 0.574401 -0.812674 -0.000868 0.505283 -0.862953 -0.000781 0.498846 -0.866690 -0.092640 0.567849 -0.817903 -0.000000 -0.000000 -1.000000 -0.000000 -0.000000 -1.000000 -0.000000 -0.000000 -1.000000 -0.000000 -0.000000 -1.000000 -0.000000 0.000000 -1.000000 0.003678 0.002188 -0.999991 -0.000000 -0.000000 -1.000000 -0.000000 -0.000000 -1.000000 0.005847 -0.001458 -0.999982 0.006418 -0.000003 -0.999979 0.001866 0.000003 -0.999998 -0.000000 0.000000 -1.000000 0.006798 -0.000019 -0.999977 0.003278 -0.000005 -0.999995 -0.363893 0.000053 -0.931441 -0.357972 0.000075 -0.933732 -0.353065 0.000013 -0.935599 -0.380036 0.000053 -0.924972 -0.021095 0.069796 -0.997338 -0.018347 0.069771 -0.997394 -0.013962 0.069752 -0.997467 -0.015422 0.069750 -0.997445 0.500946 -0.000049 -0.865479 0.505185 -0.000001 -0.863011 0.499340 -0.000093 -0.866406 0.510783 -0.000169 -0.859710 0.553008 0.040890 -0.832172 0.555638 0.040177 -0.830453 
						-0.039162 0.069981 -0.996779 -0.034865 0.070114 -0.996930 0.527631 -0.000604 -0.849473 0.537391 -0.000438 -0.843333 0.527243 -0.000826 -0.849714 0.519722 -0.000757 -0.854335 0.003680 -0.000128 -0.999993 -0.000000 0.000000 -1.000000 0.002771 0.000035 -0.999996 0.008681 -0.000005 -0.999962 -0.351457 0.000829 -0.936204 -0.327257 0.000790 -0.944935 -0.372976 -0.000036 -0.927841 -0.390973 0.000335 -0.920402 -0.342821 0.000002 -0.939401 -0.333181 -0.000001 -0.942863 -0.385318 0.026035 -0.922417 -0.375242 0.017696 -0.926758 -0.118024 0.417994 -0.900751 -0.063257 0.361973 -0.930040 -0.063923 0.360215 -0.930677 -0.136225 0.414509 -0.899792 0.000000 0.000000 -1.000000 -0.000000 -0.000000 -1.000000 -0.000000 -0.000000 -1.000000 -0.000000 0.000000 -1.000000 -0.000000 -0.000000 -1.000000 -0.060306 -0.502634 -0.862394 -0.024885 -0.574699 -0.817986 -0.025278 -0.574925 -0.817815 -0.059854 -0.513682 -0.855890 -0.059849 -0.513682 -0.855891 -0.059845 -0.513681 -0.855892 -0.060314 -0.502376 -0.862543 0.679989 -0.101226 -0.726201 0.540111 0.002592 -0.841590 0.542035 0.003161 -0.840350 0.682665 -0.102077 -0.723567 0.502829 -0.000002 -0.864386 0.500205 -0.000002 -0.865907 -0.031594 0.070206 -0.997032 -0.002551 0.069759 -0.997561 -0.001320 0.069757 -0.997563 -0.033370 0.070236 -0.996972 -0.000000 -0.000000 -1.000000 -0.000000 0.000000 -1.000000 0.000000 -0.000000 -1.000000 -0.000000 -0.000000 -1.000000 0.034035 0.071062 -0.996891 0.039280 0.071315 -0.996680 -0.000001 -0.000000 -1.000000 -0.000001 -0.000000 -1.000000 -0.059391 -0.034588 -0.997635 -0.069758 -0.000759 -0.997564 -0.069757 0.001026 -0.997563 -0.060025 -0.033978 -0.997618 0.079689 0.044702 -0.995817 0.079399 0.045968 -0.995782 -0.070943 0.036009 -0.996830 -0.070944 0.036010 -0.996830 -0.046947 0.075778 -0.996019 -0.049038 0.075158 -0.995965 -0.035957 0.058039 -0.997667 -0.000525 0.069758 -0.997564 
						-0.000866 0.069755 -0.997564 -0.037013 0.056728 -0.997703 0.022643 0.069767 -0.997306 0.023230 0.069766 -0.997293 0.334440 0.065800 -0.940117 0.317662 0.066233 -0.945888 0.328122 0.065894 -0.942334 0.346888 0.065430 -0.935621 -0.006336 -0.000037 -0.999980 -0.006322 0.000026 -0.999980 -0.004388 -0.000000 -0.999990 -0.000858 -0.000000 -1.000000 -0.453394 0.062109 -0.889144 -0.509968 0.060015 -0.858097 -0.507228 0.060162 -0.859709 -0.436420 0.062668 -0.897558 -0.000595 0.000133 -1.000000 -0.000838 0.000009 -1.000000 -0.000325 -0.000301 -1.000000 0.000000 -0.000000 -1.000000 0.000016 -0.000271 -1.000000 -0.000253 -0.000874 -1.000000 -0.065797 0.333931 -0.940298 -0.066207 0.404499 -0.912139 -0.066167 0.405627 -0.911641 -0.065646 0.341113 -0.937727 -0.163553 -0.630340 -0.758896 -0.057244 -0.528935 -0.846730 -0.057410 -0.526678 -0.848124 -0.162742 -0.629778 -0.759536 0.085000 0.540399 -0.837105 0.048628 0.533323 -0.844513 -0.564328 0.022490 -0.825245 -0.574873 0.020782 -0.817979 0.343912 0.078282 -0.935733 0.340263 0.088234 -0.936181 -0.000000 -0.000000 -1.000000 -0.000002 -0.000001 -1.000000 -0.000001 -0.000001 -1.000000 0.000000 0.000000 -1.000000 0.000001 -0.000000 -1.000000 0.000002 -0.000000 -1.000000 -0.034848 0.058435 -0.997683 -0.036562 0.059020 -0.997587 -0.405322 -0.018609 -0.913985 -0.380029 -0.025725 -0.924617 0.075072 -0.426895 -0.901180 0.001505 -0.373653 -0.927568 0.001458 -0.375080 -0.926991 0.076100 -0.430671 -0.899295 0.132917 0.642380 -0.754772 -0.000697 0.557493 -0.830181 -0.057511 0.584408 -0.809420 0.000008 0.557151 -0.830411 0.135220 0.647559 -0.749922 -0.099111 -0.487360 -0.867559 -0.095521 -0.481569 -0.871187 0.000006 -0.423821 -0.905746 0.000006 -0.423819 -0.905747 -0.000003 -0.423812 -0.905750 -0.065711 0.340366 -0.937994 -0.065631 0.340401 -0.937987 -0.065681 0.340371 -0.937994 -0.066299 0.340147 -0.938032 
					</float_array>
					<technique_common>
						<accessor count="384" offset="0" source="#meshId18-tangents-array" stride="3">
							<param name="X" type="float" />
							<param name="Y" type="float" />
							<param name="Z" type="float" />
						</accessor>
					</technique_common>
				</source>
				<source id="meshId18-bitangents" name="meshId18-bitangents">
					<float_array id="meshId18-bitangents-array" count="1152"> 
						-0.860016 -0.364868 -0.356712 -0.860016 -0.364868 -0.356712 -0.860016 -0.364868 -0.356712 -0.804838 -0.455650 -0.380289 -0.804838 -0.455650 -0.380288 -0.804838 -0.455650 -0.380289 -0.903092 -0.308763 -0.298479 -0.903092 -0.308763 -0.298479 -0.903092 -0.308763 -0.298479 -0.855316 -0.362620 -0.370055 -0.855316 -0.362620 -0.370055 -0.855316 -0.362620 -0.370055 -0.901639 -0.339537 -0.267886 -0.901639 -0.339537 -0.267886 -0.901639 -0.339537 -0.267886 -0.894786 -0.343448 -0.285311 -0.894786 -0.343448 -0.285311 -0.894786 -0.343448 -0.285311 -0.858690 -0.403302 -0.316226 -0.858690 -0.403302 -0.316226 -0.858690 -0.403302 -0.316226 -0.853853 -0.432406 -0.289759 -0.853853 -0.432406 -0.289759 -0.853853 -0.432406 -0.289759 -0.858265 -0.368248 -0.357457 -0.858265 -0.368248 -0.357457 -0.858265 -0.368248 -0.357457 -0.801913 -0.461911 -0.378911 -0.801913 -0.461911 -0.378911 -0.801913 -0.461911 -0.378911 -0.902051 -0.310071 -0.300266 -0.902051 -0.310071 -0.300266 -0.902051 -0.310071 -0.300266 -0.851493 -0.367360 -0.374174 -0.851493 -0.367360 -0.374174 -0.851493 -0.367360 -0.374174 -0.902650 -0.338353 -0.265969 -0.902650 -0.338353 -0.265970 -0.902650 -0.338353 -0.265970 -0.895429 -0.342772 -0.284102 -0.895429 -0.342772 -0.284102 -0.895429 -0.342772 -0.284102 -0.858674 -0.403566 -0.315931 -0.858674 -0.403566 -0.315931 -0.858674 -0.403567 -0.315931 -0.853906 -0.432631 -0.289267 -0.853906 -0.432631 -0.289267 -0.853906 -0.432631 -0.289267 0.356100 -0.905518 -0.230717 0.446964 -0.859321 -0.248577 0.446240 -0.859484 -0.249312 0.353642 -0.906119 -0.232131 0.460378 -0.851934 -0.249519 0.460371 -0.851937 -0.249523 0.327706 -0.920126 -0.214424 0.327679 -0.920132 -0.214437 0.188648 -0.968790 -0.160806 0.189079 -0.968699 -0.160848 0.082384 -0.990304 -0.111849 0.082828 -0.990252 -0.111988 0.204071 -0.964146 -0.169641 0.204094 -0.964146 -0.169613 0.372017 -0.896923 -0.239024 0.372001 -0.896939 -0.238987 
						0.994639 -0.068860 -0.077145 0.997106 0.020552 -0.073188 0.973783 -0.221013 -0.053850 0.935947 -0.329181 -0.125075 0.932431 0.358579 -0.044648 0.962854 0.257545 -0.081133 0.397475 0.913170 0.090184 0.218812 0.974024 0.058305 0.218872 0.974008 0.058337 0.397430 0.913193 0.090159 0.031601 0.999454 0.009639 0.031971 0.999441 0.009763 -0.028375 0.999555 -0.009190 -0.028025 0.999566 -0.009084 -0.102045 0.994100 -0.036757 -0.102060 0.994099 -0.036762 -0.167398 0.983495 -0.068665 -0.167404 0.983494 -0.068667 -0.291192 0.939026 -0.182860 -0.294869 0.937504 -0.184767 -0.336082 0.893853 -0.296774 -0.345056 0.888141 -0.303549 -0.488171 0.853469 0.182429 -0.694470 0.679381 0.236965 -0.695032 0.678739 0.237158 -0.488172 0.853468 0.182429 -0.739687 0.672926 -0.005802 -0.850800 0.525482 -0.002893 -0.852432 0.522825 -0.003722 -0.740472 0.672055 -0.006611 0.906623 0.185980 0.378744 0.922747 0.176217 0.342762 0.922305 0.174657 0.344744 0.906622 0.185978 0.378746 -0.995022 0.086726 -0.049083 -0.999607 -0.024380 0.013836 -0.999798 -0.017484 0.009925 -0.994755 0.089029 -0.050371 0.798848 0.525899 -0.292014 0.782183 0.539143 -0.312273 0.784795 0.537757 -0.308082 0.798849 0.525902 -0.292005 -0.247892 -0.917178 -0.311983 -0.334087 -0.865045 -0.374277 -0.331805 -0.862047 -0.383118 -0.245746 -0.916428 -0.315861 0.184259 -0.982852 0.007065 0.135720 -0.990491 -0.022518 0.134394 -0.990680 -0.022146 0.184262 -0.982852 0.007068 0.802251 0.515846 -0.300494 0.802238 0.515861 -0.300502 0.802991 0.506867 -0.313514 0.803250 0.506595 -0.313292 0.801304 0.500993 -0.326985 0.801619 0.500691 -0.326674 0.794435 0.442452 -0.416064 0.794492 0.442413 -0.415997 0.803192 0.353047 -0.479835 0.803151 0.353090 -0.479871 0.963272 -0.212345 -0.164369 0.985035 -0.108574 -0.133860 0.974227 0.222492 0.037122 0.941574 0.332946 0.050857 
						0.974227 0.222492 0.037122 0.993450 0.114268 0.000058 0.879164 0.446500 0.166458 0.867977 0.419986 0.265007 0.867987 0.419970 0.264998 0.879171 0.446491 0.166445 0.075252 0.996282 -0.041936 0.235509 0.961504 -0.141585 0.235456 0.961519 -0.141572 0.075216 0.996286 -0.041920 0.865351 0.354035 0.354721 0.865389 0.353998 0.354666 -0.112729 0.991960 0.057504 -0.112747 0.991958 0.057510 0.308774 -0.950151 0.043269 0.132502 -0.990853 -0.025569 0.132438 -0.990860 -0.025617 0.308742 -0.950162 0.043257 0.871017 0.308852 0.382021 0.871053 0.308804 0.381977 -0.217983 0.970331 0.104602 -0.218012 0.970323 0.104615 -0.014918 -0.997111 -0.074472 -0.015519 -0.997090 -0.074637 0.885683 0.244707 0.394569 0.885682 0.244708 0.394571 -0.355833 0.921781 0.153959 -0.355831 0.921781 0.153961 0.044471 -0.997509 -0.054748 0.043922 -0.997520 -0.055000 0.118400 -0.992629 -0.025878 0.118414 -0.992627 -0.025872 0.629232 0.760927 -0.158294 0.625330 0.769423 -0.130197 0.625338 0.769419 -0.130183 0.631420 0.760215 -0.152912 0.677882 0.515901 0.523758 0.692736 0.495954 0.523590 0.692733 0.495938 0.523610 0.677221 0.513500 0.526962 0.650147 0.743980 -0.154281 0.646030 0.744337 -0.169140 0.638221 0.575052 0.511849 0.635941 0.568919 0.521450 0.621391 0.769926 -0.145214 0.621415 0.769914 -0.145175 0.656713 0.577303 0.485232 0.656697 0.577269 0.485293 0.615555 0.770703 -0.164647 0.615037 0.770925 -0.165540 0.637757 0.647830 0.416633 0.638208 0.648193 0.415375 0.611744 0.770554 -0.178930 0.611094 0.770809 -0.180049 0.633155 0.688501 0.353667 0.633707 0.688779 0.352133 0.660676 0.747871 -0.064783 0.660570 0.747948 -0.064961 0.634921 0.626827 0.451622 0.634992 0.626847 0.451495 0.724373 0.687727 0.048124 0.724345 0.687759 0.048078 0.654156 0.513513 0.555323 0.654141 0.513477 0.555375 
						0.044768 -0.997197 -0.059944 0.042247 -0.997320 -0.059729 0.749314 -0.655719 -0.092521 0.749314 -0.655719 -0.092521 0.498033 -0.862720 -0.087617 0.510202 -0.855538 -0.088028 0.749314 -0.655720 -0.092521 0.749314 -0.655720 -0.092520 0.749314 -0.655720 -0.092523 0.749314 -0.655720 -0.092523 0.749314 -0.655719 -0.092520 0.749314 -0.655719 -0.092520 0.987271 0.142578 -0.070477 0.987271 0.142578 -0.070477 0.987271 0.142577 -0.070477 0.987271 0.142577 -0.070477 0.335107 0.942180 -0.000000 0.343518 0.939145 -0.001320 0.291089 0.956696 -0.000000 0.291090 0.956696 -0.000000 -0.251946 -0.953468 -0.165598 -0.642351 -0.706930 -0.296034 -0.636317 -0.712914 -0.294710 -0.260185 -0.951063 -0.166684 -0.330397 -0.940943 -0.073925 -0.332624 -0.940153 -0.073986 -0.291944 -0.953651 -0.072934 -0.291944 -0.953650 -0.072936 -0.293626 -0.952046 0.085984 -0.311323 -0.945501 0.095423 -0.620294 -0.742678 0.252318 -0.634371 -0.728388 0.258889 -0.823647 -0.505195 -0.257648 -0.971597 0.203784 0.120298 -0.974603 0.193705 0.112370 -0.833570 -0.493508 -0.248215 -0.990654 -0.136401 0.000000 -0.990654 -0.136401 0.000000 -0.990654 -0.136401 0.000000 -0.990654 -0.136401 0.000000 -0.752543 0.658543 0.000000 -0.511317 0.859392 0.000000 -0.532877 0.846193 0.000000 -0.752543 0.658543 0.000000 -0.511297 0.859394 -0.004243 -0.150740 0.988573 -0.000971 -0.178038 0.984024 -0.000329 -0.532877 0.846193 0.000000 -0.243049 0.970012 -0.001671 -0.199189 0.979961 -0.000658 -0.170859 0.983028 0.066806 -0.206644 0.975197 0.079301 -0.135935 0.989388 0.051311 -0.162074 0.984526 0.066647 0.232205 -0.969939 -0.072790 0.228834 -0.970790 -0.072120 0.161895 -0.984244 -0.071093 0.153222 -0.985617 -0.071292 -0.257503 0.954705 -0.149098 -0.268506 0.950368 -0.157178 -0.181492 0.977802 -0.104705 -0.213298 0.968708 -0.126918 -0.393169 0.893401 -0.217376 -0.387054 0.896497 -0.215597 
						0.467004 -0.880613 -0.080173 0.443883 -0.892657 -0.078305 -0.331317 0.920657 -0.206445 -0.342954 0.913464 -0.219012 -0.284923 0.941933 -0.177709 -0.261651 0.951806 -0.160015 -0.425999 0.904722 -0.001684 -0.399803 0.916601 0.000000 -0.435855 0.900016 -0.001176 -0.461178 0.887298 -0.004008 -0.380972 0.913331 0.143828 -0.388595 0.911414 0.135344 -0.414414 0.894719 0.166552 -0.377915 0.911758 0.160865 0.006544 0.999976 -0.002386 -0.010756 0.999935 0.003800 0.485203 0.855984 -0.178522 0.440045 0.883369 -0.161306 0.608245 0.747440 0.267153 0.858945 0.494240 0.133938 0.866521 0.482638 0.127287 0.562040 0.780280 0.274363 -0.972475 -0.233006 -0.000000 -0.972477 -0.232999 0.000000 -0.999839 0.017947 0.000000 -0.999933 -0.011577 0.000000 -0.972475 -0.233005 0.000000 0.998140 -0.022596 -0.056629 0.900959 0.341670 -0.267459 0.902664 0.338434 -0.265820 0.977419 0.143914 -0.154727 0.977418 0.143922 -0.154725 0.977418 0.143926 -0.154723 0.998134 -0.022066 -0.056943 0.591575 0.660886 0.461809 0.285176 0.940272 0.185914 0.306781 0.930233 0.201376 0.591109 0.659285 0.464686 -0.009956 0.999934 -0.005793 -0.010194 0.999931 -0.005892 0.409160 -0.909209 -0.076988 0.036452 -0.996894 -0.069806 0.018877 -0.997384 -0.069770 0.427844 -0.900502 -0.077760 0.438703 0.898632 -0.000000 -0.022485 0.999747 0.000000 -0.015626 0.999878 -0.000000 0.481078 0.876678 -0.000001 -0.430619 -0.899088 -0.078792 -0.480851 -0.873014 -0.081417 0.870244 0.492621 -0.000001 0.864138 0.503255 -0.000001 0.862095 0.502065 -0.068729 0.997505 0.010847 -0.069762 0.997456 -0.014675 -0.069765 0.868172 0.491448 -0.068975 -0.868501 -0.487194 -0.091371 -0.861773 -0.498929 -0.091746 0.888881 -0.451177 -0.079559 0.888881 -0.451177 -0.079560 0.524561 -0.846693 -0.089142 0.544238 -0.834117 -0.089741 0.525429 -0.848094 -0.068275 0.007501 -0.997536 -0.069760 
						0.012380 -0.997487 -0.069761 0.545188 -0.835573 -0.067735 -0.307866 -0.948598 -0.073349 -0.315058 -0.946220 -0.073532 -0.235161 -0.960177 -0.150861 -0.244961 -0.957961 -0.149345 -0.018068 -0.996944 -0.076004 -0.047538 -0.995055 -0.087211 0.320156 0.947362 -0.002064 0.311856 0.950127 -0.001947 -0.003362 0.999994 0.000015 -0.026154 0.999658 0.000022 -0.317083 -0.943549 0.095778 -0.095807 -0.995319 -0.012674 -0.082731 -0.996353 -0.020913 -0.308179 -0.947641 0.083681 -0.528107 0.849178 0.000427 -0.552026 0.833827 0.000470 -0.528107 0.849178 -0.000084 -0.893145 0.449768 -0.000000 -0.893584 0.448896 -0.000136 -0.552026 0.833827 -0.000589 0.993949 0.105000 -0.032262 0.902795 -0.365031 -0.227407 0.904736 -0.360918 -0.226253 0.997160 0.057200 -0.048999 0.632737 -0.657218 0.409522 0.918623 -0.360038 0.162804 0.919976 -0.357855 0.159951 0.646624 -0.649518 0.400005 0.522754 -0.739416 -0.424254 0.574569 -0.706548 -0.413111 0.329606 -0.910361 -0.250204 0.337829 -0.904467 -0.260404 0.402767 -0.912490 0.071692 0.465527 -0.880828 0.086183 -0.972477 -0.233001 0.000000 -0.972477 -0.233001 0.000002 -0.865423 -0.501042 0.000001 -0.872149 -0.489241 -0.000000 -0.972477 -0.233001 -0.000001 -0.972477 -0.233001 -0.000002 0.511003 -0.856882 -0.068037 0.498784 -0.863944 -0.069394 -0.449259 0.874787 0.181421 -0.440631 0.883939 0.156512 -0.797948 -0.567707 0.202454 -0.963290 0.248474 -0.101656 -0.964134 0.245509 -0.100854 -0.793678 -0.572103 0.206817 -0.665382 0.622242 0.412410 -0.859777 0.423614 0.285192 -0.857824 0.385828 0.339521 -0.859776 0.424071 0.284515 -0.663521 0.621280 0.416835 -0.596906 0.726691 -0.340035 -0.573980 0.741689 -0.347052 -0.783686 0.562608 -0.263264 -0.783676 0.562621 -0.263267 -0.783674 0.562628 -0.263258 0.937265 0.343586 0.059016 0.937268 0.343562 0.059100 0.937269 0.343571 0.059042 0.937225 0.343797 0.058425 
					</float_array>
					<technique_common>
						<accessor count="384" offset="0" source="#meshId18-bitangents-array" stride="3">
							<param name="X" type="float" />
							<param name="Y" type="float" />
							<param name="Z" type="float" />
						</accessor>
					</technique_common>
				</source>
				<source id="meshId18-tex0" name="meshId18-tex0">
					<float_array id="meshId18-tex0-array" count="768"> 
						0.331763 0.598220 0.332398 0.595626 0.333225 0.596616 0.333225 0.596616 0.332844 0.598497 0.331763 0.598220 0.332398 0.595626 0.334987 0.595203 0.335093 0.596336 0.335093 0.596336 0.333225 0.596616 0.332398 0.595626 0.334987 0.595203 0.338028 0.597169 0.337353 0.597821 0.337353 0.597821 0.335093 0.596336 0.334987 0.595203 0.338028 0.597169 0.339761 0.600392 0.338681 0.600201 0.338681 0.600201 0.337353 0.597821 0.338028 0.597169 0.339761 0.600392 0.339185 0.603010 0.338300 0.602081 0.338300 0.602081 0.338681 0.600201 0.339761 0.600392 0.339185 0.603010 0.336597 0.603491 0.336432 0.602361 0.336432 0.602361 0.338300 0.602081 0.339185 0.603010 0.336597 0.603491 0.333496 0.601501 0.334172 0.600876 0.334172 0.600876 0.336432 0.602361 0.336597 0.603491 0.333496 0.601501 0.331763 0.598220 0.332844 0.598497 0.332844 0.598497 0.334172 0.600876 0.333496 0.601501 0.779450 0.847398 0.783082 0.853163 0.778405 0.854522 0.776476 0.848345 0.785816 0.857988 0.781043 0.859179 0.788049 0.863345 0.783198 0.864349 0.789727 0.869137 0.784817 0.869939 0.790806 0.875518 0.785903 0.876155 0.796677 0.925099 0.791795 0.925680 0.797394 0.929614 0.793831 0.930097 
						0.503169 0.644927 0.497531 0.645034 0.499019 0.641222 0.502681 0.639539 0.502916 0.650263 0.499185 0.648769 0.176187 0.528749 0.175507 0.533279 0.170276 0.532283 0.172368 0.527961 0.166072 0.582916 0.160897 0.581733 0.164180 0.590619 0.159165 0.588883 0.161448 0.598063 0.156691 0.595622 0.158029 0.604882 0.153595 0.601797 0.154005 0.610956 0.149950 0.607298 0.150008 0.614622 0.147580 0.612012 0.162628 0.606365 0.158501 0.612594 0.154005 0.610956 0.158029 0.604882 0.344045 0.591781 0.338028 0.597169 0.334987 0.595203 0.339250 0.588822 0.768543 0.812012 0.775218 0.811546 0.774476 0.816547 0.767398 0.817041 0.346509 0.596946 0.339761 0.600392 0.338028 0.597169 0.344045 0.591781 0.767713 0.806751 0.773641 0.806338 0.775218 0.811546 0.768543 0.812012 0.787378 0.849752 0.782050 0.844929 0.782766 0.842409 0.788821 0.846314 0.785816 0.857988 0.783082 0.853163 0.787378 0.849752 0.790455 0.855185 0.761540 0.811434 0.761494 0.806239 0.754340 0.809805 0.755102 0.804793 0.747256 0.807155 0.748625 0.802350 0.701723 0.786852 0.703291 0.782126 0.697188 0.785030 0.698277 0.781548 0.506435 0.641034 0.508067 0.644768 0.506601 0.648582 0.502916 0.650263 
						0.503169 0.644927 0.508067 0.644768 0.697188 0.785030 0.701723 0.786852 0.699263 0.791618 0.695329 0.788495 0.175507 0.533279 0.176187 0.528749 0.179737 0.529364 0.180346 0.534201 0.747256 0.807155 0.744915 0.811947 0.166072 0.582916 0.170880 0.583884 0.797394 0.929614 0.796677 0.925099 0.801952 0.924472 0.801264 0.929213 0.754340 0.809805 0.752335 0.814700 0.164180 0.590619 0.168936 0.591737 0.790806 0.875518 0.796051 0.874697 0.761540 0.811434 0.759970 0.816428 0.161448 0.598063 0.166134 0.599371 0.789727 0.869137 0.794860 0.867742 0.788049 0.863345 0.792969 0.861218 0.292797 0.363666 0.298060 0.361955 0.299223 0.367171 0.293240 0.369117 0.290208 0.359188 0.295072 0.357606 0.298060 0.361955 0.292797 0.363666 0.285952 0.368697 0.286009 0.365102 0.284518 0.362174 0.286009 0.365102 0.303251 0.359343 0.305125 0.364201 0.299869 0.355192 0.303251 0.359343 0.308265 0.355865 0.310827 0.360245 0.304501 0.351978 0.308265 0.355865 0.313101 0.351406 0.316167 0.355363 0.309086 0.347786 0.313101 0.351406 0.347614 0.315619 0.350852 0.319430 0.343530 0.312107 0.347614 0.315619 0.350387 0.312487 0.352792 0.315235 0.347434 0.309876 0.350387 0.312487 
						0.779450 0.847398 0.782050 0.844929 0.369498 0.755472 0.410428 0.758334 0.409878 0.766194 0.304804 0.758847 0.307227 0.751118 0.375696 0.745661 0.310079 0.741073 0.311434 0.736750 0.411883 0.743774 0.411576 0.748170 0.311434 0.736750 0.309876 0.715616 0.413346 0.722851 0.411883 0.743774 0.638043 0.888698 0.739366 0.888698 0.739366 0.917741 0.635380 0.917741 0.966188 0.798095 0.968407 0.766371 0.987570 0.774084 0.985497 0.803730 0.966188 0.798095 0.895913 0.793181 0.895338 0.761261 0.968407 0.766371 0.895913 0.793181 0.882070 0.796498 0.881425 0.766661 0.895338 0.761261 0.152672 0.040671 0.155729 0.019491 0.169020 0.017283 0.165963 0.045769 0.238066 0.017283 0.238066 0.045769 0.165963 0.045769 0.169020 0.017283 0.169020 0.017283 0.164698 0.000500 0.238066 0.000500 0.238066 0.017283 0.891376 0.756667 0.894130 0.740256 0.966702 0.743310 0.966702 0.756667 0.885187 0.723600 0.966702 0.725636 0.966702 0.725636 0.986567 0.721291 0.986567 0.737977 0.966702 0.743310 0.613460 0.834659 0.503329 0.826957 0.513118 0.811405 0.614590 0.818500 0.872840 0.721291 0.885187 0.723600 0.894130 0.740256 0.881782 0.737977 0.891376 0.756667 0.879028 0.752904 
						0.612814 0.843898 0.502683 0.836196 0.872840 0.711750 0.885187 0.714090 0.872840 0.695707 0.885187 0.698076 0.885187 0.698076 0.966702 0.698076 0.966702 0.715108 0.885187 0.714090 0.966702 0.698076 0.989094 0.695707 0.986567 0.711750 0.966702 0.715108 0.969230 0.674044 0.989094 0.674099 0.964753 0.650253 0.984618 0.653666 0.734309 0.332198 0.730843 0.312334 0.750986 0.309930 0.754629 0.327263 0.075074 0.710544 0.184581 0.710544 0.184892 0.711343 0.071504 0.711343 0.071504 0.710544 0.657992 0.279389 0.656054 0.307104 0.643963 0.302446 0.645204 0.284688 0.645810 0.279594 0.645582 0.279292 0.645639 0.278471 0.885187 0.629396 0.885187 0.650253 0.872840 0.653666 0.872840 0.635665 0.889808 0.674044 0.877460 0.674099 0.614175 0.859605 0.612712 0.880530 0.504608 0.872970 0.501596 0.851733 0.964753 0.650253 0.969230 0.674044 0.889808 0.674044 0.885187 0.650253 0.606994 0.900014 0.498750 0.892445 0.959925 0.629396 0.885187 0.629396 0.656054 0.307104 0.657992 0.279389 0.742092 0.285270 0.730843 0.312334 0.601099 0.917118 0.497531 0.909876 0.659562 0.256942 0.743662 0.262823 0.661180 0.233800 0.745280 0.239681 0.879693 0.878805 0.884058 0.856112 
						0.956424 0.861172 0.962646 0.884606 0.888792 0.824563 0.959949 0.829539 0.959949 0.829539 0.979403 0.833096 0.976023 0.862651 0.956424 0.861172 0.735427 0.859654 0.632431 0.859654 0.632431 0.830610 0.734146 0.830610 0.888792 0.824563 0.884058 0.856112 0.872196 0.855391 0.874269 0.825744 0.629396 0.811979 0.741810 0.811979 0.071504 0.749717 0.071504 0.729839 0.184892 0.729839 0.184892 0.749809 0.742092 0.285270 0.743662 0.262823 0.763301 0.267630 0.761974 0.286606 0.661180 0.233800 0.659562 0.256942 0.646966 0.259495 0.648392 0.239100 0.745280 0.239681 0.764733 0.247141 0.879693 0.878805 0.867768 0.874193 0.962646 0.884606 0.982516 0.882217 0.326391 0.783390 0.299733 0.783391 0.299733 0.766333 0.402535 0.766333 0.406305 0.783390 0.409160 0.783390 0.511462 0.796763 0.615601 0.804045 0.966702 0.756667 0.986567 0.752904 0.238066 0.045769 0.238066 0.017283 0.257413 0.019491 0.257413 0.040671 0.164698 0.000500 0.154669 0.015041 0.154731 0.014947 0.154538 0.014492 0.152672 0.006657 0.238066 0.000500 0.257413 0.006657 0.257413 0.014492 0.257292 0.014947 0.257413 0.015041 0.759124 0.292654 0.759252 0.292331 0.761096 0.287656 0.761598 0.287404 
					</float_array>
					<technique_common>
						<accessor count="384" offset="0" source="#meshId18-tex0-array" stride="2">
							<param name="S" type="float" />
							<param name="T" type="float" />
						</accessor>
					</technique_common>
				</source>
				<vertices id="meshId18-vertices">
					<input semantic="POSITION" source="#meshId18-positions" />
				</vertices>
				<polylist count="286" material="defaultMaterial">
					<input offset="0" semantic="VERTEX" source="#meshId18-vertices" />
					<input offset="0" semantic="NORMAL" source="#meshId18-normals" />
					<input offset="0" semantic="TANGENT" source="#meshId18-tangents" />
					<input offset="0" semantic="BINORMAL" source="#meshId18-bitangents" />
					<input offset="0" semantic="TEXCOORD" source="#meshId18-tex0" set="0" />
					<vcount>
						3 3 3 3 3 3 3 3 3 3 3 3 3 3 3 3 3 3 3 3 3 3 3 3 3 3 3 3 3 3 3 3 3 3 3 3 3 3 3 3 3 3 3 3 3 3 3 3 3 3 3 3 3 3 3 3 3 3 3 3 3 3 3 3 
						3 3 3 3 3 3 3 3 3 3 3 3 3 3 3 3 3 3 3 3 3 3 3 3 3 3 3 3 3 3 3 3 3 3 3 3 3 3 3 3 3 3 3 3 3 3 3 3 3 3 3 3 3 3 3 3 3 3 3 3 3 3 3 3 
						3 3 3 3 3 3 3 3 3 3 3 3 3 3 3 3 3 3 3 3 3 3 3 3 3 3 3 3 3 3 3 3 3 3 3 3 3 3 3 3 3 3 3 3 3 3 3 3 3 3 3 3 3 3 3 3 3 3 3 3 3 3 3 3 
						3 3 3 3 3 3 3 3 3 3 3 3 3 3 3 3 3 3 3 3 3 3 3 3 3 3 3 3 3 3 3 3 3 3 3 3 3 3 3 3 3 3 3 3 3 3 3 3 3 3 3 3 3 3 3 3 3 3 3 3 3 3 3 3 
						3 3 3 3 3 3 3 3 3 3 3 3 3 3 3 3 3 3 3 3 3 3 3 3 3 3 3 3 3 3 
					</vcount>
					<p>
						0 1 2 3 4 5 6 7 8 9 10 11 12 13 14 15 16 17 18 19 20 21 22 23 24 25 26 27 28 29 30 31 32 33 34 35 36 37 38 39 40 41 42 43 44 45 46 47 48 49 50 50 51 48 49 52 53 53 50 49 52 54 55 55 53 52 54 56 57 57 55 54 56 58 59 59 57 56 58 60 61 61 59 58 60 62 63 63 61 60 64 65 66 66 67 64 64 68 69 69 65 64 70 71 72 72 73 70 71 74 75 75 72 71 74 76 77 77 75 74 76 78 79 79 77 76 78 80 81 81 79 78 80 82 83 83 81 80 82 84 85 85 83 82 86 87 88 88 89 86 90 91 92 92 93 90 94 95 96 96 97 94 98 99 100 100 101 98 102 103 104 104 105 102 106 107 108 108 109 106 110 111 112 112 113 110 105 114 115 115 102 105 
						114 116 117 117 115 114 116 118 119 119 117 116 118 120 121 121 119 118 120 122 123 123 121 120 64 67 124 124 125 64 126 127 128 128 129 126 130 131 132 132 133 130 134 135 136 136 137 134 131 138 139 139 132 131 140 134 137 137 141 140 142 143 144 144 145 142 138 146 147 147 139 138 148 140 141 141 149 148 143 150 151 151 144 143 146 152 153 153 147 146 154 148 149 149 155 154 150 156 157 157 151 150 152 94 97 97 153 152 156 158 159 159 157 156 158 110 113 113 159 158 89 154 155 155 86 89 160 161 162 162 163 160 164 165 166 166 167 164 163 168 169 169 160 163 170 164 167 167 171 170 161 172 173 173 162 161 165 174 175 175 166 165 172 176 177 177 173 172 174 178 179 179 175 174 176 180 181 181 177 176 178 182 183 183 179 178 180 184 185 185 181 180 
						182 186 187 187 183 182 184 188 189 189 185 184 186 190 191 191 187 186 111 192 193 193 112 111 194 195 196 194 196 197 194 197 198 199 200 201 199 201 202 199 202 203 204 205 206 206 207 204 208 209 210 210 211 208 212 213 214 214 215 212 216 217 218 218 219 216 220 221 222 222 223 220 224 225 226 226 227 224 228 229 230 230 231 228 232 233 234 234 235 232 236 237 238 238 239 236 240 241 238 238 237 240 242 243 244 244 245 242 246 247 248 248 249 246 250 251 252 252 253 250 252 254 255 255 253 252 256 257 247 247 246 256 258 259 251 251 250 258 260 261 259 259 258 260 262 263 264 264 265 262 266 267 268 268 269 266 266 270 271 271 267 266 270 272 273 273 271 270 274 275 276 276 277 274 278 279 280 278 280 281 278 281 282 283 284 285 283 285 286 283 286 287 
						283 287 288 283 288 289 290 291 292 292 293 290 291 294 295 295 292 291 294 261 260 260 295 294 296 297 298 298 299 296 300 301 302 302 303 300 297 304 305 305 298 297 306 300 303 303 307 306 308 309 310 310 311 308 304 312 313 313 305 304 309 314 315 315 310 309 314 316 317 317 315 314 318 319 320 320 321 318 322 323 320 320 319 322 324 325 326 326 327 324 328 329 330 330 331 328 332 333 334 334 335 332 221 220 332 332 335 221 209 208 329 329 328 209 330 336 337 337 331 330 338 339 340 340 341 338 339 281 280 280 340 339 342 343 344 344 345 342 346 347 348 348 349 346 343 350 351 351 344 343 333 352 353 353 334 333 354 327 326 326 355 354 324 212 215 215 325 324 217 216 323 323 322 217 347 283 289 289 348 347 356 357 358 356 358 359 360 356 359 360 359 361 
						301 263 262 262 302 301 241 240 265 265 264 241 257 256 296 296 299 257 243 242 269 269 268 243 248 362 363 363 249 248 364 245 244 244 365 364 366 367 368 368 369 366 370 226 225 370 225 371 370 371 372 370 372 373 370 373 374 367 375 376 367 376 377 367 377 378 367 378 379 367 379 368 380 276 275 381 380 275 382 381 275 275 342 345 382 275 345 382 345 383 
					</p>
				</polylist>
			</mesh>
		</geometry>
	</library_geometries>
	<library_visual_scenes>
		<visual_scene id="RootNode" name="RootNode">
			<node id="Group001" name="Group001">
				<matrix>1.000000 0.000000 0.000000 1.791981 0.000000 0.000000 1.000000 32.226406 0.000000 -1.000000 0.000000 -18.571457 0.000000 0.000000 0.000000 1.000000</matrix>
				<node id="Cylinder009" name="Cylinder009">
					<matrix>-0.000000 -0.000000 -1.000000 1.943980 -1.000000 0.000000 0.000000 -69.712204 0.000000 1.000000 -0.000000 -22.140438 0.000000 0.000000 0.000000 1.000000</matrix>
					<instance_geometry url="#meshId0">
						<bind_material>
							<technique_common>
								<instance_material symbol="defaultMaterial" target="#metal" />
							</technique_common>
						</bind_material>
					</instance_geometry>
				</node>
				<node id="Cylinder001" name="Cylinder001">
					<matrix>1.000000 0.000000 0.000000 -1.791981 0.000000 -0.000000 -1.000000 49.038208 0.000000 1.000000 -0.000000 -9.703686 0.000000 0.000000 0.000000 1.000000</matrix>
					<instance_geometry url="#meshId1">
						<bind_material>
							<technique_common>
								<instance_material symbol="defaultMaterial" target="#pipe" />
							</technique_common>
						</bind_material>
					</instance_geometry>
					<instance_geometry url="#meshId2">
						<bind_material>
							<technique_common>
								<instance_material symbol="defaultMaterial" target="#valves" />
							</technique_common>
						</bind_material>
					</instance_geometry>
					<instance_geometry url="#meshId3">
						<bind_material>
							<technique_common>
								<instance_material symbol="defaultMaterial" target="#metal" />
							</technique_common>
						</bind_material>
					</instance_geometry>
					<instance_geometry url="#meshId4">
						<bind_material>
							<technique_common>
								<instance_material symbol="defaultMaterial" target="#wud" />
							</technique_common>
						</bind_material>
					</instance_geometry>
					<instance_geometry url="#meshId5">
						<bind_material>
							<technique_common>
								<instance_material symbol="defaultMaterial" target="#fire" />
							</technique_common>
						</bind_material>
					</instance_geometry>
					<instance_geometry url="#meshId6">
						<bind_material>
							<technique_common>
								<instance_material symbol="defaultMaterial" target="#metal" />
							</technique_common>
						</bind_material>
					</instance_geometry>
					<instance_geometry url="#meshId7">
						<bind_material>
							<technique_common>
								<instance_material symbol="defaultMaterial" target="#metal" />
							</technique_common>
						</bind_material>
					</instance_geometry>
					<instance_geometry url="#meshId8">
						<bind_material>
							<technique_common>
								<instance_material symbol="defaultMaterial" target="#valves" />
							</technique_common>
						</bind_material>
					</instance_geometry>
					<instance_geometry url="#meshId9">
						<bind_material>
							<technique_common>
								<instance_material symbol="defaultMaterial" target="#as" />
							</technique_common>
						</bind_material>
					</instance_geometry>
					<instance_geometry url="#meshId10">
						<bind_material>
							<technique_common>
								<instance_material symbol="defaultMaterial" target="#pad" />
							</technique_common>
						</bind_material>
					</instance_geometry>
					<instance_geometry url="#meshId11">
						<bind_material>
							<technique_common>
								<instance_material symbol="defaultMaterial" target="#mine" />
							</technique_common>
						</bind_material>
					</instance_geometry>
					<instance_geometry url="#meshId12">
						<bind_material>
							<technique_common>
								<instance_material symbol="defaultMaterial" target="#metal" />
							</technique_common>
						</bind_material>
					</instance_geometry>
					<instance_geometry url="#meshId13">
						<bind_material>
							<technique_common>
								<instance_material symbol="defaultMaterial" target="#fire" />
							</technique_common>
						</bind_material>
					</instance_geometry>
					<instance_geometry url="#meshId14">
						<bind_material>
							<technique_common>
								<instance_material symbol="defaultMaterial" target="#valves" />
							</technique_common>
						</bind_material>
					</instance_geometry>
					<instance_geometry url="#meshId15">
						<bind_material>
							<technique_common>
								<instance_material symbol="defaultMaterial" target="#fire" />
							</technique_common>
						</bind_material>
					</instance_geometry>
					<instance_geometry url="#meshId16">
						<bind_material>
							<technique_common>
								<instance_material symbol="defaultMaterial" target="#metal" />
							</technique_common>
						</bind_material>
					</instance_geometry>
					<instance_geometry url="#meshId17">
						<bind_material>
							<technique_common>
								<instance_material symbol="defaultMaterial" target="#metal" />
							</technique_common>
						</bind_material>
					</instance_geometry>
					<instance_geometry url="#meshId18">
						<bind_material>
							<technique_common>
								<instance_material symbol="defaultMaterial" target="#tape" />
							</technique_common>
						</bind_material>
					</instance_geometry>
				</node>
			</node>
		</visual_scene>
	</library_visual_scenes>
	<scene>
		<instance_visual_scene url="#RootNode" />
	</scene>
</COLLADA>
